take,renderer,metric,own,best_transposed,rank_vs_transposed,best_other,rank_vs_other,best_same_len,rank_vs_same_len,n_same_len
2026-04-14-a3-c4-tenor-noisefloor,sampled,m1_raw,0.2710555255773251,0.1777765190328219,1,0.117142989603998,1,0.084726039312413,1.0,19
2026-04-14-a3-c4-tenor-noisefloor,sampled,m2_env,0.7697253469230587,0.855714122610694,8,0.7886694397982703,2,0.7886694397982703,2.0,19
2026-04-14-a3-c4-tenor-noisefloor,sampled,m2_env_at,0.0,0.5477293754833438,11,0.682450254019917,42,0.682450254019917,20.0,19
2026-04-14-a3-c4-tenor-noisefloor,sampled,m3_chroma,0.8719996213912964,0.4212554097175598,1,0.5636966228485107,1,0.3744080364704132,1.0,19
2026-04-14-a3-c4-tenor-noisefloor,sampled,m3_chroma_dtw,0.9813796281814576,0.9802443981170654,1,0.7451475262641907,1,0.735532820224762,1.0,19
2026-04-14-a3-c4-tenor-noisefloor,sampled,m4_cqt,0.7719442844390869,0.3710148334503174,1,0.4733128845691681,1,0.3167535960674286,1.0,19
2026-04-14-a3-c4-tenor-noisefloor,sampled,m4_cqt_dtw,0.9103025197982788,0.932589590549469,2,0.8772518634796143,1,0.6603608727455139,1.0,19
2026-04-14-a3-c4-tenor-noisefloor,sampled,m5_cover,0.5894530703594908,0.3096774193548386,1,0.6156552330694811,2,0.2845542806707855,1.0,19
2026-04-14-a3-c4-tenor-noisefloor,sampled,m5_cover_strict,0.5894530703594908,0.3096774193548386,1,0.6156552330694811,2,0.2845542806707855,1.0,19
2026-04-14-a3-c4-tenor-noisefloor,synthetic,m1_raw,0.332778624651924,0.1932596116634177,1,0.1565322835174611,1,0.1087004608532959,1.0,19
2026-04-14-a3-c4-tenor-noisefloor,synthetic,m2_env,0.7316126079117317,0.7477170442047466,3,0.8582319449367496,8,0.781555379475699,6.0,19
2026-04-14-a3-c4-tenor-noisefloor,synthetic,m2_env_at,0.0,0.4383467564111428,11,0.5482764446623333,42,0.3847549678136213,20.0,19
2026-04-14-a3-c4-tenor-noisefloor,synthetic,m3_chroma,0.8422518968582153,0.4250433444976806,1,0.5518928170204163,1,0.3522882461547851,1.0,19
2026-04-14-a3-c4-tenor-noisefloor,synthetic,m3_chroma_dtw,0.9774801135063172,0.9765695333480836,1,0.7352316379547119,1,0.7352316379547119,1.0,19
2026-04-14-a3-c4-tenor-noisefloor,synthetic,m4_cqt,0.738167405128479,0.3558361530303955,1,0.4648640155792236,1,0.3106688261032104,1.0,19
2026-04-14-a3-c4-tenor-noisefloor,synthetic,m4_cqt_dtw,0.8983549475669861,0.945391058921814,2,0.9132159352302552,2,0.6731008291244507,1.0,19
2026-04-14-a3-c4-tenor-noisefloor,synthetic,m5_cover,0.5894530703594908,0.3096774193548386,1,0.6156552330694811,2,0.2845542806707855,1.0,19
2026-04-14-a3-c4-tenor-noisefloor,synthetic,m5_cover_strict,0.5894530703594908,0.3096774193548386,1,0.6156552330694811,2,0.2845542806707855,1.0,19
2026-04-14-a4-c5-tenor-sax,sampled,m1_raw,0.2628405151324777,0.208517732226209,1,0.1900680330144223,1,0.1008820442918285,1.0,19
2026-04-14-a4-c5-tenor-sax,sampled,m2_env,0.786450106626928,0.8406389678184678,2,0.7707443869388171,1,0.7707443869388171,1.0,19
2026-04-14-a4-c5-tenor-sax,sampled,m2_env_at,0.0,0.4765372433126479,11,0.6564876669932449,42,0.6504018491902118,20.0,19
2026-04-14-a4-c5-tenor-sax,sampled,m3_chroma,0.8649769425392151,0.417364090681076,1,0.541240930557251,1,0.3746316730976105,1.0,19
2026-04-14-a4-c5-tenor-sax,sampled,m3_chroma_dtw,0.9697214365005492,0.9455085396766664,1,0.7391740083694458,1,0.7330541014671326,1.0,19
2026-04-14-a4-c5-tenor-sax,sampled,m4_cqt,0.797132670879364,0.4259164929389953,1,0.4458546638488769,1,0.287806749343872,1.0,19
2026-04-14-a4-c5-tenor-sax,sampled,m4_cqt_dtw,0.9429506063461304,0.9731296300888062,2,0.7689886093139648,1,0.7531251311302185,1.0,19
2026-04-14-a4-c5-tenor-sax,sampled,m5_cover,0.3625730994152046,0.3188619082658818,1,0.5766320063988186,3,0.2819660661185936,1.0,19
2026-04-14-a4-c5-tenor-sax,sampled,m5_cover_strict,0.3625730994152046,0.3188619082658818,1,0.5766320063988186,3,0.2819660661185936,1.0,19
2026-04-14-a4-c5-tenor-sax,synthetic,m1_raw,0.2946992830335607,0.2571207897961159,1,0.1811699987591687,1,0.1354279925152244,1.0,19
2026-04-14-a4-c5-tenor-sax,synthetic,m2_env,0.6203648542762396,0.6236028308524104,3,0.9014346819844188,21,0.7726353371758915,12.0,19
2026-04-14-a4-c5-tenor-sax,synthetic,m2_env_at,0.138495363281053,0.5726468714066766,5,0.553856365672889,11,0.4006634235550256,3.0,19
2026-04-14-a4-c5-tenor-sax,synthetic,m3_chroma,0.8373315334320068,0.4172449111938476,1,0.5309407114982605,1,0.3370537757873535,1.0,19
2026-04-14-a4-c5-tenor-sax,synthetic,m3_chroma_dtw,0.9660359621047974,0.9365299940109252,1,0.7574743032455444,1,0.7574743032455444,1.0,19
2026-04-14-a4-c5-tenor-sax,synthetic,m4_cqt,0.7653152346611023,0.4185391068458557,1,0.4365766942501068,1,0.2764618992805481,1.0,19
2026-04-14-a4-c5-tenor-sax,synthetic,m4_cqt_dtw,0.931521475315094,0.9807934761047364,2,0.7735027074813843,1,0.7698552012443542,1.0,19
2026-04-14-a4-c5-tenor-sax,synthetic,m5_cover,0.3625730994152046,0.3229813664596273,1,0.5766320063988186,3,0.2819660661185936,1.0,19
2026-04-14-a4-c5-tenor-sax,synthetic,m5_cover_strict,0.3625730994152046,0.3229813664596273,1,0.5766320063988186,3,0.2819660661185936,1.0,19
2026-04-19-upper-neighbor-on-root,sampled,m1_raw,0.2639070531290529,0.1921600974961625,1,0.284259126274236,3,0.2712664922841729,2.0,32
2026-04-19-upper-neighbor-on-root,sampled,m2_env,0.6738037290157455,0.680289468703549,3,0.747628921467172,4,0.747628921467172,4.0,32
2026-04-19-upper-neighbor-on-root,sampled,m2_env_at,0.0,0.2078205710509914,11,0.170978433437369,42,0.1343951923887891,33.0,32
2026-04-19-upper-neighbor-on-root,sampled,m3_chroma,0.8052404522895813,0.5696085095405579,1,0.8853619694709778,2,0.8853619694709778,2.0,32
2026-04-19-upper-neighbor-on-root,sampled,m3_chroma_dtw,0.9690971970558168,0.6409599781036377,1,0.9743101000785828,3,0.9743101000785828,3.0,32
2026-04-19-upper-neighbor-on-root,sampled,m4_cqt,0.7664291858673096,0.5363483428955078,1,0.8592162728309631,2,0.8592162728309631,2.0,32
2026-04-19-upper-neighbor-on-root,sampled,m4_cqt_dtw,0.9388149976730348,0.6592621803283691,1,0.9554949998855592,3,0.9554949998855592,3.0,32
2026-04-19-upper-neighbor-on-root,sampled,m5_cover,0.7911357340720222,0.3151515151515152,1,0.8315970921082215,2,0.8315970921082215,2.0,32
2026-04-19-upper-neighbor-on-root,sampled,m5_cover_strict,0.7911357340720222,0.3151515151515152,1,0.8315970921082215,2,0.8315970921082215,2.0,32
2026-04-19-upper-neighbor-on-root,synthetic,m1_raw,0.2909969948683497,0.1793104028868967,1,0.216448109716671,1,0.216448109716671,1.0,32
2026-04-19-upper-neighbor-on-root,synthetic,m2_env,0.7818821343135709,0.8015535338555031,2,0.8622347567373417,3,0.8622347567373417,3.0,32
2026-04-19-upper-neighbor-on-root,synthetic,m2_env_at,0.0,0.2783920746409533,11,0.1936535018557715,42,0.1936535018557715,33.0,32
2026-04-19-upper-neighbor-on-root,synthetic,m3_chroma,0.802204430103302,0.5449896454811096,1,0.8747735023498535,2,0.8747735023498535,2.0,32
2026-04-19-upper-neighbor-on-root,synthetic,m3_chroma_dtw,0.9703086018562316,0.606846809387207,1,0.9746881723403932,2,0.9746881723403932,2.0,32
2026-04-19-upper-neighbor-on-root,synthetic,m4_cqt,0.7654687762260437,0.5375986695289612,1,0.8435651063919067,2,0.8435651063919067,2.0,32
2026-04-19-upper-neighbor-on-root,synthetic,m4_cqt_dtw,0.9363875985145568,0.6469684839248657,1,0.9444968700408936,2,0.9444968700408936,2.0,32
2026-04-19-upper-neighbor-on-root,synthetic,m5_cover,0.7789967182372246,0.3151515151515152,1,0.8315970921082215,2,0.8315970921082215,2.0,32
2026-04-19-upper-neighbor-on-root,synthetic,m5_cover_strict,0.7789967182372246,0.3151515151515152,1,0.8315970921082215,2,0.8315970921082215,2.0,32
2026-05-07-locrian-descent,sampled,m1_raw,0.2658650997223521,0.1971264260857946,1,0.1902537476493732,1,0.1224485707602617,1.0,2
2026-05-07-locrian-descent,sampled,m2_env,0.5613638358647647,0.5508137973191822,1,0.7660840254858758,6,0.5312768758807331,1.0,2
2026-05-07-locrian-descent,sampled,m2_env_at,0.1696124697436458,0.0688558963699374,1,0.1743544233765915,2,0.0066615967028072,1.0,2
2026-05-07-locrian-descent,sampled,m3_chroma,0.7249166369438171,0.5019590258598328,1,0.7225682735443115,1,0.3553305566310882,1.0,2
2026-05-07-locrian-descent,sampled,m3_chroma_dtw,0.9262247085571288,0.6695740222930908,1,0.8858199119567871,1,0.5138309597969055,1.0,2
2026-05-07-locrian-descent,sampled,m4_cqt,0.65146803855896,0.4616076648235321,1,0.6531119346618652,2,0.2553727030754089,1.0,2
2026-05-07-locrian-descent,sampled,m4_cqt_dtw,0.8871533870697021,0.6135223507881165,1,0.767331600189209,1,0.4084318876266479,1.0,2
2026-05-07-locrian-descent,sampled,m5_cover,0.5803146725210391,0.2615228426395939,1,0.4851485148514852,1,0.1275626423690205,1.0,2
2026-05-07-locrian-descent,sampled,m5_cover_strict,0.5803146725210391,0.2615228426395939,1,0.4851485148514852,1,0.1275626423690205,1.0,2
2026-05-07-locrian-descent,synthetic,m1_raw,0.2035372248630889,0.1501021697473087,1,0.1738068355465028,1,0.0999880241605542,1.0,2
2026-05-07-locrian-descent,synthetic,m2_env,0.49660863974902,0.5074540497326486,5,0.8803322765628468,32,0.4093481521979009,1.0,2
2026-05-07-locrian-descent,synthetic,m2_env_at,0.2271359031414308,0.0268895407181971,1,0.237074602209401,2,0.0208952186726987,1.0,2
2026-05-07-locrian-descent,synthetic,m3_chroma,0.7242472171783447,0.4863570034503937,1,0.7085809111595154,1,0.3507002294063568,1.0,2
2026-05-07-locrian-descent,synthetic,m3_chroma_dtw,0.918104648590088,0.646051287651062,1,0.8863454461097717,1,0.4858655929565429,1.0,2
2026-05-07-locrian-descent,synthetic,m4_cqt,0.6592434048652649,0.4653129577636719,1,0.6447667479515076,1,0.2556078732013702,1.0,2
2026-05-07-locrian-descent,synthetic,m4_cqt_dtw,0.8730467557907104,0.6388562917709351,1,0.7521905899047852,1,0.4067146182060241,1.0,2
2026-05-07-locrian-descent,synthetic,m5_cover,0.5808568824065633,0.2775447960350743,1,0.4875621890547263,1,0.1411764705882353,1.0,2
2026-05-07-locrian-descent,synthetic,m5_cover_strict,0.5808568824065633,0.2775447960350743,1,0.4875621890547263,1,0.1411764705882353,1.0,2
2026-05-09-fourth-fifth-push,sampled,m1_raw,0.1108193728152081,0.0991407657741575,1,0.1384840832448106,2,0.1384840832448106,2.0,19
2026-05-09-fourth-fifth-push,sampled,m2_env,0.4296686402992798,0.4753264361082154,4,0.7836567324774951,34,0.7836567324774951,19.0,19
2026-05-09-fourth-fifth-push,sampled,m2_env_at,0.1116528694442392,0.1222882836953067,3,0.3582525592742773,10,0.3582525592742773,5.0,19
2026-05-09-fourth-fifth-push,sampled,m3_chroma,0.8597047924995422,0.5134470462799072,1,0.7525197863578796,1,0.7525197863578796,1.0,19
2026-05-09-fourth-fifth-push,sampled,m3_chroma_dtw,0.982456624507904,0.5264601707458496,1,0.9130778312683104,1,0.9130778312683104,1.0,19
2026-05-09-fourth-fifth-push,sampled,m4_cqt,0.69074946641922,0.4934857487678528,1,0.5538899302482605,1,0.5538899302482605,1.0,19
2026-05-09-fourth-fifth-push,sampled,m4_cqt_dtw,0.799697756767273,0.6384224891662598,1,0.7249526977539062,1,0.7249526977539062,1.0,19
2026-05-09-fourth-fifth-push,sampled,m5_cover,0.8639053254437871,0.2589118198874296,1,0.5966850828729282,1,0.5966850828729282,1.0,19
2026-05-09-fourth-fifth-push,sampled,m5_cover_strict,0.8639053254437871,0.2589118198874296,1,0.5966850828729282,1,0.5966850828729282,1.0,19
2026-05-09-fourth-fifth-push,synthetic,m1_raw,0.1637466900993617,0.1083689301434071,1,0.1192900020151492,1,0.1192900020151492,1.0,19
2026-05-09-fourth-fifth-push,synthetic,m2_env,0.495682320240894,0.5464237174782515,11,0.8356192690857547,34,0.8301554225193292,19.0,19
2026-05-09-fourth-fifth-push,synthetic,m2_env_at,0.3023039732778578,0.0951278294293479,1,0.3706878988366474,2,0.2830714008192305,1.0,19
2026-05-09-fourth-fifth-push,synthetic,m3_chroma,0.8540492653846741,0.485697329044342,1,0.7575841546058655,1,0.7575841546058655,1.0,19
2026-05-09-fourth-fifth-push,synthetic,m3_chroma_dtw,0.9806257486343384,0.5143899321556091,1,0.9164859652519226,1,0.9164859652519226,1.0,19
2026-05-09-fourth-fifth-push,synthetic,m4_cqt,0.6805880665779114,0.4933075308799743,1,0.5548872947692871,1,0.5548872947692871,1.0,19
2026-05-09-fourth-fifth-push,synthetic,m4_cqt_dtw,0.7882920503616333,0.6392987966537476,1,0.7151850461959839,1,0.7151850461959839,1.0,19
2026-05-09-fourth-fifth-push,synthetic,m5_cover,0.8572717701910062,0.2589118198874296,1,0.5966850828729282,1,0.5966850828729282,1.0,19
2026-05-09-fourth-fifth-push,synthetic,m5_cover_strict,0.8572717701910062,0.2589118198874296,1,0.5966850828729282,1,0.5966850828729282,1.0,19
2026-05-12-pent-1-2-3-5-half-then-eighths,sampled,m1_raw,0.0845617201201523,0.0838972648849892,1,0.0943917721941596,3,0.0943917721941596,3.0,30
2026-05-12-pent-1-2-3-5-half-then-eighths,sampled,m2_env,0.5305071300114682,0.51416214716894,1,0.7023327335182782,18,0.636369540604712,11.0,30
2026-05-12-pent-1-2-3-5-half-then-eighths,sampled,m2_env_at,0.2420733293997753,0.0731075492559912,1,0.1737869489120802,1,0.1737869489120802,1.0,30
2026-05-12-pent-1-2-3-5-half-then-eighths,sampled,m3_chroma,0.9090158939361572,0.4896994531154632,1,0.6968553066253662,1,0.6968553066253662,1.0,30
2026-05-12-pent-1-2-3-5-half-then-eighths,sampled,m3_chroma_dtw,0.9414665699005128,0.7154431343078613,1,0.9563125371932985,2,0.9563125371932985,2.0,30
2026-05-12-pent-1-2-3-5-half-then-eighths,sampled,m4_cqt,0.894027054309845,0.6775192618370056,1,0.6678997278213501,1,0.6678997278213501,1.0,30
2026-05-12-pent-1-2-3-5-half-then-eighths,sampled,m4_cqt_dtw,0.9236319661140442,0.7658344507217407,1,0.9414076209068298,2,0.9414076209068298,2.0,30
2026-05-12-pent-1-2-3-5-half-then-eighths,sampled,m5_cover,0.8872376482857516,0.2391304347826087,1,0.6302484633365076,1,0.6302484633365076,1.0,30
2026-05-12-pent-1-2-3-5-half-then-eighths,sampled,m5_cover_strict,0.8872376482857516,0.2391304347826087,1,0.6302484633365076,1,0.6302484633365076,1.0,30
2026-05-12-pent-1-2-3-5-half-then-eighths,synthetic,m1_raw,0.1271809327827441,0.106348712638776,1,0.143217359134171,2,0.143217359134171,2.0,30
2026-05-12-pent-1-2-3-5-half-then-eighths,synthetic,m2_env,0.6287577710282247,0.651276600873298,3,0.8250594446674759,23,0.8250594446674759,17.0,30
2026-05-12-pent-1-2-3-5-half-then-eighths,synthetic,m2_env_at,0.2461052570840609,0.0466406259365037,1,0.2661528883899734,2,0.2661528883899734,2.0,30
2026-05-12-pent-1-2-3-5-half-then-eighths,synthetic,m3_chroma,0.909417986869812,0.4687768816947937,1,0.6974321007728577,1,0.6974321007728577,1.0,30
2026-05-12-pent-1-2-3-5-half-then-eighths,synthetic,m3_chroma_dtw,0.9442000985145568,0.7151888012886047,1,0.9568687677383424,2,0.9568687677383424,2.0,30
2026-05-12-pent-1-2-3-5-half-then-eighths,synthetic,m4_cqt,0.9056814312934875,0.671890377998352,1,0.666662335395813,1,0.666662335395813,1.0,30
2026-05-12-pent-1-2-3-5-half-then-eighths,synthetic,m4_cqt_dtw,0.9364912509918212,0.758378267288208,1,0.9460037350654602,2,0.9460037350654602,2.0,30
2026-05-12-pent-1-2-3-5-half-then-eighths,synthetic,m5_cover,0.8598425196850392,0.2333333333333333,1,0.6210720887245841,1,0.6210720887245841,1.0,30
2026-05-12-pent-1-2-3-5-half-then-eighths,synthetic,m5_cover_strict,0.8598425196850392,0.2333333333333333,1,0.6210720887245841,1,0.6210720887245841,1.0,30
2026-05-12-pent-upper-neighbor-dotted-quart,sampled,m1_raw,0.1334218166994782,0.1550738629321726,2,0.2246143437976801,14,0.2038457139894307,10.0,32
2026-05-12-pent-upper-neighbor-dotted-quart,sampled,m2_env,0.6690770032423682,0.7077417948012159,5,0.7946984819892551,14,0.7946984819892551,14.0,32
2026-05-12-pent-upper-neighbor-dotted-quart,sampled,m2_env_at,0.1748360471155867,0.0248616438174331,1,0.2140660985880587,4,0.2140660985880587,4.0,32
2026-05-12-pent-upper-neighbor-dotted-quart,sampled,m3_chroma,0.842750072479248,0.5248010158538818,1,0.8498068451881409,2,0.8498068451881409,2.0,32
2026-05-12-pent-upper-neighbor-dotted-quart,sampled,m3_chroma_dtw,0.9219316244125366,0.6584705114364624,1,0.9276871085166932,2,0.9276871085166932,2.0,32
2026-05-12-pent-upper-neighbor-dotted-quart,sampled,m4_cqt,0.8569061160087585,0.6641949415206909,1,0.8313332796096802,1,0.8313332796096802,1.0,32
2026-05-12-pent-upper-neighbor-dotted-quart,sampled,m4_cqt_dtw,0.9324125051498412,0.8086585998535156,1,0.9351343512535096,2,0.9351343512535096,2.0,32
2026-05-12-pent-upper-neighbor-dotted-quart,sampled,m5_cover,0.8836841727135569,0.1071428571428571,1,0.736196319018405,1,0.736196319018405,1.0,32
2026-05-12-pent-upper-neighbor-dotted-quart,sampled,m5_cover_strict,0.8836841727135569,0.1071428571428571,1,0.736196319018405,1,0.736196319018405,1.0,32
2026-05-12-pent-upper-neighbor-dotted-quart,synthetic,m1_raw,0.1081228013102926,0.1050375481156832,1,0.1287989958337147,7,0.1287989958337147,4.0,32
2026-05-12-pent-upper-neighbor-dotted-quart,synthetic,m2_env,0.412666651609938,0.4352214870635955,6,0.8468608101722819,40,0.8468608101722819,32.0,32
2026-05-12-pent-upper-neighbor-dotted-quart,synthetic,m2_env_at,0.3150967232494912,0.0197952917619621,1,0.1651787723399091,1,0.1533553540260754,1.0,32
2026-05-12-pent-upper-neighbor-dotted-quart,synthetic,m3_chroma,0.8278395533561707,0.5243608951568604,1,0.841560423374176,2,0.841560423374176,2.0,32
2026-05-12-pent-upper-neighbor-dotted-quart,synthetic,m3_chroma_dtw,0.9193483591079712,0.6552183628082275,1,0.9226935505867004,2,0.9226935505867004,2.0,32
2026-05-12-pent-upper-neighbor-dotted-quart,synthetic,m4_cqt,0.8513903021812439,0.660190999507904,1,0.8359425067901611,1,0.8359425067901611,1.0,32
2026-05-12-pent-upper-neighbor-dotted-quart,synthetic,m4_cqt_dtw,0.9245563745498656,0.8026391267776489,1,0.9358308911323548,2,0.9358308911323548,2.0,32
2026-05-12-pent-upper-neighbor-dotted-quart,synthetic,m5_cover,0.859628770301624,0.1002087682672233,1,0.722043401515938,1,0.722043401515938,1.0,32
2026-05-12-pent-upper-neighbor-dotted-quart,synthetic,m5_cover_strict,0.859628770301624,0.1002087682672233,1,0.722043401515938,1,0.722043401515938,1.0,32
2026-05-13-pent-5-3-2-1-half-then-eighths,sampled,m1_raw,0.1339953075729995,0.1423751905859008,2,0.1767935695279046,3,0.1767935695279046,3.0,30
2026-05-13-pent-5-3-2-1-half-then-eighths,sampled,m2_env,0.465386359742143,0.5247879660288421,5,0.7272511355127498,30,0.652687544915774,20.0,30
2026-05-13-pent-5-3-2-1-half-then-eighths,sampled,m2_env_at,0.217731650001897,0.2047694032596267,1,0.2377788610490198,2,0.120847329678666,1.0,30
2026-05-13-pent-5-3-2-1-half-then-eighths,sampled,m3_chroma,0.8853598833084106,0.4309733211994171,1,0.6960829496383667,1,0.6960829496383667,1.0,30
2026-05-13-pent-5-3-2-1-half-then-eighths,sampled,m3_chroma_dtw,0.9805614948272704,0.6217153072357178,1,0.8341236114501953,1,0.8341236114501953,1.0,30
2026-05-13-pent-5-3-2-1-half-then-eighths,sampled,m4_cqt,0.8572216033935547,0.5087082386016846,1,0.6755104064941406,1,0.6755104064941406,1.0,30
2026-05-13-pent-5-3-2-1-half-then-eighths,sampled,m4_cqt_dtw,0.9493364691734314,0.6386444568634033,1,0.7947722673416138,1,0.7947722673416138,1.0,30
2026-05-13-pent-5-3-2-1-half-then-eighths,sampled,m5_cover,0.8921469982272053,0.1799668482121714,1,0.4915878023133543,1,0.4915878023133543,1.0,30
2026-05-13-pent-5-3-2-1-half-then-eighths,sampled,m5_cover_strict,0.8921469982272053,0.1799668482121714,1,0.4915878023133543,1,0.4915878023133543,1.0,30
2026-05-13-pent-5-3-2-1-half-then-eighths,synthetic,m1_raw,0.1414091346963212,0.1835177976584925,2,0.1451682749768436,2,0.1451682749768436,2.0,30
2026-05-13-pent-5-3-2-1-half-then-eighths,synthetic,m2_env,0.644898080164644,0.6543244233911419,4,0.9136834335160008,22,0.9136834335160008,17.0,30
2026-05-13-pent-5-3-2-1-half-then-eighths,synthetic,m2_env_at,0.2130336399868043,0.6338100775545692,2,0.1321370012371392,1,0.1169424873161628,1.0,30
2026-05-13-pent-5-3-2-1-half-then-eighths,synthetic,m3_chroma,0.8851199150085449,0.4195329844951629,1,0.6812269687652588,1,0.6812269687652588,1.0,30
2026-05-13-pent-5-3-2-1-half-then-eighths,synthetic,m3_chroma_dtw,0.9832032322883606,0.6134512424468994,1,0.8161448836326599,1,0.8161448836326599,1.0,30
2026-05-13-pent-5-3-2-1-half-then-eighths,synthetic,m4_cqt,0.8353905081748962,0.4996485114097595,1,0.6520718336105347,1,0.6520718336105347,1.0,30
2026-05-13-pent-5-3-2-1-half-then-eighths,synthetic,m4_cqt_dtw,0.915427565574646,0.6352749466896057,1,0.7601807713508606,1,0.7601807713508606,1.0,30
2026-05-13-pent-5-3-2-1-half-then-eighths,synthetic,m5_cover,0.8737469126834229,0.1751152073732718,1,0.4868735083532219,1,0.4868735083532219,1.0,30
2026-05-13-pent-5-3-2-1-half-then-eighths,synthetic,m5_cover_strict,0.8737469126834229,0.1751152073732718,1,0.4868735083532219,1,0.4868735083532219,1.0,30
2026-05-19-flat-seven-octave,sampled,m1_raw,0.1744482497545507,0.1871661247748385,2,0.2364898546055043,9,0.2176708169267151,5.0,19
2026-05-19-flat-seven-octave,sampled,m2_env,0.6801879013798408,0.6732993656941278,1,0.7213547695618656,7,0.7213547695618656,6.0,19
2026-05-19-flat-seven-octave,sampled,m2_env_at,0.1840519474447059,0.2048451547932653,7,0.2600784842147788,4,0.2600784842147788,3.0,19
2026-05-19-flat-seven-octave,sampled,m3_chroma,0.957480013370514,0.4259128272533417,1,0.8282849192619324,1,0.8282849192619324,1.0,19
2026-05-19-flat-seven-octave,sampled,m3_chroma_dtw,0.9614009857177734,0.6537622213363647,1,0.978916585445404,3,0.9780688285827636,2.0,19
2026-05-19-flat-seven-octave,sampled,m4_cqt,0.8401888012886047,0.5416287779808044,1,0.7341758012771606,1,0.7341758012771606,1.0,19
2026-05-19-flat-seven-octave,sampled,m4_cqt_dtw,0.8866462707519531,0.6952163577079773,1,0.9116628766059875,3,0.9116628766059875,2.0,19
2026-05-19-flat-seven-octave,sampled,m5_cover,0.920948141017928,0.2741116751269036,1,0.749732238486255,1,0.749732238486255,1.0,19
2026-05-19-flat-seven-octave,sampled,m5_cover_strict,0.920948141017928,0.2741116751269036,1,0.749732238486255,1,0.749732238486255,1.0,19
2026-05-19-flat-seven-octave,synthetic,m1_raw,0.1308862488948599,0.1330161438839075,2,0.160816568686687,8,0.160816568686687,5.0,19
2026-05-19-flat-seven-octave,synthetic,m2_env,0.5913571208698124,0.6063985203993166,8,0.8436099607820021,30,0.8436099607820021,19.0,19
2026-05-19-flat-seven-octave,synthetic,m2_env_at,0.3089065389260191,0.324686128126039,8,0.3060994241008536,1,0.3060994241008536,1.0,19
2026-05-19-flat-seven-octave,synthetic,m3_chroma,0.9539840221405028,0.4206402003765106,1,0.8150561451911926,1,0.8150561451911926,1.0,19
2026-05-19-flat-seven-octave,synthetic,m3_chroma_dtw,0.9601434469223022,0.6403471827507019,1,0.9767248630523682,3,0.9767248630523682,2.0,19
2026-05-19-flat-seven-octave,synthetic,m4_cqt,0.8290123343467712,0.5481562614440918,1,0.7224845886230469,1,0.7224845886230469,1.0,19
2026-05-19-flat-seven-octave,synthetic,m4_cqt_dtw,0.8818332552909851,0.6942564845085144,1,0.9094898700714112,3,0.9025444984436036,2.0,19
2026-05-19-flat-seven-octave,synthetic,m5_cover,0.9108422129913912,0.2741116751269036,1,0.749732238486255,1,0.749732238486255,1.0,19
2026-05-19-flat-seven-octave,synthetic,m5_cover_strict,0.9108422129913912,0.2741116751269036,1,0.749732238486255,1,0.749732238486255,1.0,19
2026-05-19-octave-flat-seven-drop,sampled,m1_raw,0.125014259244227,0.0852445314806285,1,0.1685923673048304,6,0.1257956992594269,2.0,19
2026-05-19-octave-flat-seven-drop,sampled,m2_env,0.6859988510768137,0.7019359712377659,3,0.7500966052957977,4,0.7500966052957977,4.0,19
2026-05-19-octave-flat-seven-drop,sampled,m2_env_at,0.0121270945545809,0.0,1,0.2064791382860545,9,0.0470872974898083,2.0,19
2026-05-19-octave-flat-seven-drop,sampled,m3_chroma,0.8786407709121704,0.4428450465202331,1,0.7485818266868591,1,0.7485818266868591,1.0,19
2026-05-19-octave-flat-seven-drop,sampled,m3_chroma_dtw,0.9845017194747924,0.6055251359939575,1,0.8815702199935913,1,0.8815702199935913,1.0,19
2026-05-19-octave-flat-seven-drop,sampled,m4_cqt,0.7304535508155823,0.5335813760757446,1,0.5726150274276733,1,0.5372101664543152,1.0,19
2026-05-19-octave-flat-seven-drop,sampled,m4_cqt_dtw,0.8510875105857849,0.5833191871643066,1,0.6997672319412231,1,0.6997672319412231,1.0,19
2026-05-19-octave-flat-seven-drop,sampled,m5_cover,0.9080459770114944,0.3783783783783783,1,0.5532028946663092,1,0.5532028946663092,1.0,19
2026-05-19-octave-flat-seven-drop,sampled,m5_cover_strict,0.9080459770114944,0.3783783783783783,1,0.5532028946663092,1,0.5532028946663092,1.0,19
2026-05-19-octave-flat-seven-drop,synthetic,m1_raw,0.0912260012294938,0.0645332829072543,1,0.1284842924856023,6,0.0953254278627928,2.0,19
2026-05-19-octave-flat-seven-drop,synthetic,m2_env,0.7128006627547252,0.719952589370386,4,0.8877561151266323,16,0.8877561151266323,14.0,19
2026-05-19-octave-flat-seven-drop,synthetic,m2_env_at,0.030378023739002,0.0,1,0.2361500151991636,7,0.0428316080748703,2.0,19
2026-05-19-octave-flat-seven-drop,synthetic,m3_chroma,0.865515947341919,0.4385745227336883,1,0.7512480020523071,1,0.7512480020523071,1.0,19
2026-05-19-octave-flat-seven-drop,synthetic,m3_chroma_dtw,0.9851529002189636,0.5775516033172607,1,0.8630447387695312,1,0.8630447387695312,1.0,19
2026-05-19-octave-flat-seven-drop,synthetic,m4_cqt,0.7099980711936951,0.5236066579818726,1,0.5671758055686951,1,0.5411863923072815,1.0,19
2026-05-19-octave-flat-seven-drop,synthetic,m4_cqt_dtw,0.8347558975219727,0.5766521692276001,1,0.6936959624290466,1,0.6936959624290466,1.0,19
2026-05-19-octave-flat-seven-drop,synthetic,m5_cover,0.9090909090909092,0.3783783783783783,1,0.5532028946663092,1,0.5532028946663092,1.0,19
2026-05-19-octave-flat-seven-drop,synthetic,m5_cover_strict,0.9090909090909092,0.3783783783783783,1,0.5532028946663092,1,0.5532028946663092,1.0,19
2026-05-20-blues-curl-down,sampled,m1_raw,0.1226633099506809,0.0555984966436148,1,0.0895171907250515,1,0.0895171907250515,1.0,32
2026-05-20-blues-curl-down,sampled,m2_env,0.596117297731547,0.6282262983006429,3,0.7560156133243013,14,0.7560156133243013,12.0,32
2026-05-20-blues-curl-down,sampled,m2_env_at,0.0,0.0911636463258297,11,0.1847668886125515,42,0.1847668886125515,33.0,32
2026-05-20-blues-curl-down,sampled,m3_chroma,0.9747735261917114,0.5592962503433228,1,0.659490704536438,1,0.659490704536438,1.0,32
2026-05-20-blues-curl-down,sampled,m3_chroma_dtw,0.982788383960724,0.5872103571891785,1,0.838162899017334,1,0.838162899017334,1.0,32
2026-05-20-blues-curl-down,sampled,m4_cqt,0.8449524641036987,0.5543947219848633,1,0.5006490349769592,1,0.5006490349769592,1.0,32
2026-05-20-blues-curl-down,sampled,m4_cqt_dtw,0.8809439539909363,0.583199143409729,1,0.6184045076370239,1,0.6184045076370239,1.0,32
2026-05-20-blues-curl-down,sampled,m5_cover,0.9646648546079286,0.5098039215686274,1,0.5098039215686274,1,0.5098039215686274,1.0,32
2026-05-20-blues-curl-down,sampled,m5_cover_strict,0.9646648546079286,0.5098039215686274,1,0.5098039215686274,1,0.5098039215686274,1.0,32
2026-05-20-blues-curl-down,synthetic,m1_raw,0.144969838843143,0.1207343245839376,1,0.1237082669984113,1,0.1237082669984113,1.0,32
2026-05-20-blues-curl-down,synthetic,m2_env,0.8679616004448584,0.8876749309206904,5,0.9011713478954412,5,0.9011713478954412,5.0,32
2026-05-20-blues-curl-down,synthetic,m2_env_at,0.1839759662345687,0.2096404830579669,5,0.4273322913992092,11,0.4178636831045116,10.0,32
2026-05-20-blues-curl-down,synthetic,m3_chroma,0.953014612197876,0.5510776042938232,1,0.6450601816177368,1,0.6450601816177368,1.0,32
2026-05-20-blues-curl-down,synthetic,m3_chroma_dtw,0.9591525793075562,0.5836281180381775,1,0.8348594903945923,1,0.8348594903945923,1.0,32
2026-05-20-blues-curl-down,synthetic,m4_cqt,0.7981140613555908,0.5296577215194702,1,0.477871686220169,1,0.477871686220169,1.0,32
2026-05-20-blues-curl-down,synthetic,m4_cqt_dtw,0.82965087890625,0.5565801858901978,1,0.6218266487121582,1,0.6218266487121582,1.0,32
2026-05-20-blues-curl-down,synthetic,m5_cover,0.9646648546079286,0.5,1,0.5098039215686274,1,0.5098039215686274,1.0,32
2026-05-20-blues-curl-down,synthetic,m5_cover_strict,0.9646648546079286,0.5,1,0.5098039215686274,1,0.5098039215686274,1.0,32
2026-05-20-blues-curl-up,sampled,m1_raw,0.1931822981783819,0.2912075561876878,3,0.2046290413600576,2,0.2046290413600576,2.0,32
2026-05-20-blues-curl-up,sampled,m2_env,0.6039865724360342,0.7127245451515375,4,0.8036974644197765,9,0.8036974644197765,7.0,32
2026-05-20-blues-curl-up,sampled,m2_env_at,0.0,0.2196330051608836,11,0.2018522253282899,42,0.2018522253282899,33.0,32
2026-05-20-blues-curl-up,sampled,m3_chroma,0.9614364504814148,0.5127733945846558,1,0.5777767300605774,1,0.5777767300605774,1.0,32
2026-05-20-blues-curl-up,sampled,m3_chroma_dtw,0.9849299788475036,0.5220515131950378,1,0.68050217628479,1,0.68050217628479,1.0,32
2026-05-20-blues-curl-up,sampled,m4_cqt,0.8335041403770447,0.5217921137809753,1,0.6009036302566528,1,0.6009036302566528,1.0,32
2026-05-20-blues-curl-up,sampled,m4_cqt_dtw,0.8663714528083801,0.5689049959182739,1,0.6295908689498901,1,0.6295908689498901,1.0,32
2026-05-20-blues-curl-up,sampled,m5_cover,0.9450733752620544,0.2418379685610641,1,0.5182832773795482,1,0.5182832773795482,1.0,32
2026-05-20-blues-curl-up,sampled,m5_cover_strict,0.9450733752620544,0.2418379685610641,1,0.5182832773795482,1,0.5182832773795482,1.0,32
2026-05-20-blues-curl-up,synthetic,m1_raw,0.2633391114119696,0.2827531691620406,2,0.278004004377171,2,0.278004004377171,2.0,32
2026-05-20-blues-curl-up,synthetic,m2_env,0.8858741389394912,0.8927328478378507,3,0.903604004082944,6,0.903604004082944,6.0,32
2026-05-20-blues-curl-up,synthetic,m2_env_at,0.2407968223910663,0.2566279431334644,7,0.3125578012626869,6,0.3125578012626869,6.0,32
2026-05-20-blues-curl-up,synthetic,m3_chroma,0.9330962300300598,0.498424232006073,1,0.5668669939041138,1,0.5668669939041138,1.0,32
2026-05-20-blues-curl-up,synthetic,m3_chroma_dtw,0.9767940044403076,0.5066637992858887,1,0.6390471458435059,1,0.6390471458435059,1.0,32
2026-05-20-blues-curl-up,synthetic,m4_cqt,0.7776033878326416,0.4948485791683197,1,0.5671550035476685,1,0.5671550035476685,1.0,32
2026-05-20-blues-curl-up,synthetic,m4_cqt_dtw,0.8049899339675903,0.5400237441062927,1,0.5908349752426147,1,0.5908349752426147,1.0,32
2026-05-20-blues-curl-up,synthetic,m5_cover,0.9504746182418492,0.2295494588472187,1,0.5182832773795482,1,0.5182832773795482,1.0,32
2026-05-20-blues-curl-up,synthetic,m5_cover_strict,0.9504746182418492,0.2295494588472187,1,0.5182832773795482,1,0.5182832773795482,1.0,32
2026-05-22-blues-curl-up,sampled,m1_raw,0.302365118989136,0.1717681140449413,1,0.2429143660714795,1,0.2429143660714795,1.0,32
2026-05-22-blues-curl-up,sampled,m2_env,0.5758006307273114,0.7524332982685095,10,0.8225709409408891,21,0.8225709409408891,18.0,32
2026-05-22-blues-curl-up,sampled,m2_env_at,0.0,0.0305568795848016,11,0.1782918993454889,42,0.0932465299729242,33.0,32
2026-05-22-blues-curl-up,sampled,m3_chroma,0.9333749413490297,0.5359894037246704,1,0.6623148918151855,1,0.6623148918151855,1.0,32
2026-05-22-blues-curl-up,sampled,m3_chroma_dtw,0.9656715393066406,0.560989499092102,1,0.7313685417175293,1,0.7313685417175293,1.0,32
2026-05-22-blues-curl-up,sampled,m4_cqt,0.917715072631836,0.5420949459075928,1,0.636922299861908,1,0.636922299861908,1.0,32
2026-05-22-blues-curl-up,sampled,m4_cqt_dtw,0.96304452419281,0.589467465877533,1,0.6631341576576233,1,0.6631341576576233,1.0,32
2026-05-22-blues-curl-up,sampled,m5_cover,0.917249269098767,0.2050359712230216,1,0.4972375690607735,1,0.4972375690607735,1.0,32
2026-05-22-blues-curl-up,sampled,m5_cover_strict,0.917249269098767,0.2050359712230216,1,0.4972375690607735,1,0.4972375690607735,1.0,32
2026-05-22-blues-curl-up,synthetic,m1_raw,0.4198930339244147,0.2987709800993763,1,0.3592295749291556,1,0.3592295749291556,1.0,32
2026-05-22-blues-curl-up,synthetic,m2_env,0.7759181022301251,0.798160661497723,10,0.9199816973813388,12,0.9199816973813388,12.0,32
2026-05-22-blues-curl-up,synthetic,m2_env_at,0.0,0.1532910012389514,11,0.1409125018582883,42,0.1409125018582883,33.0,32
2026-05-22-blues-curl-up,synthetic,m3_chroma,0.8930878043174744,0.5049875974655151,1,0.6610299348831177,1,0.6610299348831177,1.0,32
2026-05-22-blues-curl-up,synthetic,m3_chroma_dtw,0.9413142800331116,0.5365070104598999,1,0.7365087270736694,1,0.7365087270736694,1.0,32
2026-05-22-blues-curl-up,synthetic,m4_cqt,0.8961651921272278,0.5380722880363464,1,0.6429631114006042,1,0.6429631114006042,1.0,32
2026-05-22-blues-curl-up,synthetic,m4_cqt_dtw,0.9540711641311646,0.5879865884780884,1,0.6640360355377197,1,0.6640360355377197,1.0,32
2026-05-22-blues-curl-up,synthetic,m5_cover,0.917249269098767,0.2050359712230216,1,0.4972375690607735,1,0.4972375690607735,1.0,32
2026-05-22-blues-curl-up,synthetic,m5_cover_strict,0.917249269098767,0.2050359712230216,1,0.4972375690607735,1,0.4972375690607735,1.0,32
2026-05-22-blues-curl-up-b,sampled,m1_raw,0.1868638086140461,0.1223699327934939,1,0.1735761763404722,1,0.1735761763404722,1.0,32
2026-05-22-blues-curl-up-b,sampled,m2_env,0.5628892002036685,0.7414460653597662,10,0.7712359803697448,27,0.7712359803697448,23.0,32
2026-05-22-blues-curl-up-b,sampled,m2_env_at,0.1118631450499858,0.1715361336499899,7,0.2646184266819548,8,0.164165551590138,7.0,32
2026-05-22-blues-curl-up-b,sampled,m3_chroma,0.9347891211509703,0.6056962609291077,1,0.6576079726219177,1,0.6576079726219177,1.0,32
2026-05-22-blues-curl-up-b,sampled,m3_chroma_dtw,0.9528399109840392,0.6171754002571106,1,0.7204654216766357,1,0.7204654216766357,1.0,32
2026-05-22-blues-curl-up-b,sampled,m4_cqt,0.9222171902656556,0.5420886874198914,1,0.6369526386260986,1,0.6369526386260986,1.0,32
2026-05-22-blues-curl-up-b,sampled,m4_cqt_dtw,0.9687507152557372,0.6022750735282898,1,0.658113956451416,1,0.658113956451416,1.0,32
2026-05-22-blues-curl-up-b,sampled,m5_cover,0.9263552277250908,0.2092249167855444,1,0.4895833333333333,1,0.4895833333333333,1.0,32
2026-05-22-blues-curl-up-b,sampled,m5_cover_strict,0.9263552277250908,0.2092249167855444,1,0.4895833333333333,1,0.4895833333333333,1.0,32
2026-05-22-blues-curl-up-b,synthetic,m1_raw,0.247336017740427,0.2476366581399805,2,0.2498291511448885,3,0.2498291511448885,3.0,32
2026-05-22-blues-curl-up-b,synthetic,m2_env,0.7988082360506477,0.8333481302181611,10,0.9008144498652532,12,0.9008144498652532,12.0,32
2026-05-22-blues-curl-up-b,synthetic,m2_env_at,0.0,0.0420628080914541,11,0.3407217984026264,42,0.007746313846788,33.0,32
2026-05-22-blues-curl-up-b,synthetic,m3_chroma,0.8856984972953796,0.5796458125114441,1,0.6520999670028687,1,0.6520999670028687,1.0,32
2026-05-22-blues-curl-up-b,synthetic,m3_chroma_dtw,0.9229776859283448,0.5961970090866089,1,0.7223652601242065,1,0.7223652601242065,1.0,32
2026-05-22-blues-curl-up-b,synthetic,m4_cqt,0.8907344937324524,0.5311638712882996,1,0.6392358541488647,1,0.6392358541488647,1.0,32
2026-05-22-blues-curl-up-b,synthetic,m4_cqt_dtw,0.9555760622024536,0.5940146446228027,1,0.6589409708976746,1,0.6589409708976746,1.0,32
2026-05-22-blues-curl-up-b,synthetic,m5_cover,0.9263552277250908,0.2092249167855444,1,0.4895833333333333,1,0.4895833333333333,1.0,32
2026-05-22-blues-curl-up-b,synthetic,m5_cover_strict,0.9263552277250908,0.2092249167855444,1,0.4895833333333333,1,0.4895833333333333,1.0,32
2026-06-21-flat-five-chromatic-up,sampled,m1_raw,0.1310090707842829,0.1815021843532238,2,0.2066648432280813,10,0.1973917388956494,7.0,32
2026-06-21-flat-five-chromatic-up,sampled,m2_env,0.7050028471394391,0.6801401653115863,1,0.7404399539460513,2,0.7404399539460513,2.0,32
2026-06-21-flat-five-chromatic-up,sampled,m2_env_at,0.0,0.0976366974798627,11,0.3209111924113028,42,0.3209111924113028,33.0,32
2026-06-21-flat-five-chromatic-up,sampled,m3_chroma,0.9504435658454896,0.4881975948810577,1,0.849586009979248,1,0.849586009979248,1.0,32
2026-06-21-flat-five-chromatic-up,sampled,m3_chroma_dtw,0.9778938293457032,0.5932222604751587,1,0.9665024876594543,1,0.9665024876594543,1.0,32
2026-06-21-flat-five-chromatic-up,sampled,m4_cqt,0.887776792049408,0.6232133507728577,1,0.7935819029808044,1,0.7935819029808044,1.0,32
2026-06-21-flat-five-chromatic-up,sampled,m4_cqt_dtw,0.9164767861366272,0.6725971698760986,1,0.9102781414985656,1,0.9102781414985656,1.0,32
2026-06-21-flat-five-chromatic-up,sampled,m5_cover,0.9534883720930232,0.4515025653554849,1,0.8341708542713567,1,0.8341708542713567,1.0,32
2026-06-21-flat-five-chromatic-up,sampled,m5_cover_strict,0.9534883720930232,0.4515025653554849,1,0.8341708542713567,1,0.8341708542713567,1.0,32
2026-06-21-flat-five-chromatic-up,synthetic,m1_raw,0.0791304420565669,0.0982916934778268,2,0.1199165696574775,13,0.1013896467791261,9.0,32
2026-06-21-flat-five-chromatic-up,synthetic,m2_env,0.720893732323045,0.7312269293670045,5,0.8627008682126797,6,0.8627008682126797,6.0,32
2026-06-21-flat-five-chromatic-up,synthetic,m2_env_at,0.0,0.0,11,0.4556909471573764,42,0.4556909471573764,33.0,32
2026-06-21-flat-five-chromatic-up,synthetic,m3_chroma,0.9395451545715332,0.4787368178367615,1,0.8467434644699097,1,0.8467434644699097,1.0,32
2026-06-21-flat-five-chromatic-up,synthetic,m3_chroma_dtw,0.9800056219100952,0.5750027298927307,1,0.9681137204170228,1,0.9681137204170228,1.0,32
2026-06-21-flat-five-chromatic-up,synthetic,m4_cqt,0.8693975806236267,0.6036478281021118,1,0.7835937738418579,1,0.7835937738418579,1.0,32
2026-06-21-flat-five-chromatic-up,synthetic,m4_cqt_dtw,0.9011384844779968,0.6537764072418213,1,0.8985930681228638,1,0.8985930681228638,1.0,32
2026-06-21-flat-five-chromatic-up,synthetic,m5_cover,0.9534883720930232,0.4573915145654539,1,0.8374384236453203,1,0.8374384236453203,1.0,32
2026-06-21-flat-five-chromatic-up,synthetic,m5_cover_strict,0.9534883720930232,0.4573915145654539,1,0.8374384236453203,1,0.8374384236453203,1.0,32
2026-06-24-blues-curl-up,sampled,m1_raw,0.2317168714388187,0.3712046301058778,2,0.3293372719977265,7,0.3293372719977265,5.0,32
2026-06-24-blues-curl-up,sampled,m2_env,0.5606011846889217,0.702916639711779,5,0.7038323095387342,24,0.7038323095387342,20.0,32
2026-06-24-blues-curl-up,sampled,m2_env_at,0.1456593929661875,0.0909150068350684,1,0.1875201864046629,4,0.1706808975339502,2.0,32
2026-06-24-blues-curl-up,sampled,m3_chroma,0.9189693331718444,0.4365215003490448,1,0.6946772336959839,1,0.6946772336959839,1.0,32
2026-06-24-blues-curl-up,sampled,m3_chroma_dtw,0.9814957976341248,0.5359406471252441,1,0.7661303877830505,1,0.7661303877830505,1.0,32
2026-06-24-blues-curl-up,sampled,m4_cqt,0.8665584921836853,0.5217410326004028,1,0.4577693045139313,1,0.4577693045139313,1.0,32
2026-06-24-blues-curl-up,sampled,m4_cqt_dtw,0.944311797618866,0.6375113129615784,1,0.5558698177337646,1,0.5280144214630127,1.0,32
2026-06-24-blues-curl-up,sampled,m5_cover,0.9224578436382218,0.2293071735131821,1,0.4084682440846824,1,0.4084682440846824,1.0,32
2026-06-24-blues-curl-up,sampled,m5_cover_strict,0.9224578436382218,0.2293071735131821,1,0.4084682440846824,1,0.4084682440846824,1.0,32
2026-06-24-blues-curl-up,synthetic,m1_raw,0.1900610331884209,0.2349314978448561,2,0.2714046333740746,7,0.2371826322883499,5.0,32
2026-06-24-blues-curl-up,synthetic,m2_env,0.769135909162941,0.7862082108411977,6,0.8619689930634008,10,0.8619689930634008,10.0,32
2026-06-24-blues-curl-up,synthetic,m2_env_at,0.3784610711026269,0.0,1,0.1917441927082382,1,0.0454971002256124,1.0,32
2026-06-24-blues-curl-up,synthetic,m3_chroma,0.9021682739257812,0.4208717942237854,1,0.6856549978256226,1,0.6856549978256226,1.0,32
2026-06-24-blues-curl-up,synthetic,m3_chroma_dtw,0.9772877097129822,0.4967567324638366,1,0.7524658441543579,1,0.7524658441543579,1.0,32
2026-06-24-blues-curl-up,synthetic,m4_cqt,0.8534843325614929,0.5316543579101562,1,0.4539925754070282,1,0.4539925754070282,1.0,32
2026-06-24-blues-curl-up,synthetic,m4_cqt_dtw,0.933886468410492,0.6306681632995605,1,0.5547323822975159,1,0.5388643741607666,1.0,32
2026-06-24-blues-curl-up,synthetic,m5_cover,0.913978494623656,0.2293071735131821,1,0.4084682440846824,1,0.4084682440846824,1.0,32
2026-06-24-blues-curl-up,synthetic,m5_cover_strict,0.913978494623656,0.2293071735131821,1,0.4084682440846824,1,0.4084682440846824,1.0,32
2026-06-25-blues-curl-down,sampled,m1_raw,0.2516557770901588,0.1543509926222546,1,0.1846222349622641,1,0.1846222349622641,1.0,32
2026-06-25-blues-curl-down,sampled,m2_env,0.6259076067088862,0.6947438372465953,6,0.7331773368333468,14,0.7331773368333468,13.0,32
2026-06-25-blues-curl-down,sampled,m2_env_at,0.1332260243109051,0.2115965906948161,8,0.2696827218422653,8,0.2696827218422653,8.0,32
2026-06-25-blues-curl-down,sampled,m3_chroma,0.98186594247818,0.4971562922000885,1,0.6551370024681091,1,0.6551370024681091,1.0,32
2026-06-25-blues-curl-down,sampled,m3_chroma_dtw,0.987564206123352,0.5669994354248047,1,0.8686177134513855,1,0.8686177134513855,1.0,32
2026-06-25-blues-curl-down,sampled,m4_cqt,0.97707998752594,0.5747473239898682,1,0.6127544045448303,1,0.6127544045448303,1.0,32
2026-06-25-blues-curl-down,sampled,m4_cqt_dtw,0.9800279140472412,0.6007721424102783,1,0.8371250629425049,1,0.8371250629425049,1.0,32
2026-06-25-blues-curl-down,sampled,m5_cover,0.9738219895287958,0.4873096446700507,1,0.4972448754683712,1,0.4972448754683712,1.0,32
2026-06-25-blues-curl-down,sampled,m5_cover_strict,0.9738219895287958,0.4873096446700507,1,0.4972448754683712,1,0.4972448754683712,1.0,32
2026-06-25-blues-curl-down,synthetic,m1_raw,0.3103997828114448,0.3221240334395107,2,0.3119722345764461,3,0.3119722345764461,3.0,32
2026-06-25-blues-curl-down,synthetic,m2_env,0.7667505244670433,0.7755978283409962,5,0.85795926969158,6,0.85795926969158,6.0,32
2026-06-25-blues-curl-down,synthetic,m2_env_at,0.1840250776546174,0.1955655694529647,6,0.3469965039516264,6,0.2026353999967885,5.0,32
2026-06-25-blues-curl-down,synthetic,m3_chroma,0.9724982976913452,0.4960324764251709,1,0.6386417150497437,1,0.6386417150497437,1.0,32
2026-06-25-blues-curl-down,synthetic,m3_chroma_dtw,0.9851278066635132,0.5480253100395203,1,0.8594210147857666,1,0.8594210147857666,1.0,32
2026-06-25-blues-curl-down,synthetic,m4_cqt,0.9678729772567748,0.5742097496986389,1,0.6068259477615356,1,0.6068259477615356,1.0,32
2026-06-25-blues-curl-down,synthetic,m4_cqt_dtw,0.9718247056007384,0.6008481979370117,1,0.8308469653129578,1,0.8308469653129578,1.0,32
2026-06-25-blues-curl-down,synthetic,m5_cover,0.9738219895287958,0.4873096446700507,1,0.4972448754683712,1,0.4972448754683712,1.0,32
2026-06-25-blues-curl-down,synthetic,m5_cover_strict,0.9738219895287958,0.4873096446700507,1,0.4972448754683712,1,0.4972448754683712,1.0,32
2026-06-30-fifth-sixth-step,sampled,m1_raw,0.1345055263619334,0.146272549633765,3,0.1454731905396184,4,0.1454731905396184,3.0,19
2026-06-30-fifth-sixth-step,sampled,m2_env,0.7579728667509583,0.7844308927459986,6,0.7652359294838099,2,0.7652359294838099,2.0,19
2026-06-30-fifth-sixth-step,sampled,m2_env_at,0.0,0.0075792493391149,11,0.2890643667620726,42,0.0,20.0,19
2026-06-30-fifth-sixth-step,sampled,m3_chroma,0.9357481598854064,0.5045463442802429,1,0.9418331384658812,2,0.9418331384658812,2.0,19
2026-06-30-fifth-sixth-step,sampled,m3_chroma_dtw,0.955246090888977,0.5470840334892273,1,0.9579914212226868,2,0.9579914212226868,2.0,19
2026-06-30-fifth-sixth-step,sampled,m4_cqt,0.8388795852661133,0.5329403281211853,1,0.8484693169593811,2,0.8484693169593811,2.0,19
2026-06-30-fifth-sixth-step,sampled,m4_cqt_dtw,0.9086334705352784,0.5693938732147217,1,0.9058565497398376,1,0.9058565497398376,1.0,19
2026-06-30-fifth-sixth-step,sampled,m5_cover,0.9408046675580406,0.4467005076142131,1,0.9408046675580406,2,0.9408046675580406,2.0,19
2026-06-30-fifth-sixth-step,sampled,m5_cover_strict,0.9408046675580406,0.4467005076142131,1,0.9408046675580406,2,0.9408046675580406,2.0,19
2026-06-30-fifth-sixth-step,synthetic,m1_raw,0.1301479378213787,0.1511664776101215,2,0.1773991773073636,12,0.1656313992204449,4.0,19
2026-06-30-fifth-sixth-step,synthetic,m2_env,0.7193359490798773,0.7289385017721568,4,0.880576388620185,13,0.8136536713154601,7.0,19
2026-06-30-fifth-sixth-step,synthetic,m2_env_at,0.0,0.0378426440679218,11,0.1897687545365408,42,0.0105680780947053,20.0,19
2026-06-30-fifth-sixth-step,synthetic,m3_chroma,0.916050136089325,0.4564274549484253,1,0.9215186834335328,2,0.9215186834335328,2.0,19
2026-06-30-fifth-sixth-step,synthetic,m3_chroma_dtw,0.9456906914711,0.518852174282074,1,0.9476419687271118,2,0.9476419687271118,2.0,19
2026-06-30-fifth-sixth-step,synthetic,m4_cqt,0.7503805756568909,0.5026849508285522,1,0.7528397440910339,2,0.7528397440910339,2.0,19
2026-06-30-fifth-sixth-step,synthetic,m4_cqt_dtw,0.7991756200790405,0.5428550839424133,1,0.7972272038459778,1,0.7972272038459778,1.0,19
2026-06-30-fifth-sixth-step,synthetic,m5_cover,0.9408046675580406,0.4467005076142131,1,0.9408046675580406,2,0.9408046675580406,2.0,19
2026-06-30-fifth-sixth-step,synthetic,m5_cover_strict,0.9408046675580406,0.4467005076142131,1,0.9408046675580406,2,0.9408046675580406,2.0,19
2026-07-08-four-to-five,sampled,m1_raw,0.0276485777613052,0.2015180566369747,7,0.2512897413682661,25,0.2512897413682661,18.0,30
2026-07-08-four-to-five,sampled,m2_env,0.6213545481798546,0.6148450353772879,1,0.7993760566210772,21,0.7993760566210772,16.0,30
2026-07-08-four-to-five,sampled,m2_env_at,0.0409114911834138,0.0348550764344829,1,0.2344426737990347,6,0.1183041840968423,4.0,30
2026-07-08-four-to-five,sampled,m3_chroma,0.4138422906398773,0.4302713274955749,2,0.7525433897972107,11,0.7525433897972107,9.0,30
2026-07-08-four-to-five,sampled,m3_chroma_dtw,0.6263167858123779,0.5691254734992981,1,0.8888461589813232,7,0.8888461589813232,5.0,30
2026-07-08-four-to-five,sampled,m4_cqt,0.390901118516922,0.4009312093257904,2,0.6170018911361694,10,0.6170018911361694,8.0,30
2026-07-08-four-to-five,sampled,m4_cqt_dtw,0.5790179371833801,0.5436273813247681,1,0.8277866840362549,6,0.8277866840362549,4.0,30
2026-07-08-four-to-five,sampled,m5_cover,0.320704845814978,0.32,1,0.7653061224489796,9,0.7653061224489796,7.0,30
2026-07-08-four-to-five,sampled,m5_cover_strict,0.320704845814978,0.32,1,0.7653061224489796,9,0.7653061224489796,7.0,30
2026-07-08-four-to-five,synthetic,m1_raw,0.0651405255119943,0.2137489106316536,5,0.3083556154747753,16,0.3083556154747753,13.0,30
2026-07-08-four-to-five,synthetic,m2_env,0.7314332502689866,0.7539295949441188,8,0.7990613160767811,5,0.7990613160767811,5.0,30
2026-07-08-four-to-five,synthetic,m2_env_at,0.0,0.1197604644034862,11,0.5376902044901589,42,0.5376902044901589,31.0,30
2026-07-08-four-to-five,synthetic,m3_chroma,0.4371587038040161,0.427096277475357,1,0.7704501748085022,9,0.7704501748085022,7.0,30
2026-07-08-four-to-five,synthetic,m3_chroma_dtw,0.6415765285491943,0.5409107804298401,1,0.9138331413269044,6,0.9138331413269044,4.0,30
2026-07-08-four-to-five,synthetic,m4_cqt,0.3708842396736145,0.3656323254108429,1,0.6006185412406921,9,0.6006185412406921,7.0,30
2026-07-08-four-to-five,synthetic,m4_cqt_dtw,0.5719282627105713,0.5206761360168457,1,0.7799274921417236,6,0.7799274921417236,4.0,30
2026-07-08-four-to-five,synthetic,m5_cover,0.320704845814978,0.32,1,0.7653061224489796,9,0.7653061224489796,7.0,30
2026-07-08-four-to-five,synthetic,m5_cover_strict,0.320704845814978,0.32,1,0.7653061224489796,9,0.7653061224489796,7.0,30
2026-07-14-third-fifth-rise,sampled,m1_raw,0.329944932162302,0.4253688120395208,2,0.3736520917957574,2,0.3736520917957574,2.0,19
2026-07-14-third-fifth-rise,sampled,m2_env,0.6870991943359862,0.68106453988269,1,0.7525951324865374,3,0.7525951324865374,3.0,19
2026-07-14-third-fifth-rise,sampled,m2_env_at,0.117482200099804,0.1622175053645314,3,0.2408739927725236,10,0.2321803469618944,2.0,19
2026-07-14-third-fifth-rise,sampled,m3_chroma,0.9759014844894408,0.5232509970664978,1,0.850472629070282,1,0.850472629070282,1.0,19
2026-07-14-third-fifth-rise,sampled,m3_chroma_dtw,0.9824568629264832,0.5813647508621216,1,0.9730339050292968,1,0.9730339050292968,1.0,19
2026-07-14-third-fifth-rise,sampled,m4_cqt,0.8709754347801208,0.5052811503410339,1,0.7276965975761414,1,0.7276965975761414,1.0,19
2026-07-14-third-fifth-rise,sampled,m4_cqt_dtw,0.9002252817153931,0.5421090126037598,1,0.8736611604690552,1,0.8736611604690552,1.0,19
2026-07-14-third-fifth-rise,sampled,m5_cover,0.9729112859631208,0.4971900826446281,1,0.7485044268963866,1,0.7485044268963866,1.0,19
2026-07-14-third-fifth-rise,sampled,m5_cover_strict,0.9729112859631208,0.4971900826446281,1,0.7485044268963866,1,0.7485044268963866,1.0,19
2026-07-14-third-fifth-rise,synthetic,m1_raw,0.2055551390743751,0.2490485436862761,2,0.2908421603092015,6,0.2146192673426352,2.0,19
2026-07-14-third-fifth-rise,synthetic,m2_env,0.6961411758841923,0.7002546647459779,3,0.8603323669188517,19,0.8603323669188517,16.0,19
2026-07-14-third-fifth-rise,synthetic,m2_env_at,0.2432605393244442,0.3030686259877233,6,0.4112996650458129,15,0.3256904429626864,11.0,19
2026-07-14-third-fifth-rise,synthetic,m3_chroma,0.9678733348846436,0.5138325095176697,1,0.8277543783187866,1,0.8277543783187866,1.0,19
2026-07-14-third-fifth-rise,synthetic,m3_chroma_dtw,0.9779659509658812,0.5557246208190918,1,0.9700210690498352,1,0.9700210690498352,1.0,19
2026-07-14-third-fifth-rise,synthetic,m4_cqt,0.7294847369194031,0.4717220366001129,1,0.6433697938919067,1,0.6433697938919067,1.0,19
2026-07-14-third-fifth-rise,synthetic,m4_cqt_dtw,0.7748042345046997,0.5188153982162476,1,0.7932136058807373,3,0.7784867286682129,2.0,19
2026-07-14-third-fifth-rise,synthetic,m5_cover,0.9730885760114062,0.5026178010471203,1,0.7388524852165574,1,0.7388524852165574,1.0,19
2026-07-14-third-fifth-rise,synthetic,m5_cover_strict,0.9730885760114062,0.5026178010471203,1,0.7388524852165574,1,0.7388524852165574,1.0,19
2026-07-23-blue-monk,sampled,m1_raw,0.2652412300952316,0.1243112139030381,1,0.2733451811400659,2,0.0634577217779357,1.0,2
2026-07-23-blue-monk,sampled,m2_env,0.5730686321404578,0.6030431305091947,3,0.6502730381420915,10,0.6125335998409809,2.0,2
2026-07-23-blue-monk,sampled,m2_env_at,0.2393922933936253,0.3533231034382052,6,0.4577642376342515,19,0.2262804651763408,1.0,2
2026-07-23-blue-monk,sampled,m3_chroma,0.7881026268005371,0.4436753690242767,1,0.6634305715560913,1,0.370140790939331,1.0,2
2026-07-23-blue-monk,sampled,m3_chroma_dtw,0.952900230884552,0.6412433385848999,1,0.7933065891265869,1,0.4589539766311645,1.0,2
2026-07-23-blue-monk,sampled,m4_cqt,0.7659466862678528,0.4750059247016907,1,0.6766841411590576,1,0.3178964853286743,1.0,2
2026-07-23-blue-monk,sampled,m4_cqt_dtw,0.928607165813446,0.6851882934570312,1,0.7797698974609375,1,0.3988488912582397,1.0,2
2026-07-23-blue-monk,sampled,m5_cover,0.7923773225345403,0.2092427405579806,1,0.4709491543509577,1,0.1334392374900714,1.0,2
2026-07-23-blue-monk,sampled,m5_cover_strict,0.7923773225345403,0.2092427405579806,1,0.4709491543509577,1,0.1334392374900714,1.0,2
2026-07-23-blue-monk,synthetic,m1_raw,0.3007703643797095,0.1939710662429634,1,0.319592855375431,2,0.0764661687290526,1.0,2
2026-07-23-blue-monk,synthetic,m2_env,0.5058219241324017,0.5097020743635037,2,0.7077149794481518,27,0.5573123107872269,2.0,2
2026-07-23-blue-monk,synthetic,m2_env_at,0.258539170679965,0.3539376144465175,6,0.4551029027247816,10,0.171333443610233,1.0,2
2026-07-23-blue-monk,synthetic,m3_chroma,0.7946046590805054,0.4411068856716156,1,0.6564185619354248,1,0.3739860951900482,1.0,2
2026-07-23-blue-monk,synthetic,m3_chroma_dtw,0.958229959011078,0.6180518865585327,1,0.7845730781555176,1,0.4497351050376892,1.0,2
2026-07-23-blue-monk,synthetic,m4_cqt,0.7639877200126648,0.4673507213592529,1,0.677987813949585,1,0.3218634128570556,1.0,2
2026-07-23-blue-monk,synthetic,m4_cqt_dtw,0.92615807056427,0.672739565372467,1,0.7767804265022278,1,0.3810302019119262,1.0,2
2026-07-23-blue-monk,synthetic,m5_cover,0.7958044324141431,0.2091503267973856,1,0.4733589709587588,1,0.1334392374900714,1.0,2
2026-07-23-blue-monk,synthetic,m5_cover_strict,0.7958044324141431,0.2091503267973856,1,0.4733589709587588,1,0.1334392374900714,1.0,2
2026-07-25-blue-note-step-up,sampled,m1_raw,0.2126305463115594,0.2409180011825209,2,0.2967701028856467,5,0.2967701028856467,4.0,32
2026-07-25-blue-note-step-up,sampled,m2_env,0.5307145571393962,0.6937068576719617,5,0.685203228585407,17,0.685203228585407,17.0,32
2026-07-25-blue-note-step-up,sampled,m2_env_at,0.0,0.3626732414210616,11,0.3821925445552226,42,0.3821925445552226,33.0,32
2026-07-25-blue-note-step-up,sampled,m3_chroma,0.9446999430656432,0.6221849918365479,1,0.946463108062744,2,0.946463108062744,2.0,32
2026-07-25-blue-note-step-up,sampled,m3_chroma_dtw,0.953483819961548,0.68861985206604,1,0.9528456330299376,1,0.9528456330299376,1.0,32
2026-07-25-blue-note-step-up,sampled,m4_cqt,0.8684992790222168,0.527672290802002,1,0.8710423707962036,2,0.8710423707962036,2.0,32
2026-07-25-blue-note-step-up,sampled,m4_cqt_dtw,0.910647749900818,0.631984293460846,1,0.9092468023300172,1,0.9092468023300172,1.0,32
2026-07-25-blue-note-step-up,sampled,m5_cover,0.9232976492660854,0.4179249878226984,1,0.9232976492660854,2,0.9232976492660854,2.0,32
2026-07-25-blue-note-step-up,sampled,m5_cover_strict,0.9232976492660854,0.4179249878226984,1,0.9232976492660854,2,0.9232976492660854,2.0,32
2026-07-25-blue-note-step-up,synthetic,m1_raw,0.2321197891790073,0.1811771765894826,1,0.2034162892542598,1,0.1979054143959906,1.0,32
2026-07-25-blue-note-step-up,synthetic,m2_env,0.8637259159198233,0.87943720102064,3,0.8478895311006855,1,0.8478895311006855,1.0,32
2026-07-25-blue-note-step-up,synthetic,m2_env_at,0.0331579796839013,0.0932652923690023,7,0.282762302101822,22,0.282762302101822,20.0,32
2026-07-25-blue-note-step-up,synthetic,m3_chroma,0.8988856077194214,0.6095802187919617,1,0.8986940979957581,1,0.8986940979957581,1.0,32
2026-07-25-blue-note-step-up,synthetic,m3_chroma_dtw,0.9118692278862,0.6464555263519287,1,0.9096486568450928,1,0.9096486568450928,1.0,32
2026-07-25-blue-note-step-up,synthetic,m4_cqt,0.7737933397293091,0.4858236908912658,1,0.7738648056983948,2,0.7738648056983948,2.0,32
2026-07-25-blue-note-step-up,synthetic,m4_cqt_dtw,0.803197979927063,0.5948508381843567,1,0.802502453327179,1,0.802502453327179,1.0,32
2026-07-25-blue-note-step-up,synthetic,m5_cover,0.9030802211440822,0.4336075205640423,1,0.9030802211440822,2,0.9030802211440822,2.0,32
2026-07-25-blue-note-step-up,synthetic,m5_cover_strict,0.9030802211440822,0.4336075205640423,1,0.9030802211440822,2,0.9030802211440822,2.0,32
2026-07-25-blue-step-down,sampled,m1_raw,0.2032789449856403,0.235431725777259,2,0.2558119283143555,5,0.2370359648957189,4.0,17
2026-07-25-blue-step-down,sampled,m2_env,0.4753634074421704,0.5305675868772637,7,0.7008740933015936,29,0.6601326068248,9.0,17
2026-07-25-blue-step-down,sampled,m2_env_at,0.2997486775347158,0.3776898130293671,2,0.5464048774003423,5,0.2325514030673694,1.0,17
2026-07-25-blue-step-down,sampled,m3_chroma,0.876710832118988,0.5767671465873718,1,0.7152073383331299,1,0.7152073383331299,1.0,17
2026-07-25-blue-step-down,sampled,m3_chroma_dtw,0.949801743030548,0.6819692850112915,1,0.797492504119873,1,0.7908617258071899,1.0,17
2026-07-25-blue-step-down,sampled,m4_cqt,0.861633837223053,0.5532851815223694,1,0.6474036574363708,1,0.6474036574363708,1.0,17
2026-07-25-blue-step-down,sampled,m4_cqt_dtw,0.9290580153465272,0.6565390229225159,1,0.8084563612937927,1,0.8084563612937927,1.0,17
2026-07-25-blue-step-down,sampled,m5_cover,0.8504221954161639,0.4026258205689277,1,0.47,1,0.4177777777777777,1.0,17
2026-07-25-blue-step-down,sampled,m5_cover_strict,0.8504221954161639,0.4026258205689277,1,0.47,1,0.4177777777777777,1.0,17
2026-07-25-blue-step-down,synthetic,m1_raw,0.2080325395188104,0.2535781118595061,2,0.2617763343716446,4,0.2408227359022635,3.0,17
2026-07-25-blue-step-down,synthetic,m2_env,0.6667752830890816,0.6874054568386951,6,0.7969537276532,9,0.7969537276532,3.0,17
2026-07-25-blue-step-down,synthetic,m2_env_at,0.4972857990850191,0.5246470784477314,2,0.4566138328834876,1,0.3902961890971368,1.0,17
2026-07-25-blue-step-down,synthetic,m3_chroma,0.8710542321205139,0.5746967196464539,1,0.6994538307189941,1,0.6994538307189941,1.0,17
2026-07-25-blue-step-down,synthetic,m3_chroma_dtw,0.9480940103530884,0.6523370742797852,1,0.7950084209442139,1,0.7935144901275635,1.0,17
2026-07-25-blue-step-down,synthetic,m4_cqt,0.8450794219970703,0.5533103942871094,1,0.6358767151832581,1,0.6358767151832581,1.0,17
2026-07-25-blue-step-down,synthetic,m4_cqt_dtw,0.9125239253044128,0.6709171533584595,1,0.7928605079650879,1,0.7928605079650879,1.0,17
2026-07-25-blue-step-down,synthetic,m5_cover,0.8402854558247059,0.4084048535069546,1,0.4695874096129306,1,0.4184195565662307,1.0,17
2026-07-25-blue-step-down,synthetic,m5_cover_strict,0.8402854558247059,0.4084048535069546,1,0.4695874096129306,1,0.4184195565662307,1.0,17
2026-07-25-root-frame,sampled,m1_raw,0.0322891917375072,0.0319380490285526,1,0.0829072013915615,28,0.0829072013915615,21.0,30
2026-07-25-root-frame,sampled,m2_env,0.3361328853572515,0.3302496853542678,1,0.8090598031642855,42,0.8090598031642855,31.0,30
2026-07-25-root-frame,sampled,m2_env_at,0.0142188183977992,0.0374104899042251,4,0.3326540674894572,28,0.2247269503037852,20.0,30
2026-07-25-root-frame,sampled,m3_chroma,0.7755144238471985,0.5261756181716919,1,0.7698105573654175,1,0.7698105573654175,1.0,30
2026-07-25-root-frame,sampled,m3_chroma_dtw,0.881485641002655,0.6194254755973816,1,0.8331036567687988,1,0.8331036567687988,1.0,30
2026-07-25-root-frame,sampled,m4_cqt,0.7523074746131897,0.5057381987571716,1,0.648827075958252,1,0.648827075958252,1.0,30
2026-07-25-root-frame,sampled,m4_cqt_dtw,0.8635176420211792,0.5959025621414185,1,0.7869608402252197,1,0.7869608402252197,1.0,30
2026-07-25-root-frame,sampled,m5_cover,0.7912355447352404,0.0644583706356311,1,0.5676874340021119,1,0.5676874340021119,1.0,30
2026-07-25-root-frame,sampled,m5_cover_strict,0.7912355447352404,0.0644583706356311,1,0.5676874340021119,1,0.5676874340021119,1.0,30
2026-07-25-root-frame,synthetic,m1_raw,0.0512895993581732,0.0399922265847832,1,0.086085454632735,15,0.086085454632735,12.0,30
2026-07-25-root-frame,synthetic,m2_env,0.4249715940194781,0.4258067358563984,2,0.7795708295560312,41,0.7795708295560312,30.0,30
2026-07-25-root-frame,synthetic,m2_env_at,0.0989442193534584,0.0,1,0.3231180335484955,16,0.3231180335484955,12.0,30
2026-07-25-root-frame,synthetic,m3_chroma,0.7694608569145203,0.419714093208313,1,0.7762600779533386,2,0.7762600779533386,2.0,30
2026-07-25-root-frame,synthetic,m3_chroma_dtw,0.8784066438674927,0.5394707322120667,1,0.8318991661071777,1,0.8318991661071777,1.0,30
2026-07-25-root-frame,synthetic,m4_cqt,0.7504861354827881,0.5029507279396057,1,0.6515763998031616,1,0.6515763998031616,1.0,30
2026-07-25-root-frame,synthetic,m4_cqt_dtw,0.8602114915847778,0.591668426990509,1,0.7908279895782471,1,0.7908279895782471,1.0,30
2026-07-25-root-frame,synthetic,m5_cover,0.7888198757763975,0.0638977635782747,1,0.5535714285714286,1,0.5535714285714286,1.0,30
2026-07-25-root-frame,synthetic,m5_cover_strict,0.7888198757763975,0.0638977635782747,1,0.5535714285714286,1,0.5535714285714286,1.0,30
2026-07-28-pent-1-3-2-5,sampled,m1_raw,0.1486860896825041,0.1405830540852856,1,0.2726015455096685,6,0.1538248398552826,4.0,30
2026-07-28-pent-1-3-2-5,sampled,m2_env,0.5649894692390407,0.713366307499005,10,0.6840579590127306,23,0.6713150371132177,20.0,30
2026-07-28-pent-1-3-2-5,sampled,m2_env_at,0.0418974591040505,0.4023931761934622,6,0.6121450924278317,20,0.6121450924278317,13.0,30
2026-07-28-pent-1-3-2-5,sampled,m3_chroma,0.9120119214057922,0.5614166259765625,1,0.7633202075958252,1,0.7597119808197021,1.0,30
2026-07-28-pent-1-3-2-5,sampled,m3_chroma_dtw,0.9415245056152344,0.5741796493530273,1,0.7754074335098267,1,0.7754074335098267,1.0,30
2026-07-28-pent-1-3-2-5,sampled,m4_cqt,0.8519182801246643,0.5380340218544006,1,0.6594907641410828,1,0.6572942137718201,1.0,30
2026-07-28-pent-1-3-2-5,sampled,m4_cqt_dtw,0.9111931920051576,0.6196911334991455,1,0.7454607486724854,1,0.7454607486724854,1.0,30
2026-07-28-pent-1-3-2-5,sampled,m5_cover,0.8801775147928994,0.1679292929292929,1,0.5925394548063128,1,0.5925394548063128,1.0,30
2026-07-28-pent-1-3-2-5,sampled,m5_cover_strict,0.8801775147928994,0.1679292929292929,1,0.5925394548063128,1,0.5925394548063128,1.0,30
2026-07-28-pent-1-3-2-5,synthetic,m1_raw,0.2323992790358851,0.1725012322198511,1,0.2295675869461671,1,0.1897634401420647,1.0,30
2026-07-28-pent-1-3-2-5,synthetic,m2_env,0.5419540237645714,0.5700327993943834,9,0.8882510412498594,27,0.8051766060219689,22.0,30
2026-07-28-pent-1-3-2-5,synthetic,m2_env_at,0.1588422340105653,0.1774978254572474,7,0.654300352823243,9,0.563789118322823,6.0,30
2026-07-28-pent-1-3-2-5,synthetic,m3_chroma,0.8812980055809021,0.5276685953140259,1,0.7156190276145935,1,0.7135412693023682,1.0,30
2026-07-28-pent-1-3-2-5,synthetic,m3_chroma_dtw,0.9156644940376282,0.5440071821212769,1,0.744282066822052,1,0.7389946579933167,1.0,30
2026-07-28-pent-1-3-2-5,synthetic,m4_cqt,0.816977858543396,0.5188259482383728,1,0.648642897605896,1,0.6130669713020325,1.0,30
2026-07-28-pent-1-3-2-5,synthetic,m4_cqt_dtw,0.8725482225418091,0.6033411622047424,1,0.7164707183837891,1,0.7164707183837891,1.0,30
2026-07-28-pent-1-3-2-5,synthetic,m5_cover,0.8585858585858586,0.1679292929292929,1,0.5925394548063128,1,0.5925394548063128,1.0,30
2026-07-28-pent-1-3-2-5,synthetic,m5_cover_strict,0.8585858585858586,0.1679292929292929,1,0.5925394548063128,1,0.5925394548063128,1.0,30
2026-07-28-pent-1-3-2-5-dotted-quarter-eigh,sampled,m1_raw,0.1486860896825041,0.1405830540852856,1,0.2726015455096685,6,0.1538248398552826,4.0,30
2026-07-28-pent-1-3-2-5-dotted-quarter-eigh,sampled,m2_env,0.5649894692390407,0.713366307499005,10,0.6840579590127306,23,0.6713150371132177,20.0,30
2026-07-28-pent-1-3-2-5-dotted-quarter-eigh,sampled,m2_env_at,0.0418974591040505,0.4023931761934622,6,0.6121450924278317,20,0.6121450924278317,13.0,30
2026-07-28-pent-1-3-2-5-dotted-quarter-eigh,sampled,m3_chroma,0.9120119214057922,0.5614166259765625,1,0.7633202075958252,1,0.7597119808197021,1.0,30
2026-07-28-pent-1-3-2-5-dotted-quarter-eigh,sampled,m3_chroma_dtw,0.9415245056152344,0.5741796493530273,1,0.7754074335098267,1,0.7754074335098267,1.0,30
2026-07-28-pent-1-3-2-5-dotted-quarter-eigh,sampled,m4_cqt,0.8519182801246643,0.5380340218544006,1,0.6594907641410828,1,0.6572942137718201,1.0,30
2026-07-28-pent-1-3-2-5-dotted-quarter-eigh,sampled,m4_cqt_dtw,0.9111931920051576,0.6196911334991455,1,0.7454607486724854,1,0.7454607486724854,1.0,30
2026-07-28-pent-1-3-2-5-dotted-quarter-eigh,sampled,m5_cover,0.8801775147928994,0.1679292929292929,1,0.5925394548063128,1,0.5925394548063128,1.0,30
2026-07-28-pent-1-3-2-5-dotted-quarter-eigh,sampled,m5_cover_strict,0.8801775147928994,0.1679292929292929,1,0.5925394548063128,1,0.5925394548063128,1.0,30
2026-07-28-pent-1-3-2-5-dotted-quarter-eigh,synthetic,m1_raw,0.2323992790358851,0.1725012322198511,1,0.2295675869461671,1,0.1897634401420647,1.0,30
2026-07-28-pent-1-3-2-5-dotted-quarter-eigh,synthetic,m2_env,0.5419540237645714,0.5700327993943834,9,0.8882510412498594,27,0.8051766060219689,22.0,30
2026-07-28-pent-1-3-2-5-dotted-quarter-eigh,synthetic,m2_env_at,0.1588422340105653,0.1774978254572474,7,0.654300352823243,9,0.563789118322823,6.0,30
2026-07-28-pent-1-3-2-5-dotted-quarter-eigh,synthetic,m3_chroma,0.8812980055809021,0.5276685953140259,1,0.7156190276145935,1,0.7135412693023682,1.0,30
2026-07-28-pent-1-3-2-5-dotted-quarter-eigh,synthetic,m3_chroma_dtw,0.9156644940376282,0.5440071821212769,1,0.744282066822052,1,0.7389946579933167,1.0,30
2026-07-28-pent-1-3-2-5-dotted-quarter-eigh,synthetic,m4_cqt,0.816977858543396,0.5188259482383728,1,0.648642897605896,1,0.6130669713020325,1.0,30
2026-07-28-pent-1-3-2-5-dotted-quarter-eigh,synthetic,m4_cqt_dtw,0.8725482225418091,0.6033411622047424,1,0.7164707183837891,1,0.7164707183837891,1.0,30
2026-07-28-pent-1-3-2-5-dotted-quarter-eigh,synthetic,m5_cover,0.8585858585858586,0.1679292929292929,1,0.5925394548063128,1,0.5925394548063128,1.0,30
2026-07-28-pent-1-3-2-5-dotted-quarter-eigh,synthetic,m5_cover_strict,0.8585858585858586,0.1679292929292929,1,0.5925394548063128,1,0.5925394548063128,1.0,30
2026-07-29-sixth-octave-lift,sampled,m1_raw,0.0961769597455574,0.1159048802571656,2,0.1818589741614326,6,0.1456545914227504,3.0,19
2026-07-29-sixth-octave-lift,sampled,m2_env,0.551713612589323,0.6038408415078421,5,0.7041632693767039,11,0.7041632693767039,8.0,19
2026-07-29-sixth-octave-lift,sampled,m2_env_at,0.0788547588468967,0.4341178727377917,10,0.5162241505330842,31,0.3825945811450177,15.0,19
2026-07-29-sixth-octave-lift,sampled,m3_chroma,0.8995834589004517,0.4052655100822449,1,0.7543350458145142,1,0.7543350458145142,1.0,19
2026-07-29-sixth-octave-lift,sampled,m3_chroma_dtw,0.9529115557670592,0.6030871868133545,1,0.9621573090553284,2,0.9621573090553284,2.0,19
2026-07-29-sixth-octave-lift,sampled,m4_cqt,0.7527302503585815,0.4415574371814728,1,0.6364715099334717,1,0.6364715099334717,1.0,19
2026-07-29-sixth-octave-lift,sampled,m4_cqt_dtw,0.8099960088729858,0.5058473348617554,1,0.8605296015739441,2,0.8605296015739441,2.0,19
2026-07-29-sixth-octave-lift,sampled,m5_cover,0.1680949241924851,0.1544374563242488,1,0.5341922695738356,10,0.1789473684210526,5.0,19
2026-07-29-sixth-octave-lift,sampled,m5_cover_strict,0.1680949241924851,0.1544374563242488,1,0.5341922695738356,10,0.1789473684210526,5.0,19
2026-07-29-sixth-octave-lift,synthetic,m1_raw,0.0738509900585202,0.1377110723035813,3,0.1878142940112299,9,0.136723804966173,3.0,19
2026-07-29-sixth-octave-lift,synthetic,m2_env,0.6548094749669071,0.6629075593599407,8,0.800156038805966,15,0.800156038805966,13.0,19
2026-07-29-sixth-octave-lift,synthetic,m2_env_at,0.068249096893943,0.1048619988197758,10,0.4361920079083308,29,0.1852180685336837,16.0,19
2026-07-29-sixth-octave-lift,synthetic,m3_chroma,0.9054972529411316,0.3748605251312256,1,0.7466728091239929,1,0.7466728091239929,1.0,19
2026-07-29-sixth-octave-lift,synthetic,m3_chroma_dtw,0.9577906131744384,0.5767544507980347,1,0.9647299647331238,2,0.9647299647331238,2.0,19
2026-07-29-sixth-octave-lift,synthetic,m4_cqt,0.5657556056976318,0.386455625295639,1,0.5370846390724182,1,0.5069175958633423,1.0,19
2026-07-29-sixth-octave-lift,synthetic,m4_cqt_dtw,0.6186075210571289,0.4799073934555053,1,0.7094805240631104,5,0.7094805240631104,4.0,19
2026-07-29-sixth-octave-lift,synthetic,m5_cover,0.1680949241924851,0.1674326986211425,1,0.5341922695738356,10,0.1789473684210526,5.0,19
2026-07-29-sixth-octave-lift,synthetic,m5_cover_strict,0.1680949241924851,0.1674326986211425,1,0.5341922695738356,10,0.1789473684210526,5.0,19
2026-07-30-climb-to-five,sampled,m1_raw,0.252344252572204,0.2383427627974277,1,0.4841592364348934,4,0.2725933842985037,3.0,30
2026-07-30-climb-to-five,sampled,m2_env,0.4249685039142308,0.5983816788066189,8,0.7480175175290535,32,0.7448095979991456,23.0,30
2026-07-30-climb-to-five,sampled,m2_env_at,0.0349843693499003,0.0901378461121584,4,0.204492456011133,10,0.204492456011133,6.0,30
2026-07-30-climb-to-five,sampled,m3_chroma,0.9274912476539612,0.5756741762161255,1,0.6607821583747864,1,0.6357168555259705,1.0,30
2026-07-30-climb-to-five,sampled,m3_chroma_dtw,0.9735229015350342,0.6627153158187866,1,0.941290020942688,1,0.941290020942688,1.0,30
2026-07-30-climb-to-five,sampled,m4_cqt,0.8836546540260315,0.5547043681144714,1,0.6408112049102783,1,0.6136805415153503,1.0,30
2026-07-30-climb-to-five,sampled,m4_cqt_dtw,0.9333312511444092,0.6180416941642761,1,0.9275697469711304,1,0.9275697469711304,1.0,30
2026-07-30-climb-to-five,sampled,m5_cover,0.9315383574617778,0.4505710909807011,1,0.6007398273736129,1,0.6007398273736129,1.0,30
2026-07-30-climb-to-five,sampled,m5_cover_strict,0.9315383574617778,0.4505710909807011,1,0.6007398273736129,1,0.6007398273736129,1.0,30
2026-07-30-climb-to-five,synthetic,m1_raw,0.3517252244690606,0.3410094161798028,1,0.5609897101803033,2,0.3480183256776476,1.0,30
2026-07-30-climb-to-five,synthetic,m2_env,0.657697198088209,0.6781978236085642,7,0.8401601821635327,27,0.8401601821635327,21.0,30
2026-07-30-climb-to-five,synthetic,m2_env_at,0.2679270492335245,0.1770984149732442,1,0.2699574876144477,2,0.2699574876144477,2.0,30
2026-07-30-climb-to-five,synthetic,m3_chroma,0.9175410866737366,0.5545762181282043,1,0.6562994122505188,1,0.6214226484298706,1.0,30
2026-07-30-climb-to-five,synthetic,m3_chroma_dtw,0.9684641361236572,0.6485962867736816,1,0.9397181272506714,1,0.9397181272506714,1.0,30
2026-07-30-climb-to-five,synthetic,m4_cqt,0.8494595289230347,0.5345607995986938,1,0.6379859447479248,1,0.5997444987297058,1.0,30
2026-07-30-climb-to-five,synthetic,m4_cqt_dtw,0.90605628490448,0.6053621768951416,1,0.9242688417434692,2,0.9242688417434692,2.0,30
2026-07-30-climb-to-five,synthetic,m5_cover,0.9215978334461746,0.4569055036344756,1,0.6064981949458483,1,0.6064981949458483,1.0,30
2026-07-30-climb-to-five,synthetic,m5_cover_strict,0.9215978334461746,0.4569055036344756,1,0.6064981949458483,1,0.6064981949458483,1.0,30
2026-08-01-down-to-the-third,sampled,m1_raw,0.0627596004179754,0.1036174514207539,3,0.1194864145774794,5,0.1194864145774794,5.0,30
2026-08-01-down-to-the-third,sampled,m2_env,0.4966821183345248,0.6227420462619239,10,0.7484624319802611,30,0.6836340790749199,21.0,30
2026-08-01-down-to-the-third,sampled,m2_env_at,0.0,0.2446362673912067,11,0.375577686286722,42,0.375577686286722,31.0,30
2026-08-01-down-to-the-third,sampled,m3_chroma,0.9277636408805848,0.6210732460021973,1,0.8342416882514954,1,0.8342416882514954,1.0,30
2026-08-01-down-to-the-third,sampled,m3_chroma_dtw,0.9781363010406494,0.6812037229537964,1,0.9716989398002625,1,0.9716989398002625,1.0,30
2026-08-01-down-to-the-third,sampled,m4_cqt,0.9049383401870728,0.5992709398269653,1,0.8040986061096191,1,0.8040986061096191,1.0,30
2026-08-01-down-to-the-third,sampled,m4_cqt_dtw,0.9565697312355042,0.7728826999664307,1,0.940130889415741,1,0.940130889415741,1.0,30
2026-08-01-down-to-the-third,sampled,m5_cover,0.9304406973830236,0.5614403076385247,1,0.7417001300831402,1,0.7417001300831402,1.0,30
2026-08-01-down-to-the-third,sampled,m5_cover_strict,0.9304406973830236,0.5614403076385247,1,0.7417001300831402,1,0.7417001300831402,1.0,30
2026-08-01-down-to-the-third,synthetic,m1_raw,0.0572929501477346,0.1022625134560186,3,0.1146652815146948,5,0.1146652815146948,5.0,30
2026-08-01-down-to-the-third,synthetic,m2_env,0.7510052695197698,0.7818694871737221,9,0.8348963315413069,13,0.8348963315413069,13.0,30
2026-08-01-down-to-the-third,synthetic,m2_env_at,0.1962705313644906,0.4963227667538527,3,0.5101909677377817,6,0.5101909677377817,5.0,30
2026-08-01-down-to-the-third,synthetic,m3_chroma,0.9275249242782592,0.6125797033309937,1,0.83344566822052,1,0.83344566822052,1.0,30
2026-08-01-down-to-the-third,synthetic,m3_chroma_dtw,0.9779868721961976,0.6894415616989136,1,0.974933624267578,1,0.974933624267578,1.0,30
2026-08-01-down-to-the-third,synthetic,m4_cqt,0.8964354991912842,0.5867009162902832,1,0.79892498254776,1,0.79892498254776,1.0,30
2026-08-01-down-to-the-third,synthetic,m4_cqt_dtw,0.9460094571113586,0.7390631437301636,1,0.9298969507217408,1,0.9298969507217408,1.0,30
2026-08-01-down-to-the-third,synthetic,m5_cover,0.9302853897486868,0.562540052432275,1,0.7214611872146119,1,0.7214611872146119,1.0,30
2026-08-01-down-to-the-third,synthetic,m5_cover_strict,0.9302853897486868,0.562540052432275,1,0.7214611872146119,1,0.7214611872146119,1.0,30
2026-08-01-flat-five-chromatic-down,sampled,m1_raw,0.0694018780400766,0.0348072360459927,1,0.0885909786359383,2,0.0885909786359383,2.0,32
2026-08-01-flat-five-chromatic-down,sampled,m2_env,0.539696001409122,0.5959034012519868,4,0.6201043673183313,11,0.6201043673183313,11.0,32
2026-08-01-flat-five-chromatic-down,sampled,m2_env_at,0.4516914608639273,0.4780436581596058,2,0.5197748790421881,6,0.5197748790421881,6.0,32
2026-08-01-flat-five-chromatic-down,sampled,m3_chroma,0.9643937945365906,0.4797641634941101,1,0.6435092091560364,1,0.6435092091560364,1.0,32
2026-08-01-flat-five-chromatic-down,sampled,m3_chroma_dtw,0.97202730178833,0.5086661577224731,1,0.7078368663787842,1,0.7078368663787842,1.0,32
2026-08-01-flat-five-chromatic-down,sampled,m4_cqt,0.8380223512649536,0.5647838711738586,1,0.5760080814361572,1,0.5760080814361572,1.0,32
2026-08-01-flat-five-chromatic-down,sampled,m4_cqt_dtw,0.8553241491317749,0.5748456716537476,1,0.6273869276046753,1,0.6273869276046753,1.0,32
2026-08-01-flat-five-chromatic-down,sampled,m5_cover,0.932093680122396,0.2039173598068151,1,0.6150636344669309,1,0.6150636344669309,1.0,32
2026-08-01-flat-five-chromatic-down,sampled,m5_cover_strict,0.932093680122396,0.2039173598068151,1,0.6150636344669309,1,0.6150636344669309,1.0,32
2026-08-01-flat-five-chromatic-down,synthetic,m1_raw,0.0846526748414294,0.0552038937584074,1,0.0870956443553726,2,0.0870956443553726,2.0,32
2026-08-01-flat-five-chromatic-down,synthetic,m2_env,0.6847407720636671,0.7223049358670391,8,0.7632937151713788,11,0.7632937151713788,11.0,32
2026-08-01-flat-five-chromatic-down,synthetic,m2_env_at,0.1715505923069977,0.1807905732492319,2,0.3702593385921749,13,0.3702593385921749,11.0,32
2026-08-01-flat-five-chromatic-down,synthetic,m3_chroma,0.9621366262435912,0.4087814390659332,1,0.6402708888053894,1,0.6402708888053894,1.0,32
2026-08-01-flat-five-chromatic-down,synthetic,m3_chroma_dtw,0.9722787141799928,0.4827877283096313,1,0.7050424814224243,1,0.7050424814224243,1.0,32
2026-08-01-flat-five-chromatic-down,synthetic,m4_cqt,0.79490727186203,0.5308330059051514,1,0.5524532198905945,1,0.5524532198905945,1.0,32
2026-08-01-flat-five-chromatic-down,synthetic,m4_cqt_dtw,0.806485116481781,0.5436466932296753,1,0.6042044162750244,1,0.6042044162750244,1.0,32
2026-08-01-flat-five-chromatic-down,synthetic,m5_cover,0.9320148331273176,0.2143950995405819,1,0.6150636344669309,1,0.6150636344669309,1.0,32
2026-08-01-flat-five-chromatic-down,synthetic,m5_cover_strict,0.9320148331273176,0.2143950995405819,1,0.6150636344669309,1,0.6150636344669309,1.0,32
2026-08-10-pent-1-2-3-5-eighth-run-hold,sampled,m1_raw,0.1751301774959562,0.1151570446297458,1,0.1432861639860604,1,0.1231549968572678,1.0,30
2026-08-10-pent-1-2-3-5-eighth-run-hold,sampled,m2_env,0.3686414611306628,0.4669075349717504,8,0.7005598910756773,38,0.6345331215470239,28.0,30
2026-08-10-pent-1-2-3-5-eighth-run-hold,sampled,m2_env_at,0.2810916808729047,0.3045688411963216,2,0.2953544616882287,3,0.2953544616882287,2.0,30
2026-08-10-pent-1-2-3-5-eighth-run-hold,sampled,m3_chroma,0.8794100284576416,0.5412821173667908,1,0.805497944355011,1,0.6966501474380493,1.0,30
2026-08-10-pent-1-2-3-5-eighth-run-hold,sampled,m3_chroma_dtw,0.9232102632522584,0.6136183738708496,1,0.9507765769958496,3,0.9081658124923706,1.0,30
2026-08-10-pent-1-2-3-5-eighth-run-hold,sampled,m4_cqt,0.8840285539627075,0.6045068502426147,1,0.531990110874176,1,0.510272204875946,1.0,30
2026-08-10-pent-1-2-3-5-eighth-run-hold,sampled,m4_cqt_dtw,0.9128763675689696,0.6512284874916077,1,0.8948206901550293,1,0.8948206901550293,1.0,30
2026-08-10-pent-1-2-3-5-eighth-run-hold,sampled,m5_cover,0.8566424380418601,0.2222222222222222,1,0.4447552447552447,1,0.4447552447552447,1.0,30
2026-08-10-pent-1-2-3-5-eighth-run-hold,sampled,m5_cover_strict,0.8566424380418601,0.2222222222222222,1,0.4447552447552447,1,0.4447552447552447,1.0,30
2026-08-10-pent-1-2-3-5-eighth-run-hold,synthetic,m1_raw,0.2719698894645663,0.2268523923162139,1,0.1416886662536928,1,0.1408709310257055,1.0,30
2026-08-10-pent-1-2-3-5-eighth-run-hold,synthetic,m2_env,0.6488787452516189,0.6640399925928828,3,0.8507641082364386,22,0.8507641082364386,16.0,30
2026-08-10-pent-1-2-3-5-eighth-run-hold,synthetic,m2_env_at,0.517697210605585,0.1734679495836515,1,0.3753336557299037,1,0.3753336557299037,1.0,30
2026-08-10-pent-1-2-3-5-eighth-run-hold,synthetic,m3_chroma,0.875116229057312,0.4580235481262207,1,0.787433385848999,1,0.6746269464492798,1.0,30
2026-08-10-pent-1-2-3-5-eighth-run-hold,synthetic,m3_chroma_dtw,0.925454556941986,0.550110936164856,1,0.960173487663269,3,0.9098389148712158,1.0,30
2026-08-10-pent-1-2-3-5-eighth-run-hold,synthetic,m4_cqt,0.8943233489990234,0.5989673137664795,1,0.5204253792762756,1,0.5204253792762756,1.0,30
2026-08-10-pent-1-2-3-5-eighth-run-hold,synthetic,m4_cqt_dtw,0.9186018109321594,0.6382536888122559,1,0.9038869142532348,1,0.9038869142532348,1.0,30
2026-08-10-pent-1-2-3-5-eighth-run-hold,synthetic,m5_cover,0.8484848484848485,0.2222222222222222,1,0.4447552447552447,1,0.4447552447552447,1.0,30
2026-08-10-pent-1-2-3-5-eighth-run-hold,synthetic,m5_cover_strict,0.8484848484848485,0.2222222222222222,1,0.4447552447552447,1,0.4447552447552447,1.0,30
2026-08-11-blue-note-climb,sampled,m1_raw,0.0880753297721854,0.0940710739001015,2,0.1970657758011858,18,0.1970657758011858,13.0,32
2026-08-11-blue-note-climb,sampled,m2_env,0.4890261406350032,0.544235302416072,6,0.748715992970313,34,0.748715992970313,29.0,32
2026-08-11-blue-note-climb,sampled,m2_env_at,0.4890261406350032,0.4123842224901227,1,0.6940170359149443,2,0.6940170359149443,2.0,32
2026-08-11-blue-note-climb,sampled,m3_chroma,0.8278613686561584,0.4269288182258606,1,0.8840346336364746,3,0.8840346336364746,3.0,32
2026-08-11-blue-note-climb,sampled,m3_chroma_dtw,0.9441864490509032,0.5470473170280457,1,0.9626260995864868,2,0.9626260995864868,2.0,32
2026-08-11-blue-note-climb,sampled,m4_cqt,0.8380428552627563,0.5907579660415649,1,0.8917946815490723,3,0.8917946815490723,3.0,32
2026-08-11-blue-note-climb,sampled,m4_cqt_dtw,0.9550276398658752,0.7694942951202393,1,0.9564706087112428,2,0.9564706087112428,2.0,32
2026-08-11-blue-note-climb,sampled,m5_cover,0.8928781818745543,0.2369426751592356,1,0.8077141236528645,1,0.8077141236528645,1.0,32
2026-08-11-blue-note-climb,sampled,m5_cover_strict,0.8928781818745543,0.2369426751592356,1,0.8077141236528645,1,0.8077141236528645,1.0,32
2026-08-11-blue-note-climb,synthetic,m1_raw,0.0686410150054485,0.1038976671147906,2,0.1441095338568496,17,0.1412691182657917,13.0,32
2026-08-11-blue-note-climb,synthetic,m2_env,0.5796395300099882,0.5865180051531214,3,0.8905558797137062,23,0.8905558797137062,21.0,32
2026-08-11-blue-note-climb,synthetic,m2_env_at,0.1381039436763961,0.1411987044755895,4,0.2832618064566939,6,0.2813006797173221,3.0,32
2026-08-11-blue-note-climb,synthetic,m3_chroma,0.825492799282074,0.4276939332485199,1,0.8902812004089355,3,0.8902812004089355,3.0,32
2026-08-11-blue-note-climb,synthetic,m3_chroma_dtw,0.9431275129318236,0.5398682355880737,1,0.9631603956222534,3,0.9631603956222534,3.0,32
2026-08-11-blue-note-climb,synthetic,m4_cqt,0.8429142832756042,0.5875120759010315,1,0.8971874713897705,3,0.8971874713897705,3.0,32
2026-08-11-blue-note-climb,synthetic,m4_cqt_dtw,0.9550588130950928,0.7576302886009216,1,0.9553345441818236,2,0.9553345441818236,2.0,32
2026-08-11-blue-note-climb,synthetic,m5_cover,0.8854427213606804,0.2369426751592356,1,0.7934577479555461,1,0.7934577479555461,1.0,32
2026-08-11-blue-note-climb,synthetic,m5_cover_strict,0.8854427213606804,0.2369426751592356,1,0.7934577479555461,1,0.7934577479555461,1.0,32
2026-08-11-curl-to-the-floor,sampled,m1_raw,0.2490565202776626,0.2143791586845494,1,0.21253008267264,1,0.1743120332367207,1.0,17
2026-08-11-curl-to-the-floor,sampled,m2_env,0.4710996990670523,0.536758150306856,8,0.7188773404133597,28,0.6475954390521179,9.0,17
2026-08-11-curl-to-the-floor,sampled,m2_env_at,0.2576563906301729,0.3470709424159117,5,0.3013124018574219,4,0.2604715452870488,2.0,17
2026-08-11-curl-to-the-floor,sampled,m3_chroma,0.9114859700202942,0.6312088966369629,1,0.6062127947807312,1,0.6062127947807312,1.0,17
2026-08-11-curl-to-the-floor,sampled,m3_chroma_dtw,0.938407063484192,0.7512228488922119,1,0.761167585849762,1,0.761167585849762,1.0,17
2026-08-11-curl-to-the-floor,sampled,m4_cqt,0.8835722804069519,0.6464611887931824,1,0.6440345048904419,1,0.6428390145301819,1.0,17
2026-08-11-curl-to-the-floor,sampled,m4_cqt_dtw,0.9246562719345092,0.7393056750297546,1,0.7806640863418579,1,0.7806640863418579,1.0,17
2026-08-11-curl-to-the-floor,sampled,m5_cover,0.8578282828282828,0.4816308243727599,1,0.4270833333333333,1,0.4270833333333333,1.0,17
2026-08-11-curl-to-the-floor,sampled,m5_cover_strict,0.8578282828282828,0.4816308243727599,1,0.4270833333333333,1,0.4270833333333333,1.0,17
2026-08-11-curl-to-the-floor,synthetic,m1_raw,0.2368897210713006,0.3229939456312227,2,0.320801506102012,3,0.21011171788656,1.0,17
2026-08-11-curl-to-the-floor,synthetic,m2_env,0.622830375502354,0.6571775370712415,7,0.7798352455983142,17,0.7798352455983142,5.0,17
2026-08-11-curl-to-the-floor,synthetic,m2_env_at,0.0970852814101836,0.2792345065690777,6,0.2547310670062274,14,0.2547310670062274,6.0,17
2026-08-11-curl-to-the-floor,synthetic,m3_chroma,0.8961895704269409,0.6185352802276611,1,0.5917441248893738,1,0.5917441248893738,1.0,17
2026-08-11-curl-to-the-floor,synthetic,m3_chroma_dtw,0.9240338802337646,0.7126438021659851,1,0.7536998987197876,1,0.7536998987197876,1.0,17
2026-08-11-curl-to-the-floor,synthetic,m4_cqt,0.8888685703277588,0.6447831392288208,1,0.651397705078125,1,0.651397705078125,1.0,17
2026-08-11-curl-to-the-floor,synthetic,m4_cqt_dtw,0.9285352826118468,0.7364963293075562,1,0.8577696084976196,1,0.7486442923545837,1.0,17
2026-08-11-curl-to-the-floor,synthetic,m5_cover,0.8644578313253012,0.4782608695652174,1,0.4218106995884774,1,0.4218106995884774,1.0,17
2026-08-11-curl-to-the-floor,synthetic,m5_cover_strict,0.8644578313253012,0.4782608695652174,1,0.4218106995884774,1,0.4218106995884774,1.0,17
2026-08-13-blue-note-roll-off,sampled,m1_raw,0.2563238903292038,0.2092252891827953,1,0.2603278219511595,2,0.2603278219511595,2.0,30
2026-08-13-blue-note-roll-off,sampled,m2_env,0.5487506824501074,0.6150131047100347,5,0.6624464732877168,24,0.6442621504347905,18.0,30
2026-08-13-blue-note-roll-off,sampled,m2_env_at,0.2727782326574285,0.3174200827539264,4,0.5913502720089346,11,0.5913502720089346,8.0,30
2026-08-13-blue-note-roll-off,sampled,m3_chroma,0.9513858556747437,0.5396015048027039,1,0.7529527544975281,1,0.7529527544975281,1.0,30
2026-08-13-blue-note-roll-off,sampled,m3_chroma_dtw,0.963742733001709,0.6691522002220154,1,0.9686824083328248,2,0.9686824083328248,2.0,30
2026-08-13-blue-note-roll-off,sampled,m4_cqt,0.9539377689361572,0.6122792959213257,1,0.7382790446281433,1,0.7382790446281433,1.0,30
2026-08-13-blue-note-roll-off,sampled,m4_cqt_dtw,0.9574851989746094,0.6884227991104126,1,0.96772700548172,2,0.96772700548172,2.0,30
2026-08-13-blue-note-roll-off,sampled,m5_cover,0.929170383586084,0.4610047846889952,1,0.7308693388859969,1,0.7308693388859969,1.0,30
2026-08-13-blue-note-roll-off,sampled,m5_cover_strict,0.929170383586084,0.4610047846889952,1,0.7308693388859969,1,0.7308693388859969,1.0,30
2026-08-13-blue-note-roll-off,synthetic,m1_raw,0.2305364211349116,0.1762741573722279,1,0.2519552287155024,4,0.2519552287155024,4.0,30
2026-08-13-blue-note-roll-off,synthetic,m2_env,0.4321232423414842,0.4763331358912945,8,0.7973855958082202,35,0.7973855958082202,26.0,30
2026-08-13-blue-note-roll-off,synthetic,m2_env_at,0.3239366206005414,0.3366301375913211,4,0.3425105639008808,2,0.3160065612071321,1.0,30
2026-08-13-blue-note-roll-off,synthetic,m3_chroma,0.948854386806488,0.5161613821983337,1,0.753955602645874,1,0.753955602645874,1.0,30
2026-08-13-blue-note-roll-off,synthetic,m3_chroma_dtw,0.9640195965766908,0.66599041223526,1,0.9666112065315248,2,0.9666112065315248,2.0,30
2026-08-13-blue-note-roll-off,synthetic,m4_cqt,0.9454633593559264,0.5963457822799683,1,0.7373445630073547,1,0.7373445630073547,1.0,30
2026-08-13-blue-note-roll-off,synthetic,m4_cqt_dtw,0.9482864141464232,0.641836404800415,1,0.9582147002220154,2,0.9582147002220154,2.0,30
2026-08-13-blue-note-roll-off,synthetic,m5_cover,0.9357776463630988,0.471578947368421,1,0.7431192660550459,1,0.7431192660550459,1.0,30
2026-08-13-blue-note-roll-off,synthetic,m5_cover_strict,0.9357776463630988,0.471578947368421,1,0.7431192660550459,1,0.7431192660550459,1.0,30
2026-08-13-slide-back-down,sampled,m1_raw,0.2733754833613789,0.1829635413748381,1,0.2623406473227694,1,0.1618926056574291,1.0,17
2026-08-13-slide-back-down,sampled,m2_env,0.5842895378257658,0.6975977271060608,5,0.7073995166549509,22,0.6717266781620175,11.0,17
2026-08-13-slide-back-down,sampled,m2_env_at,0.0,0.1980807566114182,11,0.5449999228397673,42,0.5449999228397673,18.0,17
2026-08-13-slide-back-down,sampled,m3_chroma,0.9235385060310364,0.557636022567749,1,0.5922043919563293,1,0.5922043919563293,1.0,17
2026-08-13-slide-back-down,sampled,m3_chroma_dtw,0.9818753004074096,0.6939462423324585,1,0.8381660580635071,1,0.8078062534332275,1.0,17
2026-08-13-slide-back-down,sampled,m4_cqt,0.9003031849861145,0.5839477777481079,1,0.5535301566123962,1,0.5535301566123962,1.0,17
2026-08-13-slide-back-down,sampled,m4_cqt_dtw,0.964134693145752,0.6882790327072144,1,0.8300505876541138,1,0.7883279919624329,1.0,17
2026-08-13-slide-back-down,sampled,m5_cover,0.9110629067245118,0.3339893168400337,1,0.4721141374837873,1,0.4721141374837873,1.0,17
2026-08-13-slide-back-down,sampled,m5_cover_strict,0.9110629067245118,0.3339893168400337,1,0.4721141374837873,1,0.4721141374837873,1.0,17
2026-08-13-slide-back-down,synthetic,m1_raw,0.2961911025960176,0.2138924548800106,1,0.25148972749481,1,0.1886809211757679,1.0,17
2026-08-13-slide-back-down,synthetic,m2_env,0.6419810032839687,0.6555421802423899,4,0.8096149233412443,26,0.7744553963048707,8.0,17
2026-08-13-slide-back-down,synthetic,m2_env_at,0.254617063670826,0.2625774493818346,2,0.402979009894018,8,0.351792502707286,5.0,17
2026-08-13-slide-back-down,synthetic,m3_chroma,0.9259453415870668,0.5444550514221191,1,0.5929039120674133,1,0.5929039120674133,1.0,17
2026-08-13-slide-back-down,synthetic,m3_chroma_dtw,0.9841464757919312,0.6638641357421875,1,0.8373805284500122,1,0.8056774139404297,1.0,17
2026-08-13-slide-back-down,synthetic,m4_cqt,0.893323540687561,0.5539568066596985,1,0.5507571697235107,1,0.5507571697235107,1.0,17
2026-08-13-slide-back-down,synthetic,m4_cqt_dtw,0.9499305486679076,0.6779628992080688,1,0.8345521688461304,1,0.7873908877372742,1.0,17
2026-08-13-slide-back-down,synthetic,m5_cover,0.9110629067245118,0.3339893168400337,1,0.4663939216832262,1,0.4663939216832262,1.0,17
2026-08-13-slide-back-down,synthetic,m5_cover_strict,0.9110629067245118,0.3339893168400337,1,0.4663939216832262,1,0.4663939216832262,1.0,17
2026-08-18-blues-curl-up,sampled,m1_raw,0.1563777319939233,0.089084003374317,1,0.1539184305947423,1,0.1209189571347245,1.0,32
2026-08-18-blues-curl-up,sampled,m2_env,0.5948707943827316,0.6869859668931779,2,0.7372311149642945,11,0.7372311149642945,11.0,32
2026-08-18-blues-curl-up,sampled,m2_env_at,0.3787728690563597,0.4521067270795069,7,0.4589463207999528,8,0.4589463207999528,8.0,32
2026-08-18-blues-curl-up,sampled,m3_chroma,0.9354997277259828,0.3968709707260132,1,0.6425712704658508,1,0.6425712704658508,1.0,32
2026-08-18-blues-curl-up,sampled,m3_chroma_dtw,0.98571115732193,0.5005080699920654,1,0.6943975687026978,1,0.6943975687026978,1.0,32
2026-08-18-blues-curl-up,sampled,m4_cqt,0.9282940626144408,0.5944575667381287,1,0.4564843773841858,1,0.4564843773841858,1.0,32
2026-08-18-blues-curl-up,sampled,m4_cqt_dtw,0.9765188097953796,0.6823209524154663,1,0.5232545733451843,1,0.5232545733451843,1.0,32
2026-08-18-blues-curl-up,sampled,m5_cover,0.9422420891659804,0.2756435643564356,1,0.4179666487358794,1,0.4179666487358794,1.0,32
2026-08-18-blues-curl-up,sampled,m5_cover_strict,0.9422420891659804,0.2756435643564356,1,0.4179666487358794,1,0.4179666487358794,1.0,32
2026-08-18-blues-curl-up,synthetic,m1_raw,0.1411776607146438,0.091100287075514,1,0.1368437214380561,1,0.116969974949443,1.0,32
2026-08-18-blues-curl-up,synthetic,m2_env,0.7080778274865585,0.7128184511148581,5,0.821999730831259,11,0.821999730831259,9.0,32
2026-08-18-blues-curl-up,synthetic,m2_env_at,0.2757947674219984,0.0490301188341544,1,0.3731965353822032,3,0.2922772244366544,2.0,32
2026-08-18-blues-curl-up,synthetic,m3_chroma,0.941014528274536,0.3859265148639679,1,0.6481218934059143,1,0.6481218934059143,1.0,32
2026-08-18-blues-curl-up,synthetic,m3_chroma_dtw,0.9860170483589172,0.4730992317199707,1,0.6898828148841858,1,0.6898828148841858,1.0,32
2026-08-18-blues-curl-up,synthetic,m4_cqt,0.9367199540138244,0.5927593111991882,1,0.4639762639999389,1,0.4639762639999389,1.0,32
2026-08-18-blues-curl-up,synthetic,m4_cqt_dtw,0.977020502090454,0.6808565855026245,1,0.5323809385299683,1,0.5323809385299683,1.0,32
2026-08-18-blues-curl-up,synthetic,m5_cover,0.942339373970346,0.2862595419847328,1,0.4179666487358794,1,0.4179666487358794,1.0,32
2026-08-18-blues-curl-up,synthetic,m5_cover_strict,0.942339373970346,0.2862595419847328,1,0.4179666487358794,1,0.4179666487358794,1.0,32
2026-09-03-tonic-turn-with-leading-tone,sampled,m1_raw,0.0940922476923374,0.0913798295455291,1,0.0890775699820173,1,0.0890775699820173,1.0,30
2026-09-03-tonic-turn-with-leading-tone,sampled,m2_env,0.5934624888890295,0.6242774704007665,2,0.6598205441008921,11,0.6598205441008921,8.0,30
2026-09-03-tonic-turn-with-leading-tone,sampled,m2_env_at,0.1599470526239637,0.5305992305988939,6,0.4206588807464428,21,0.4206588807464428,18.0,30
2026-09-03-tonic-turn-with-leading-tone,sampled,m3_chroma,0.8816017508506775,0.3846647441387176,1,0.6618921756744385,1,0.6618921756744385,1.0,30
2026-09-03-tonic-turn-with-leading-tone,sampled,m3_chroma_dtw,0.9571919441223145,0.5734845399856567,1,0.9397448897361756,1,0.9397448897361756,1.0,30
2026-09-03-tonic-turn-with-leading-tone,sampled,m4_cqt,0.7918820977210999,0.531540036201477,1,0.6779122948646545,1,0.6779122948646545,1.0,30
2026-09-03-tonic-turn-with-leading-tone,sampled,m4_cqt_dtw,0.8828759789466858,0.7819154262542725,1,0.828472912311554,1,0.828472912311554,1.0,30
2026-09-03-tonic-turn-with-leading-tone,sampled,m5_cover,0.8649050986229996,0.2734026745913819,1,0.578752107925801,1,0.578752107925801,1.0,30
2026-09-03-tonic-turn-with-leading-tone,sampled,m5_cover_strict,0.8649050986229996,0.2734026745913819,1,0.578752107925801,1,0.578752107925801,1.0,30
2026-09-03-tonic-turn-with-leading-tone,synthetic,m1_raw,0.0894570063622833,0.0874674689867349,1,0.0744656028996372,1,0.0744656028996372,1.0,30
2026-09-03-tonic-turn-with-leading-tone,synthetic,m2_env,0.6343003426448254,0.6476012668446758,5,0.6506906948503198,3,0.6440583537506092,2.0,30
2026-09-03-tonic-turn-with-leading-tone,synthetic,m2_env_at,0.3587553671301583,0.643396072640352,5,0.472101261967042,7,0.472101261967042,6.0,30
2026-09-03-tonic-turn-with-leading-tone,synthetic,m3_chroma,0.8782696723937988,0.3567360341548919,1,0.6431657075881958,1,0.6431657075881958,1.0,30
2026-09-03-tonic-turn-with-leading-tone,synthetic,m3_chroma_dtw,0.9575554728507996,0.538250207901001,1,0.9432725310325624,1,0.9432725310325624,1.0,30
2026-09-03-tonic-turn-with-leading-tone,synthetic,m4_cqt,0.778527021408081,0.5095980167388916,1,0.6609154939651489,1,0.6609154939651489,1.0,30
2026-09-03-tonic-turn-with-leading-tone,synthetic,m4_cqt_dtw,0.8710200190544128,0.769869863986969,1,0.8151258230209351,1,0.8151258230209351,1.0,30
2026-09-03-tonic-turn-with-leading-tone,synthetic,m5_cover,0.8662562954672636,0.2807017543859649,1,0.5808848362039851,1,0.5808848362039851,1.0,30
2026-09-03-tonic-turn-with-leading-tone,synthetic,m5_cover_strict,0.8662562954672636,0.2807017543859649,1,0.5808848362039851,1,0.5808848362039851,1.0,30
2026-09-09-blue-note-drop,sampled,m1_raw,0.2658880892731696,0.2427697242300734,1,0.2967226428158293,4,0.2967226428158293,4.0,32
2026-09-09-blue-note-drop,sampled,m2_env,0.5457217258636724,0.5664847555793379,3,0.6927098431365147,8,0.6927098431365147,8.0,32
2026-09-09-blue-note-drop,sampled,m2_env_at,0.4811251196675108,0.5223576644662735,2,0.678147668420621,2,0.678147668420621,2.0,32
2026-09-09-blue-note-drop,sampled,m3_chroma,0.9630733728408812,0.6001207232475281,1,0.6885793805122375,1,0.6885793805122375,1.0,32
2026-09-09-blue-note-drop,sampled,m3_chroma_dtw,0.9694181084632874,0.6184525489807129,1,0.7708666324615479,1,0.7708666324615479,1.0,32
2026-09-09-blue-note-drop,sampled,m4_cqt,0.9045768976211548,0.5306651592254639,1,0.6181708574295044,1,0.6181708574295044,1.0,32
2026-09-09-blue-note-drop,sampled,m4_cqt_dtw,0.922219693660736,0.5667914152145386,1,0.7263321876525879,1,0.7263321876525879,1.0,32
2026-09-09-blue-note-drop,sampled,m5_cover,0.9383886255924172,0.182350073135056,1,0.6666666666666666,1,0.6666666666666666,1.0,32
2026-09-09-blue-note-drop,sampled,m5_cover_strict,0.9383886255924172,0.182350073135056,1,0.6666666666666666,1,0.6666666666666666,1.0,32
2026-09-09-blue-note-drop,synthetic,m1_raw,0.2759740208724165,0.2608808257186696,1,0.2620507620539284,1,0.2620507620539284,1.0,32
2026-09-09-blue-note-drop,synthetic,m2_env,0.6196704642449689,0.6503216897662661,5,0.722393411422617,17,0.722393411422617,17.0,32
2026-09-09-blue-note-drop,synthetic,m2_env_at,0.0908251289965077,0.1455129675734794,7,0.1849474623598771,7,0.1849474623598771,6.0,32
2026-09-09-blue-note-drop,synthetic,m3_chroma,0.9201306104660034,0.5907039642333984,1,0.6729164123535156,1,0.6729164123535156,1.0,32
2026-09-09-blue-note-drop,synthetic,m3_chroma_dtw,0.9331580996513368,0.6121717691421509,1,0.7588459253311157,1,0.7588459253311157,1.0,32
2026-09-09-blue-note-drop,synthetic,m4_cqt,0.8686275482177734,0.5250431895256042,1,0.5983278155326843,1,0.5983278155326843,1.0,32
2026-09-09-blue-note-drop,synthetic,m4_cqt_dtw,0.880871057510376,0.5585302114486694,1,0.703902006149292,1,0.703902006149292,1.0,32
2026-09-09-blue-note-drop,synthetic,m5_cover,0.9383886255924172,0.2590673575129533,1,0.6666666666666666,1,0.6666666666666666,1.0,32
2026-09-09-blue-note-drop,synthetic,m5_cover_strict,0.9383886255924172,0.2590673575129533,1,0.6666666666666666,1,0.6666666666666666,1.0,32
2026-09-09-climb-to-five,sampled,m1_raw,0.1975231956821192,0.3008584183541963,4,0.358268785661152,3,0.2314092853336181,2.0,30
2026-09-09-climb-to-five,sampled,m2_env,0.5164288163390264,0.4950523112518849,1,0.6301045535785689,12,0.6001937831945425,9.0,30
2026-09-09-climb-to-five,sampled,m2_env_at,0.5164288163390264,0.4740120214251698,1,0.4886704935517691,1,0.4886704935517691,1.0,30
2026-09-09-climb-to-five,sampled,m3_chroma,0.957467794418335,0.598301112651825,1,0.6699123382568359,1,0.6265736818313599,1.0,30
2026-09-09-climb-to-five,sampled,m3_chroma_dtw,0.9836441278457642,0.6672990918159485,1,0.9348379969596864,1,0.9348379969596864,1.0,30
2026-09-09-climb-to-five,sampled,m4_cqt,0.8955811262130737,0.5710780024528503,1,0.6374869346618652,1,0.6374869346618652,1.0,30
2026-09-09-climb-to-five,sampled,m4_cqt_dtw,0.9460631608963012,0.6307884454727173,1,0.9203639626502992,1,0.9203639626502992,1.0,30
2026-09-09-climb-to-five,sampled,m5_cover,0.9215604464378848,0.4887188542279773,1,0.5959602199024029,1,0.5959602199024029,1.0,30
2026-09-09-climb-to-five,sampled,m5_cover_strict,0.9215604464378848,0.4887188542279773,1,0.5959602199024029,1,0.5959602199024029,1.0,30
2026-09-09-climb-to-five,synthetic,m1_raw,0.1957967010044318,0.2711250493192467,3,0.3790189207025939,3,0.2692223522288032,2.0,30
2026-09-09-climb-to-five,synthetic,m2_env,0.6146484202084178,0.6205497739422284,3,0.7942867692163933,17,0.7942867692163933,16.0,30
2026-09-09-climb-to-five,synthetic,m2_env_at,0.2539864689419009,0.2596542467246494,2,0.3835029537216652,2,0.3835029537216652,2.0,30
2026-09-09-climb-to-five,synthetic,m3_chroma,0.9292692542076112,0.5751604437828064,1,0.6496145725250244,1,0.6129257082939148,1.0,30
2026-09-09-climb-to-five,synthetic,m3_chroma_dtw,0.9694753289222716,0.6252254247665405,1,0.9402466416358948,1,0.9402466416358948,1.0,30
2026-09-09-climb-to-five,synthetic,m4_cqt,0.8362983465194702,0.5405577421188354,1,0.6116299033164978,1,0.584047794342041,1.0,30
2026-09-09-climb-to-five,synthetic,m4_cqt_dtw,0.8950628042221069,0.6037685871124268,1,0.8978606462478638,2,0.8978606462478638,2.0,30
2026-09-09-climb-to-five,synthetic,m5_cover,0.9213682344352904,0.4994230769230769,1,0.6072454028957175,1,0.6072454028957175,1.0,30
2026-09-09-climb-to-five,synthetic,m5_cover_strict,0.9213682344352904,0.4994230769230769,1,0.6072454028957175,1,0.6072454028957175,1.0,30
2026-09-12-four-to-five,sampled,m1_raw,0.1533276162385072,0.209323390586161,2,0.2722403658205148,11,0.2722403658205148,7.0,30
2026-09-12-four-to-five,sampled,m2_env,0.3979963145340098,0.3990289853420545,2,0.7180455537836655,37,0.7180455537836655,28.0,30
2026-09-12-four-to-five,sampled,m2_env_at,0.3302256699495189,0.3322709266570334,2,0.4290102942180653,4,0.3751760114187469,3.0,30
2026-09-12-four-to-five,sampled,m3_chroma,0.855822741985321,0.4298890233039856,1,0.894146740436554,2,0.894146740436554,2.0,30
2026-09-12-four-to-five,sampled,m3_chroma_dtw,0.9746845960617064,0.5441136360168457,1,0.9726153016090392,1,0.9726153016090392,1.0,30
2026-09-12-four-to-five,sampled,m4_cqt,0.8177052736282349,0.5480045080184937,1,0.8568969368934631,2,0.8568969368934631,2.0,30
2026-09-12-four-to-five,sampled,m4_cqt_dtw,0.9459120631217957,0.7458442449569702,1,0.9433759450912476,1,0.9433759450912476,1.0,30
2026-09-12-four-to-five,sampled,m5_cover,0.8677896886166412,0.3642965204236006,1,0.8110408280621046,1,0.8110408280621046,1.0,30
2026-09-12-four-to-five,sampled,m5_cover_strict,0.8677896886166412,0.3642965204236006,1,0.8110408280621046,1,0.8110408280621046,1.0,30
2026-09-12-four-to-five,synthetic,m1_raw,0.113636800015381,0.1589223823274965,2,0.1802084158825713,10,0.1802084158825713,7.0,30
2026-09-12-four-to-five,synthetic,m2_env,0.5526580604624135,0.6016717141035539,8,0.7820205213195809,25,0.7820205213195809,20.0,30
2026-09-12-four-to-five,synthetic,m2_env_at,0.1220622914554406,0.1080010167566777,1,0.4903514465336505,8,0.3104452118756467,5.0,30
2026-09-12-four-to-five,synthetic,m3_chroma,0.8549340963363647,0.4261412024497986,1,0.9004652500152588,2,0.9004652500152588,2.0,30
2026-09-12-four-to-five,synthetic,m3_chroma_dtw,0.9766852259635924,0.4904497265815735,1,0.974246084690094,1,0.974246084690094,1.0,30
2026-09-12-four-to-five,synthetic,m4_cqt,0.8160819411277771,0.5360938906669617,1,0.8591630458831787,2,0.8591630458831787,2.0,30
2026-09-12-four-to-five,synthetic,m4_cqt_dtw,0.942205548286438,0.7538990378379822,1,0.9345837235450744,1,0.9345837235450744,1.0,30
2026-09-12-four-to-five,synthetic,m5_cover,0.8684580334710216,0.4043126684636119,1,0.8110408280621046,1,0.8110408280621046,1.0,30
2026-09-12-four-to-five,synthetic,m5_cover_strict,0.8684580334710216,0.4043126684636119,1,0.8110408280621046,1,0.8110408280621046,1.0,30
2026-09-16-sharp-9-flat-9-dom,sampled,m1_raw,0.2036904394639888,0.1128713487076717,1,0.2552068073762075,5,0.1120967696878516,1.0,2
2026-09-16-sharp-9-flat-9-dom,sampled,m2_env,0.4986471505138162,0.5321103840261945,4,0.595575226597338,28,0.5120836196371341,2.0,2
2026-09-16-sharp-9-flat-9-dom,sampled,m2_env_at,0.2669404589431374,0.2706062149488611,2,0.5400459566328505,17,0.2105169766943773,1.0,2
2026-09-16-sharp-9-flat-9-dom,sampled,m3_chroma,0.8490229845046997,0.5189144611358643,1,0.5487021803855896,1,0.3204370141029358,1.0,2
2026-09-16-sharp-9-flat-9-dom,sampled,m3_chroma_dtw,0.8931431770324707,0.5863831639289856,1,0.6840518116950989,1,0.491370141506195,1.0,2
2026-09-16-sharp-9-flat-9-dom,sampled,m4_cqt,0.7764884233474731,0.5483694076538086,1,0.5451887249946594,1,0.2436687499284744,1.0,2
2026-09-16-sharp-9-flat-9-dom,sampled,m4_cqt_dtw,0.8360334038734436,0.6285669803619385,1,0.723804771900177,1,0.4742870926856994,1.0,2
2026-09-16-sharp-9-flat-9-dom,sampled,m5_cover,0.7292201382033565,0.2331893892658852,1,0.4657712305025996,1,0.0744680851063829,1.0,2
2026-09-16-sharp-9-flat-9-dom,sampled,m5_cover_strict,0.6783060921248142,0.2331893892658852,1,0.4657712305025996,1,0.0744680851063829,1.0,2
2026-09-16-sharp-9-flat-9-dom,synthetic,m1_raw,0.1950922978026721,0.1070933623622912,1,0.2276747921911369,2,0.099394147250114,1.0,2
2026-09-16-sharp-9-flat-9-dom,synthetic,m2_env,0.4461779116614112,0.4588568819938681,6,0.5327577224954362,9,0.5327577224954362,2.0,2
2026-09-16-sharp-9-flat-9-dom,synthetic,m2_env_at,0.1699617405825116,0.3987754498256877,2,0.3901253293548785,6,0.0,1.0,2
2026-09-16-sharp-9-flat-9-dom,synthetic,m3_chroma,0.8175617456436157,0.5150471925735474,1,0.5237369537353516,1,0.3086497783660888,1.0,2
2026-09-16-sharp-9-flat-9-dom,synthetic,m3_chroma_dtw,0.8612127304077148,0.5707906484603882,1,0.6484397649765015,1,0.4221510887145996,1.0,2
2026-09-16-sharp-9-flat-9-dom,synthetic,m4_cqt,0.7608127593994141,0.531184732913971,1,0.5233097672462463,1,0.2306442260742187,1.0,2
2026-09-16-sharp-9-flat-9-dom,synthetic,m4_cqt_dtw,0.8167498707771301,0.6199044585227966,1,0.7065351009368896,1,0.4573193788528442,1.0,2
2026-09-16-sharp-9-flat-9-dom,synthetic,m5_cover,0.7198086887206058,0.2307692307692307,1,0.4493162578684611,1,0.1140684410646387,1.0,2
2026-09-16-sharp-9-flat-9-dom,synthetic,m5_cover_strict,0.6774295998306161,0.2307692307692307,1,0.4493162578684611,1,0.1140684410646387,1.0,2
2026-09-18-blues-curl-up,sampled,m1_raw,0.1065762415262173,0.1363013133507015,2,0.1363013133507015,4,0.1363013133507015,3.0,32
2026-09-18-blues-curl-up,sampled,m2_env,0.6555940836132,0.6996034268749816,4,0.7467178888719401,8,0.7467178888719401,8.0,32
2026-09-18-blues-curl-up,sampled,m2_env_at,0.3160182386517627,0.4224962179779355,5,0.5104281256155674,10,0.5104281256155674,9.0,32
2026-09-18-blues-curl-up,sampled,m3_chroma,0.9205121397972108,0.4750920534133911,1,0.6151998043060303,1,0.6151998043060303,1.0,32
2026-09-18-blues-curl-up,sampled,m3_chroma_dtw,0.9586127400398254,0.5627038478851318,1,0.7803616523742676,1,0.7803616523742676,1.0,32
2026-09-18-blues-curl-up,sampled,m4_cqt,0.9231467247009276,0.5958770513534546,1,0.6063041687011719,1,0.6063041687011719,1.0,32
2026-09-18-blues-curl-up,sampled,m4_cqt_dtw,0.9611157774925232,0.6266061067581177,1,0.6342043280601501,1,0.6342043280601501,1.0,32
2026-09-18-blues-curl-up,sampled,m5_cover,0.944823572977834,0.2619002822201317,1,0.533084461035931,1,0.533084461035931,1.0,32
2026-09-18-blues-curl-up,sampled,m5_cover_strict,0.944823572977834,0.2619002822201317,1,0.533084461035931,1,0.533084461035931,1.0,32
2026-09-18-blues-curl-up,synthetic,m1_raw,0.1504093890984116,0.1801384909227364,2,0.230767073024491,4,0.1802331147565748,3.0,32
2026-09-18-blues-curl-up,synthetic,m2_env,0.8220709034220518,0.8351578452046231,8,0.8482922723602525,4,0.8482922723602525,4.0,32
2026-09-18-blues-curl-up,synthetic,m2_env_at,0.2046198169849805,0.2311639357659313,8,0.5333038971350752,9,0.5333038971350752,8.0,32
2026-09-18-blues-curl-up,synthetic,m3_chroma,0.9127015471458436,0.4632067680358886,1,0.6201419830322266,1,0.6201419830322266,1.0,32
2026-09-18-blues-curl-up,synthetic,m3_chroma_dtw,0.9535866379737854,0.5331674814224243,1,0.7276556491851807,1,0.7276556491851807,1.0,32
2026-09-18-blues-curl-up,synthetic,m4_cqt,0.9221221804618835,0.5938794612884521,1,0.6068413257598877,1,0.6068413257598877,1.0,32
2026-09-18-blues-curl-up,synthetic,m4_cqt_dtw,0.9504309296607972,0.6316608190536499,1,0.6378006339073181,1,0.6378006339073181,1.0,32
2026-09-18-blues-curl-up,synthetic,m5_cover,0.944823572977834,0.2619002822201317,1,0.533084461035931,1,0.533084461035931,1.0,32
2026-09-18-blues-curl-up,synthetic,m5_cover_strict,0.944823572977834,0.2619002822201317,1,0.533084461035931,1,0.533084461035931,1.0,32
2026-10-01-enclosure-from-above-dotted-quar,sampled,m1_raw,0.2363846309705704,0.200837468402623,1,0.181510955429232,1,0.181510955429232,1.0,30
2026-10-01-enclosure-from-above-dotted-quar,sampled,m2_env,0.437601688604338,0.6169564008997921,9,0.7083890632253816,37,0.7083890632253816,28.0,30
2026-10-01-enclosure-from-above-dotted-quar,sampled,m2_env_at,0.1471996872824994,0.1649320787752871,2,0.4915784074103976,13,0.4915784074103976,7.0,30
2026-10-01-enclosure-from-above-dotted-quar,sampled,m3_chroma,0.8719303607940674,0.4267186820507049,1,0.6944568753242493,1,0.6944568753242493,1.0,30
2026-10-01-enclosure-from-above-dotted-quar,sampled,m3_chroma_dtw,0.9744656682014464,0.5874772071838379,1,0.827879786491394,1,0.827879786491394,1.0,30
2026-10-01-enclosure-from-above-dotted-quar,sampled,m4_cqt,0.8387842774391174,0.5414600372314453,1,0.6095580458641052,1,0.6095580458641052,1.0,30
2026-10-01-enclosure-from-above-dotted-quar,sampled,m4_cqt_dtw,0.9471772909164428,0.6694737672805786,1,0.8271452188491821,1,0.8271452188491821,1.0,30
2026-10-01-enclosure-from-above-dotted-quar,sampled,m5_cover,0.8497409326424871,0.2418113871180479,1,0.535801266439357,1,0.535801266439357,1.0,30
2026-10-01-enclosure-from-above-dotted-quar,sampled,m5_cover_strict,0.8497409326424871,0.2418113871180479,1,0.535801266439357,1,0.535801266439357,1.0,30
2026-10-01-enclosure-from-above-dotted-quar,synthetic,m1_raw,0.2577166015792068,0.2026700259019564,1,0.2208512699281644,1,0.2208512699281644,1.0,30
2026-10-01-enclosure-from-above-dotted-quar,synthetic,m2_env,0.5907178205034748,0.6063898249745342,7,0.8037639380704716,29,0.769164352186397,22.0,30
2026-10-01-enclosure-from-above-dotted-quar,synthetic,m2_env_at,0.3753080408865714,0.5349685241303607,4,0.4980424222392327,5,0.4980424222392327,4.0,30
2026-10-01-enclosure-from-above-dotted-quar,synthetic,m3_chroma,0.8694785237312317,0.4185104370117187,1,0.6663899421691895,1,0.6654792428016663,1.0,30
2026-10-01-enclosure-from-above-dotted-quar,synthetic,m3_chroma_dtw,0.9716885089874268,0.5771936178207397,1,0.8374187350273132,1,0.8374187350273132,1.0,30
2026-10-01-enclosure-from-above-dotted-quar,synthetic,m4_cqt,0.8432650566101074,0.5356716513633728,1,0.6037013530731201,1,0.6037013530731201,1.0,30
2026-10-01-enclosure-from-above-dotted-quar,synthetic,m4_cqt_dtw,0.9498496055603028,0.6310133934020996,1,0.8019471168518066,1,0.8019471168518066,1.0,30
2026-10-01-enclosure-from-above-dotted-quar,synthetic,m5_cover,0.8553459119496856,0.2477914242620125,1,0.535801266439357,1,0.535801266439357,1.0,30
2026-10-01-enclosure-from-above-dotted-quar,synthetic,m5_cover_strict,0.8553459119496856,0.2477914242620125,1,0.535801266439357,1,0.535801266439357,1.0,30
2026-10-03-four-to-five,sampled,m1_raw,0.3454414241265611,0.320967530319957,1,0.388834823612171,2,0.2511007777064945,1.0,30
2026-10-03-four-to-five,sampled,m2_env,0.3766719685364615,0.4640131645453739,11,0.7397644407546149,41,0.7397644407546149,31.0,30
2026-10-03-four-to-five,sampled,m2_env_at,0.2167439738705027,0.3309429133925969,3,0.2708279450304811,3,0.2708279450304811,2.0,30
2026-10-03-four-to-five,sampled,m3_chroma,0.8524273037910461,0.4491376876831054,1,0.7486410737037659,1,0.7486410737037659,1.0,30
2026-10-03-four-to-five,sampled,m3_chroma_dtw,0.9796248078346252,0.5163898468017578,1,0.8687594532966614,1,0.8687594532966614,1.0,30
2026-10-03-four-to-five,sampled,m4_cqt,0.7666609883308411,0.4628919959068298,1,0.6387326121330261,1,0.6387326121330261,1.0,30
2026-10-03-four-to-five,sampled,m4_cqt_dtw,0.892174482345581,0.579035758972168,1,0.7591855525970459,1,0.7591855525970459,1.0,30
2026-10-03-four-to-five,sampled,m5_cover,0.8864409285819902,0.4070074394048476,1,0.5665236051502145,1,0.5665236051502145,1.0,30
2026-10-03-four-to-five,sampled,m5_cover_strict,0.8864409285819902,0.4070074394048476,1,0.5665236051502145,1,0.5665236051502145,1.0,30
2026-10-03-four-to-five,synthetic,m1_raw,0.2655706107301048,0.2540979903974805,1,0.3420513709553303,3,0.2669501159140581,2.0,30
2026-10-03-four-to-five,synthetic,m2_env,0.5688439961041305,0.5905558482421116,8,0.7718535445541866,29,0.7718535445541866,25.0,30
2026-10-03-four-to-five,synthetic,m2_env_at,0.14960127838391,0.3457379160507565,2,0.5122385136257351,9,0.5122385136257351,6.0,30
2026-10-03-four-to-five,synthetic,m3_chroma,0.8333401083946228,0.4275535047054291,1,0.7387763857841492,1,0.7387763857841492,1.0,30
2026-10-03-four-to-five,synthetic,m3_chroma_dtw,0.9587624669075012,0.4931658506393432,1,0.8311494588851929,1,0.8311494588851929,1.0,30
2026-10-03-four-to-five,synthetic,m4_cqt,0.7429097294807434,0.4554055035114288,1,0.6337577700614929,1,0.6337577700614929,1.0,30
2026-10-03-four-to-five,synthetic,m4_cqt_dtw,0.8729363083839417,0.5347315073013306,1,0.7284546494483948,1,0.7284546494483948,1.0,30
2026-10-03-four-to-five,synthetic,m5_cover,0.8870144284128746,0.4151239410103545,1,0.5665236051502145,1,0.5665236051502145,1.0,30
2026-10-03-four-to-five,synthetic,m5_cover_strict,0.8870144284128746,0.4151239410103545,1,0.5665236051502145,1,0.5665236051502145,1.0,30
2026-10-03-honeysuckle-rose,sampled,m1_raw,0.2567023381291122,0.0814199505851794,1,0.2000066591976785,1,0.1017639541674969,1.0,17
2026-10-03-honeysuckle-rose,sampled,m2_env,0.4876685046362616,0.585722108679099,5,0.7259267400525204,35,0.6727496482169898,17.0,17
2026-10-03-honeysuckle-rose,sampled,m2_env_at,0.0817448944302744,0.3405471961564155,8,0.5686286038315418,25,0.5686286038315418,14.0,17
2026-10-03-honeysuckle-rose,sampled,m3_chroma,0.8808727264404297,0.4969602525234222,1,0.6728267669677734,1,0.4275602996349334,1.0,17
2026-10-03-honeysuckle-rose,sampled,m3_chroma_dtw,0.957846701145172,0.5840331315994263,1,0.8029455542564392,1,0.6304514408111572,1.0,17
2026-10-03-honeysuckle-rose,sampled,m4_cqt,0.8319733142852783,0.5155084133148193,1,0.5074436068534851,1,0.3840943574905395,1.0,17
2026-10-03-honeysuckle-rose,sampled,m4_cqt_dtw,0.9311987161636353,0.5812584757804871,1,0.7553035020828247,1,0.7169808149337769,1.0,17
2026-10-03-honeysuckle-rose,sampled,m5_cover,0.7790143084260732,0.2074248674130819,1,0.6031316450802242,1,0.1574803149606299,1.0,17
2026-10-03-honeysuckle-rose,sampled,m5_cover_strict,0.7790143084260732,0.108843537414966,1,0.267515923566879,1,0.1574803149606299,1.0,17
2026-10-03-honeysuckle-rose,synthetic,m1_raw,0.3143582104115865,0.154747447302593,1,0.1728373648988306,1,0.1728373648988306,1.0,17
2026-10-03-honeysuckle-rose,synthetic,m2_env,0.4157905693984765,0.4238354415516085,9,0.6303349731393273,12,0.4698368196782346,3.0,17
2026-10-03-honeysuckle-rose,synthetic,m2_env_at,0.0678222889966177,0.3154976928850056,11,0.3930861158158183,25,0.3037436460549512,10.0,17
2026-10-03-honeysuckle-rose,synthetic,m3_chroma,0.8823737502098083,0.4622779190540313,1,0.66635662317276,1,0.4372710585594177,1.0,17
2026-10-03-honeysuckle-rose,synthetic,m3_chroma_dtw,0.9493014216423036,0.5652282238006592,1,0.7923194766044617,1,0.6090205907821655,1.0,17
2026-10-03-honeysuckle-rose,synthetic,m4_cqt,0.8528484106063843,0.5096335411071777,1,0.4930557906627655,1,0.3971722424030304,1.0,17
2026-10-03-honeysuckle-rose,synthetic,m4_cqt_dtw,0.9438938498497008,0.5684497356414795,1,0.7791031002998352,1,0.7228999137878418,1.0,17
2026-10-03-honeysuckle-rose,synthetic,m5_cover,0.7753807106598986,0.2112676056338028,1,0.6031316450802242,1,0.1574803149606299,1.0,17
2026-10-03-honeysuckle-rose,synthetic,m5_cover_strict,0.7753807106598986,0.108843537414966,1,0.267515923566879,1,0.1574803149606299,1.0,17
2026-10-03-honeysuckle-rose-b,sampled,m1_raw,0.3002188266632803,0.0796855665342796,1,0.1771840958894272,1,0.1771840958894272,1.0,17
2026-10-03-honeysuckle-rose-b,sampled,m2_env,0.5090226631153856,0.5243198382854889,2,0.580772184635716,13,0.5251318732215624,3.0,17
2026-10-03-honeysuckle-rose-b,sampled,m2_env_at,0.5090226631153856,0.4481160995387291,1,0.5195137034661704,2,0.4085626549426356,1.0,17
2026-10-03-honeysuckle-rose-b,sampled,m3_chroma,0.8582931160926819,0.479319304227829,1,0.5621258020401001,1,0.5222463607788086,1.0,17
2026-10-03-honeysuckle-rose-b,sampled,m3_chroma_dtw,0.9216530919075012,0.6420537233352661,1,0.711788535118103,1,0.6361241340637207,1.0,17
2026-10-03-honeysuckle-rose-b,sampled,m4_cqt,0.802606463432312,0.5221390724182129,1,0.5098941922187805,1,0.4473904371261596,1.0,17
2026-10-03-honeysuckle-rose-b,sampled,m4_cqt_dtw,0.8899013996124268,0.585245668888092,1,0.5997974872589111,1,0.5895025730133057,1.0,17
2026-10-03-honeysuckle-rose-b,sampled,m5_cover,0.7292657704239918,0.237037037037037,1,0.2818991097922848,1,0.2818991097922848,1.0,17
2026-10-03-honeysuckle-rose-b,sampled,m5_cover_strict,0.5654618473895583,0.1185185185185185,1,0.2689075630252101,1,0.2595997836668469,1.0,17
2026-10-03-honeysuckle-rose-b,synthetic,m1_raw,0.2493923832115838,0.1811386401105245,1,0.1682922493019259,1,0.1682922493019259,1.0,17
2026-10-03-honeysuckle-rose-b,synthetic,m2_env,0.1779230899694082,0.1788152275263939,2,0.5057824206006729,35,0.3896540108087722,12.0,17
2026-10-03-honeysuckle-rose-b,synthetic,m2_env_at,0.0,0.139781276661032,11,0.3896540108087722,42,0.3896540108087722,18.0,17
2026-10-03-honeysuckle-rose-b,synthetic,m3_chroma,0.8538620471954346,0.4939147233963012,1,0.5212815999984741,1,0.5002660155296326,1.0,17
2026-10-03-honeysuckle-rose-b,synthetic,m3_chroma_dtw,0.926846444606781,0.6262396574020386,1,0.6903526782989502,1,0.6240811347961426,1.0,17
2026-10-03-honeysuckle-rose-b,synthetic,m4_cqt,0.756453812122345,0.5028030872344971,1,0.5017004013061523,1,0.4455249905586242,1.0,17
2026-10-03-honeysuckle-rose-b,synthetic,m4_cqt_dtw,0.8299944996833801,0.5578347444534302,1,0.6282926797866821,1,0.5754424333572388,1.0,17
2026-10-03-honeysuckle-rose-b,synthetic,m5_cover,0.7130434782608696,0.237037037037037,1,0.2756508422664625,1,0.2756508422664625,1.0,17
2026-10-03-honeysuckle-rose-b,synthetic,m5_cover_strict,0.5567346938775509,0.1185185185185185,1,0.2689075630252101,1,0.2689075630252101,1.0,17
2026-10-06-fats-navarro-wail-a,sampled,m1_raw,0.0281175463914395,0.0274414846486362,1,0.0220356664364,1,,,0
2026-10-06-fats-navarro-wail-a,sampled,m2_env,0.3176670091050751,0.346837909234891,5,0.4383431345450418,23,,,0
2026-10-06-fats-navarro-wail-a,sampled,m2_env_at,0.0327220734044529,0.2393266923867124,3,0.2567351064272545,9,,,0
2026-10-06-fats-navarro-wail-a,sampled,m3_chroma,0.6057111024856567,0.3613839447498321,1,0.4370758533477783,1,,,0
2026-10-06-fats-navarro-wail-a,sampled,m3_chroma_dtw,0.7395392656326294,0.5185303688049316,1,0.6829725503921509,1,,,0
2026-10-06-fats-navarro-wail-a,sampled,m4_cqt,0.4611967504024505,0.3391136825084686,1,0.2617588639259338,1,,,0
2026-10-06-fats-navarro-wail-a,sampled,m4_cqt_dtw,0.593550443649292,0.4678235650062561,1,0.7541403770446777,5,,,0
2026-10-06-fats-navarro-wail-a,sampled,m5_cover,0.5110370541459068,0.1343947846799975,1,0.2432045779685264,1,,,0
2026-10-06-fats-navarro-wail-a,sampled,m5_cover_strict,0.457601827459794,0.0991441403270909,1,0.1516452074391988,1,,,0
2026-10-06-fats-navarro-wail-a,synthetic,m1_raw,0.0284860228191967,0.0219659680672286,1,0.0199745338898197,1,,,0
2026-10-06-fats-navarro-wail-a,synthetic,m2_env,0.2681449047966927,0.2728056923689387,6,0.3013027809455011,4,,,0
2026-10-06-fats-navarro-wail-a,synthetic,m2_env_at,0.0,0.2010278391438112,11,0.1983704958515302,42,,,0
2026-10-06-fats-navarro-wail-a,synthetic,m3_chroma,0.5969213843345642,0.3391362130641937,1,0.414113849401474,1,,,0
2026-10-06-fats-navarro-wail-a,synthetic,m3_chroma_dtw,0.7364013195037842,0.4715726375579834,1,0.6880918145179749,1,,,0
2026-10-06-fats-navarro-wail-a,synthetic,m4_cqt,0.4342410564422607,0.3197636008262634,1,0.2645508646965027,1,,,0
2026-10-06-fats-navarro-wail-a,synthetic,m4_cqt_dtw,0.5544646978378296,0.4673927426338196,1,0.7698556780815125,7,,,0
2026-10-06-fats-navarro-wail-a,synthetic,m5_cover,0.5121872916306521,0.1321919551934826,1,0.2432045779685264,1,,,0
2026-10-06-fats-navarro-wail-a,synthetic,m5_cover_strict,0.4587702289164376,0.0991441403270909,1,0.1516452074391988,1,,,0
2026-10-06-fats-navarro-wail-b,sampled,m1_raw,0.0413098544162559,0.0258652464628601,1,0.0358731991933135,1,,,0
2026-10-06-fats-navarro-wail-b,sampled,m2_env,0.3810143581734518,0.4213055057362219,7,0.6248508471120544,30,,,0
2026-10-06-fats-navarro-wail-b,sampled,m2_env_at,0.0992232718706727,0.3824046906285005,5,0.5758268161930877,18,,,0
2026-10-06-fats-navarro-wail-b,sampled,m3_chroma,0.7463076114654541,0.3261870443820953,1,0.4179133474826813,1,,,0
2026-10-06-fats-navarro-wail-b,sampled,m3_chroma_dtw,0.8586196899414062,0.4990115761756897,1,0.6085113286972046,1,,,0
2026-10-06-fats-navarro-wail-b,sampled,m4_cqt,0.6485369801521301,0.4387515485286712,1,0.2812797129154205,1,,,0
2026-10-06-fats-navarro-wail-b,sampled,m4_cqt_dtw,0.7303917407989502,0.5169376730918884,1,0.69310462474823,1,,,0
2026-10-06-fats-navarro-wail-b,sampled,m5_cover,0.6927927958132034,0.1510987347902415,1,0.2556887783510895,1,,,0
2026-10-06-fats-navarro-wail-b,sampled,m5_cover_strict,0.5388920991125409,0.104192246974215,1,0.1243425403924285,1,,,0
2026-10-06-fats-navarro-wail-b,synthetic,m1_raw,0.0405993813897633,0.0240229692606408,1,0.0322697004061968,1,,,0
2026-10-06-fats-navarro-wail-b,synthetic,m2_env,0.3401292540261779,0.3536715571425663,6,0.4667695763823153,9,,,0
2026-10-06-fats-navarro-wail-b,synthetic,m2_env_at,0.1279514318665629,0.3536715571425663,4,0.3006837824040938,14,,,0
2026-10-06-fats-navarro-wail-b,synthetic,m3_chroma,0.7516581416130066,0.3188671469688415,1,0.4007274508476257,1,,,0
2026-10-06-fats-navarro-wail-b,synthetic,m3_chroma_dtw,0.8687328696250916,0.5073693990707397,1,0.6043656468391418,1,,,0
2026-10-06-fats-navarro-wail-b,synthetic,m4_cqt,0.6141878962516785,0.4148277938365936,1,0.2790205478668213,1,,,0
2026-10-06-fats-navarro-wail-b,synthetic,m4_cqt_dtw,0.6888568997383118,0.4912680983543396,1,0.6929234266281128,2,,,0
2026-10-06-fats-navarro-wail-b,synthetic,m5_cover,0.694515152327108,0.1510987347902415,1,0.2566868545551607,1,,,0
2026-10-06-fats-navarro-wail-b,synthetic,m5_cover_strict,0.5393743257820929,0.104192246974215,1,0.1243425403924285,1,,,0
