take,renderer,candidate,kind,n_notes,saved,grade,notes_hit,tempo,phrase,date,source,backing,octave_insensitive,m1_raw,m1_raw_lag,m2_env,m2_env_lag,m2_env_at,m2_env_at_lag,m3_chroma,m3_chroma_lag,m3_chroma_hold,m3_chroma_hold_lag,m3_chroma_dtw,m3_chroma_dtw_lag,m3_dtw_precision,m3_dtw_precision_lag,m3_dtw_f1,m3_dtw_f1_lag,m4_cqt,m4_cqt_lag,m4_cqt_hold,m4_cqt_hold_lag,m4_cqt_dtw,m4_cqt_dtw_lag,m5_cover,m5_cover_lag,m5_cover_hold,m5_cover_hold_lag,m5_cover_strict,m5_cover_strict_lag,m5_precision,m5_recall,m5_recall_hold,m2_take_peaks,m2_ref_peaks
2026-07-16-altissimo-shake-178424,sampled,own,own,8,0.7531825396825396,good,6,105.0,Altissimo Shake,2026-07-16,ear-training,False,False,0.1190032299170953,-0.16104166666666667,0.4749432226995637,1.6950566893424037,0.0913385758891345,-0.13931972789115646,0.8650795684288476,-0.13931972789115646,0.8650795684288476,-0.13931972789115646,0.9210936427116394,-0.13931972789115646,0.8557692307692307,-0.13931972789115646,0.9100565869155167,-0.13931972789115646,0.8047348181539364,-0.13931972789115646,0.8047348181539364,-0.13931972789115646,0.8629116415977478,-0.13931972789115646,0.794701986754967,-0.13931972789115646,0.794701986754967,-0.13931972789115646,0.794701986754967,-0.13931972789115646,0.8,0.7894736842105263,0.7894736842105263,14,15
2026-07-16-apple-jump-043d9b,sampled,own,own,9,0.9757662551440404,perfect,9,95.0,Apple Jump,2026-07-16,lick-practice,False,True,0.17658126366145568,0.0931875,0.4298767588488823,0.13931972789115646,0.15640343399352116,0.18575963718820862,0.8959569679331904,0.18575963718820862,0.9247042503267686,0.18575963718820862,0.9497648477554321,0.18575963718820862,0.9013157894736842,0.18575963718820862,0.913894496620732,0.18575963718820862,0.8779519735570089,0.18575963718820862,0.9061215555962713,0.18575963718820862,0.9360023736953735,0.18575963718820862,0.8048279270608434,0.18575963718820862,0.8054115564546719,0.18575963718820862,0.8048279270608434,0.18575963718820862,0.8280254777070064,0.7828947368421053,0.784,17,10
2026-07-16-apple-jump-11f497,sampled,own,own,9,0.821080452674892,good,8,95.0,Apple Jump,2026-07-16,lick-practice,False,True,0.15404993614183443,0.37204166666666666,0.329660018056556,2.066575963718821,0.0,0.4179591836734694,0.5701058511212083,0.4179591836734694,0.6181484790246808,0.4179591836734694,0.9032101631164551,0.4179591836734694,0.8066666666666666,0.4179591836734694,0.846397087006516,0.4179591836734694,0.5571952383781884,0.301859410430839,0.5941363591546429,0.301859410430839,0.908161461353302,0.301859410430839,0.45737070481998354,0.4179591836734694,0.4651942968968409,0.4179591836734694,0.45139824130555334,0.4179591836734694,0.4262295081967213,0.4934210526315789,0.512,22,10
2026-07-16-apple-jump-19f2db,sampled,own,own,9,0.5756488340192131,fair,4,95.0,Apple Jump,2026-07-16,lick-practice,False,True,0.06130496544046567,0.46427083333333335,0.2684753750323839,1.5325170068027212,0.1755618925901587,0.301859410430839,0.47896302012736314,0.301859410430839,0.5568666438830187,0.301859410430839,0.7867528200149536,0.301859410430839,0.5726495726495726,0.301859410430839,0.547458432304038,0.301859410430839,0.424188225110269,0.3482993197278912,0.4931826954595296,0.3482993197278912,0.7243621945381165,0.3482993197278912,0.27323680523120036,0.301859410430839,0.30177972659272634,0.301859410430839,0.27323680523120036,0.301859410430839,0.2922077922077922,0.2565789473684211,0.312,23,13
2026-07-16-apple-jump-40e0f2,sampled,own,own,9,0.9832763374485597,perfect,9,95.0,Apple Jump,2026-07-16,lick-practice,False,True,0.14493479539817916,0.12904166666666667,0.36933288947892157,0.06965986394557823,0.0842071537213145,0.13931972789115646,0.885185050377574,0.13931972789115646,0.9184984662519988,0.13931972789115646,0.9521492123603821,0.13931972789115646,0.9395973154362416,0.13931972789115646,0.9688581314878892,0.13931972789115646,0.8725870499976095,0.13931972789115646,0.9054263475781648,0.13931972789115646,0.951765775680542,0.13931972789115646,0.7587093757306522,0.13931972789115646,0.7566797292483077,0.13931972789115646,0.7587093757306522,0.13931972789115646,0.7972972972972973,0.7236842105263158,0.72,18,10
2026-07-16-apple-jump-4213c6,sampled,own,own,9,0.8331972565157788,good,7,95.0,Apple Jump,2026-07-16,lick-practice,False,True,0.12123146748826974,0.2846875,0.44341912024948055,2.159455782312925,0.26039904739104525,0.25541950113378686,0.8038682170945746,0.25541950113378686,0.8386300859419076,0.25541950113378686,0.8816888928413391,0.25541950113378686,0.832258064516129,0.25541950113378686,0.8659288824383163,0.25541950113378686,0.560999255029031,0.2786394557823129,0.588439435981538,0.2786394557823129,0.6078603863716125,0.2786394557823129,0.7142118548705939,0.25541950113378686,0.7110715081309869,0.25541950113378686,0.0,0.25541950113378686,0.7549668874172185,0.6776315789473685,0.672,21,14
2026-07-16-apple-jump-50816e,sampled,own,own,9,0.990925651577501,perfect,9,95.0,Apple Jump,2026-07-16,lick-practice,False,True,0.1897324652429427,0.19752083333333334,0.47675873766565346,0.11609977324263039,0.05887720010175127,0.18575963718820862,0.926940291347899,0.18575963718820862,0.9515929586709814,0.18575963718820862,0.9674829244613647,0.18575963718820862,0.9863013698630136,0.18575963718820862,0.9870525514089871,0.18575963718820862,0.9161636758344779,0.18575963718820862,0.9405297310428417,0.18575963718820862,0.9548061490058899,0.18575963718820862,0.8296246455519777,0.18575963718820862,0.8311506489718535,0.18575963718820862,0.8296246455519777,0.18575963718820862,0.8303030303030303,0.8289473684210527,0.832,21,10
2026-07-16-apple-jump-5377fb,sampled,own,own,9,0.9890578875171445,perfect,9,95.0,Apple Jump,2026-07-16,lick-practice,False,True,0.25284455887968116,0.1581875,0.5257041517620071,0.09287981859410431,0.0786015058564747,0.16253968253968254,0.9069486053496445,0.16253968253968254,0.9513102219156597,0.16253968253968254,0.9676247239112854,0.16253968253968254,0.9536423841059603,0.16253968253968254,0.9554761955074699,0.16253968253968254,0.8161835428037791,0.16253968253968254,0.8561055639191814,0.16253968253968254,0.8783771991729736,0.16253968253968254,0.7921951219512195,0.16253968253968254,0.8032786885245901,0.16253968253968254,0.7921951219512195,0.16253968253968254,0.8235294117647058,0.7631578947368421,0.784,17,13
2026-07-16-apple-jump-98b4a6,sampled,own,own,9,0.718901028806582,good,6,95.0,Apple Jump,2026-07-16,lick-practice,False,True,0.07467275169306682,0.6906875,0.28204579654357387,2.6238548752834467,0.08040227356173747,0.301859410430839,0.648965089297202,0.301859410430839,0.648965089297202,0.301859410430839,0.8146877288818359,0.301859410430839,0.6871165644171779,0.301859410430839,0.7540234403793705,0.301859410430839,0.5813397271413877,0.301859410430839,0.5813397271413877,0.301859410430839,0.7957831025123596,0.301859410430839,0.44633152173913043,0.301859410430839,0.3885274985215849,0.301859410430839,0.44633152173913043,0.301859410430839,0.42196531791907516,0.47368421052631576,0.36,16,12
2026-07-16-apple-jump-bd7043,sampled,own,own,9,0.9052384773662524,great,8,95.0,Apple Jump,2026-07-16,lick-practice,False,True,0.28809843886586983,0.10410416666666666,0.2576582500745606,0.16253968253968254,0.1744228602133467,0.18575963718820862,0.8808984254231107,0.18575963718820862,0.8995417783421183,0.18575963718820862,0.9271132349967957,0.18575963718820862,0.8903225806451613,0.18575963718820862,0.8963398578074256,0.18575963718820862,0.8290090955446421,0.18575963718820862,0.8465542615879149,0.18575963718820862,0.8828285932540894,0.18575963718820862,0.7527801539777588,0.18575963718820862,0.7375225177492846,0.18575963718820862,0.7527801539777588,0.18575963718820862,0.7843137254901961,0.7236842105263158,0.696,21,11
2026-07-16-apple-jump-c77bea,sampled,own,own,9,0.9256377914951931,great,9,95.0,Apple Jump,2026-07-16,lick-practice,False,True,0.14316319552826612,0.39708333333333334,0.40185007111757587,2.182675736961451,0.0,0.13931972789115646,0.6136957264162716,0.13931972789115646,0.6807084781513817,0.13931972789115646,0.9676322340965271,0.13931972789115646,0.9508196721311475,0.13931972789115646,0.96895947200165,0.13931972789115646,0.5874083491278707,0.13931972789115646,0.6515506401245921,0.13931972789115646,0.9402740001678467,0.13931972789115646,0.45670972563253975,0.13931972789115646,0.47143670525716463,0.13931972789115646,0.45670972563253975,0.13931972789115646,0.518796992481203,0.40789473684210525,0.432,18,11
2026-07-16-apple-jump-ec0bf3,sampled,own,own,9,0.9771386145404615,perfect,9,95.0,Apple Jump,2026-07-16,lick-practice,False,True,0.1703686365732447,0.24754166666666666,0.2757232148864795,2.6238548752834467,0.04435599485024557,0.2089795918367347,0.9096739179420965,0.2089795918367347,0.933867373206514,0.2089795918367347,0.9701540470123291,0.2089795918367347,0.9612903225806452,0.2089795918367347,0.9623513060540407,0.2089795918367347,0.8694201119514327,0.2089795918367347,0.8925429872692899,0.2089795918367347,0.9386120438575745,0.2089795918367347,0.7635551196120103,0.2089795918367347,0.7553383760626549,0.2089795918367347,0.7635551196120103,0.2089795918367347,0.7848101265822784,0.743421052631579,0.728,18,11
2026-07-16-apple-jump-fe3ccf,sampled,own,own,9,0.9061716049382649,great,8,95.0,Apple Jump,2026-07-16,lick-practice,False,True,0.13223901851936867,0.2341875,0.514944808515238,1.5325170068027212,0.370520061875475,0.2786394557823129,0.8608847651920171,0.2786394557823129,0.8791045485823242,0.2786394557823129,0.9130231738090515,0.2786394557823129,0.8620689655172413,0.2786394557823129,0.8788712184622743,0.2786394557823129,0.6029421252637638,0.2786394557823129,0.615702805163526,0.2786394557823129,0.6279321908950806,0.2786394557823129,0.7376910495741922,0.2786394557823129,0.7349803867593421,0.2786394557823129,0.0,0.2786394557823129,0.759493670886076,0.7171052631578947,0.712,21,13
2026-07-16-blue-climb-178424,sampled,own,own,5,0.8173131746031747,good,4,105.0,Blue Climb,2026-07-16,ear-training,False,False,0.3343201519908891,-0.12110416666666667,0.5663311363445126,1.7647165532879818,0.10317382975281635,-0.023219954648526078,0.7802173745150518,-0.023219954648526078,0.7802173745150518,-0.023219954648526078,0.9594451785087585,-0.023219954648526078,0.9743589743589743,-0.023219954648526078,0.9870129870129869,-0.023219954648526078,0.7273678591056746,-0.046439909297052155,0.7273678591056746,-0.046439909297052155,0.913992702960968,-0.046439909297052155,0.7727665884097368,-0.023219954648526078,0.7727665884097368,-0.023219954648526078,0.7727665884097368,-0.023219954648526078,0.7662337662337663,0.7794117647058824,0.7794117647058824,9,10
2026-07-16-blue-monk-47cba6,sampled,own,own,9,0.8823252204585539,great,8,60.0,Blue Monk,2026-07-16,lick-practice,False,True,0.19121553191536164,0.057875,0.4229567472833896,3.4365532879818597,0.3702772902633034,0.13931972789115646,0.7993180651315733,0.13931972789115646,0.923926584790868,0.13931972789115646,0.9564999341964722,0.13931972789115646,0.9285714285714286,0.13931972789115646,0.9349447925992241,0.13931972789115646,0.7755182146793231,0.13931972789115646,0.8964164914924495,0.13931972789115646,0.9284282922744751,0.13931972789115646,0.8250415775718697,0.13931972789115646,0.9157941928848334,0.13931972789115646,0.8250415775718697,0.13931972789115646,0.9326923076923077,0.7396694214876033,0.8994974874371859,18,14
2026-07-16-blue-neighbor-178424,sampled,own,own,3,0.9497960317460319,great,3,105.0,Blue Neighbor,2026-07-16,ear-training,False,False,0.2172825316204428,-0.3285416666666667,0.5001936965242674,0.7198185941043084,0.0,-0.5572789115646258,0.5957887604832649,-0.5572789115646258,0.6770326823673465,-0.5572789115646258,0.8345097899436951,-0.5572789115646258,0.6444444444444445,-0.5572789115646258,0.77882096069869,-0.5572789115646258,0.5235027452061574,-0.5572789115646258,0.5948894831888152,-0.5572789115646258,0.7900973558425903,-0.5572789115646258,0.45581395348837206,-0.5572789115646258,0.553133514986376,-0.5572789115646258,0.45581395348837206,-0.5572789115646258,0.5384615384615384,0.3951612903225806,0.5686274509803921,10,7
2026-07-16-blue-note-wobble-178424,sampled,own,own,4,0.9730833333333333,perfect,4,105.0,Blue Note Wobble,2026-07-16,ear-training,False,False,0.20167909699064232,-0.07375,0.4815787426330806,2.043356009070295,0.0,-0.06965986394557823,0.87348132772544,-0.06965986394557823,0.87348132772544,-0.06965986394557823,0.9620588421821594,-0.06965986394557823,1.0,-0.06965986394557823,1.0,-0.06965986394557823,0.8403787931116918,-0.09287981859410431,0.8403787931116918,-0.09287981859410431,0.9392436742782593,-0.09287981859410431,0.9381107491856677,-0.06965986394557823,0.9381107491856677,-0.06965986394557823,0.9381107491856677,-0.06965986394557823,0.935064935064935,0.9411764705882353,0.9411764705882353,7,9
2026-07-16-blue-wobble-178424,sampled,own,own,3,0.7452222222222222,good,2,105.0,Blue Wobble,2026-07-16,ear-training,False,False,0.2859853681691267,1.2438333333333333,0.4991633504415001,2.020136054421769,0.0,0.11609977324263039,0.702707904279232,0.11609977324263039,0.7507563079906325,0.11609977324263039,0.8844987750053406,0.11609977324263039,0.7671232876712328,0.11609977324263039,0.7584650112866816,0.11609977324263039,0.6103665340095759,0.23219954648526078,0.6812126495642588,0.23219954648526078,0.8205704689025879,0.23219954648526078,0.5638297872340425,0.11609977324263039,0.5408163265306122,0.11609977324263039,0.5638297872340425,0.11609977324263039,0.5888888888888889,0.5408163265306123,0.5,10,7
2026-07-16-blues-moan-178424,sampled,own,own,4,0.9670928571428572,perfect,4,105.0,Blues Moan,2026-07-16,ear-training,False,False,0.08479849319397448,0.0293125,0.4190522104703817,2.7631746031746034,0.3210307424019971,0.023219954648526078,0.7073364019666089,0.023219954648526078,0.9503476811698609,0.023219954648526078,0.8287340402603149,0.023219954648526078,0.9603174603174603,0.023219954648526078,0.9672872620174607,0.023219954648526078,0.6933430444415165,0.023219954648526078,0.9315467897711173,0.023219954648526078,0.8131080865859985,0.023219954648526078,0.6906344581789381,0.023219954648526078,0.8810892586989412,0.023219954648526078,0.6906344581789381,0.023219954648526078,0.896,0.5618556701030928,0.8666666666666667,14,6
2026-07-16-chromatic-below-chord-tones-094043,sampled,own,own,13,0.9790243631606488,perfect,13,87.0,Chromatic Below Chord Tones,2026-07-16,lick-practice,False,True,0.2715222966924006,0.09635416666666667,0.4881713297794992,0.7430385487528345,0.14822264549845177,0.09287981859410431,0.9155932268831465,0.09287981859410431,0.9155932268831465,0.09287981859410431,0.9644976258277893,0.09287981859410431,0.9545454545454546,0.09287981859410431,0.9643504531722054,0.09287981859410431,0.8614326941967011,0.09287981859410431,0.8614326941967011,0.09287981859410431,0.9058799147605896,0.09287981859410431,0.8227177621533995,0.09287981859410431,0.8227177621533995,0.09287981859410431,0.8227177621533995,0.09287981859410431,0.8532608695652174,0.7942857142857143,0.7942857142857143,21,15
2026-07-16-chromatic-below-chord-tones-2e7bdf,sampled,own,own,13,0.9858715259026676,perfect,13,87.0,Chromatic Below Chord Tones,2026-07-16,lick-practice,False,True,0.13262973381850982,0.17610416666666667,0.5135496104568761,0.09287981859410431,0.0,0.16253968253968254,0.9279691492186652,0.16253968253968254,0.9279691492186652,0.16253968253968254,0.9564893841743469,0.16253968253968254,0.9578947368421052,0.16253968253968254,0.9635294117647059,0.16253968253968254,0.870487120880021,0.16253968253968254,0.870487120880021,0.16253968253968254,0.8951270580291748,0.16253968253968254,0.8604450090872198,0.16253968253968254,0.8604450090872198,0.16253968253968254,0.8604450090872198,0.16253968253968254,0.8882978723404256,0.8342857142857143,0.8342857142857143,26,15
2026-07-16-chromatic-below-chord-tones-577a60,sampled,own,own,13,0.8143658845281685,good,10,87.0,Chromatic Below Chord Tones,2026-07-16,lick-practice,False,True,0.12341721726111754,0.05516666666666667,0.3925436551559392,1.4396371882086167,0.18434695168509047,0.11609977324263039,0.7075040813618236,0.11609977324263039,0.7075040813618236,0.11609977324263039,0.9208686947822571,0.11609977324263039,0.9112426035502958,0.11609977324263039,0.9196456556525182,0.11609977324263039,0.7039194499328733,0.11609977324263039,0.7039194499328733,0.11609977324263039,0.8942900896072388,0.11609977324263039,0.5985943660362265,0.11609977324263039,0.5985943660362265,0.11609977324263039,0.5985943660362265,0.11609977324263039,0.6506024096385542,0.5542857142857143,0.5542857142857143,15,15
2026-07-16-chromatic-below-chord-tones-a9c6f6,sampled,own,own,13,0.9794238691784415,perfect,13,87.0,Chromatic Below Chord Tones,2026-07-16,lick-practice,False,True,0.22965709906368162,0.167125,0.2626213372166847,0.9984580498866213,0.20998339644555902,0.18575963718820862,0.879081472158432,0.18575963718820862,0.879081472158432,0.18575963718820862,0.9548106789588928,0.18575963718820862,0.9197860962566845,0.18575963718820862,0.9315358803791135,0.18575963718820862,0.8486907720234659,0.18575963718820862,0.8486907720234659,0.18575963718820862,0.9346684217453003,0.18575963718820862,0.772946100489281,0.18575963718820862,0.772946100489281,0.18575963718820862,0.772946100489281,0.18575963718820862,0.7925531914893617,0.7542857142857143,0.7542857142857143,20,15
2026-07-16-chromatic-below-chord-tones-ac344b,sampled,own,own,13,0.9828230050584333,perfect,13,87.0,Chromatic Below Chord Tones,2026-07-16,lick-practice,False,True,0.22848339251698715,0.149,0.5086574401092565,0.7662585034013606,0.29426053888420756,0.13931972789115646,0.9019685847229427,0.13931972789115646,0.9019685847229427,0.13931972789115646,0.9637205004692078,0.13931972789115646,0.9675675675675676,0.13931972789115646,0.9785299532644103,0.13931972789115646,0.8777781583534346,0.13931972789115646,0.8777781583534346,0.13931972789115646,0.9450669884681702,0.13931972789115646,0.826049261083744,0.13931972789115646,0.826049261083744,0.13931972789115646,0.826049261083744,0.13931972789115646,0.8742857142857143,0.7828571428571428,0.7828571428571428,20,17
2026-07-16-chromatic-below-chord-tones-f0576b,sampled,own,own,13,0.8934262236176498,great,12,87.0,Chromatic Below Chord Tones,2026-07-16,lick-practice,False,True,0.22317499623844583,0.13583333333333333,0.3929621336994412,2.809614512471655,0.0,0.2089795918367347,0.7848053716950947,0.2089795918367347,0.7848053716950947,0.2089795918367347,0.9322842955589294,0.2089795918367347,0.8797814207650273,0.2089795918367347,0.8834649665366194,0.2089795918367347,0.7729266088994013,0.18575963718820862,0.7729266088994013,0.18575963718820862,0.9219390153884888,0.18575963718820862,0.7051106368639783,0.2089795918367347,0.7051106368639783,0.2089795918367347,0.7051106368639783,0.2089795918367347,0.7388888888888889,0.6742857142857143,0.6742857142857143,22,13
2026-07-16-climb-through-the-blue-178424,sampled,own,own,4,0.548588492063492,try-again,2,105.0,Climb Through the Blue,2026-07-16,ear-training,False,False,0.07961767615334497,0.12491666666666666,0.5361938663984361,1.9969160997732427,0.19756721635350177,0.5572789115646258,0.45274629577994346,0.5572789115646258,0.45274629577994346,0.5572789115646258,0.5508278608322144,0.5572789115646258,0.4230769230769231,0.5572789115646258,0.466557911908646,0.5572789115646258,0.37542370522022245,0.5572789115646258,0.37542370522022245,0.5572789115646258,0.5173970460891724,0.5572789115646258,0.09049773755656108,0.5572789115646258,0.10152284263959391,0.5572789115646258,0.09049773755656108,0.5572789115646258,0.08,0.10416666666666667,0.1388888888888889,16,6
2026-07-16-cry-me-a-river-1a3fd0,sampled,own,own,6,0.9860945205341428,perfect,6,94.0,Cry Me a River,2026-07-16,lick-practice,False,True,0.18741651812160892,0.13747916666666668,0.58514697310719,2.182675736961451,0.026180273312515295,0.16253968253968254,0.9298781926254575,0.16253968253968254,0.9298781926254575,0.16253968253968254,0.9431449174880981,0.16253968253968254,0.8990825688073395,0.16253968253968254,0.9219190968955786,0.16253968253968254,0.8487341381984649,0.13931972789115646,0.8487341381984649,0.13931972789115646,0.8663477897644043,0.13931972789115646,0.8866973952192089,0.16253968253968254,0.906183870209264,0.16253968253968254,0.8866973952192089,0.16253968253968254,0.9215686274509803,0.8543689320388349,0.8913043478260869,13,10
2026-07-16-cry-me-a-river-1bc999,sampled,own,own,6,0.8558233153607108,great,5,94.0,Cry Me a River,2026-07-16,lick-practice,False,True,0.1860044581954909,0.528875,0.48186679509212654,2.8560544217687074,0.29811494922674653,0.301859410430839,0.6923681514726269,0.301859410430839,0.7076409783433465,0.301859410430839,0.8120604753494263,0.301859410430839,0.6203703703703703,0.301859410430839,0.5777107135158439,0.301859410430839,0.44087337814405453,0.46439909297052157,0.47504960900793475,0.46439909297052157,0.5514828562736511,0.46439909297052157,0.5695706544393498,0.301859410430839,0.597932632329353,0.301859410430839,0.0,0.301859410430839,0.5980392156862745,0.5436893203883495,0.5978260869565217,16,8
2026-07-16-cry-me-a-river-24360d,sampled,own,own,6,0.7812314880322504,good,4,94.0,Cry Me a River,2026-07-16,lick-practice,False,True,0.3274269764177476,0.10697916666666667,0.39790543055219946,2.2291156462585033,0.22492201888531277,0.13931972789115646,0.8130434269098927,0.13931972789115646,0.8130434269098927,0.13931972789115646,0.8673722743988037,0.13931972789115646,0.8018867924528302,0.13931972789115646,0.8321860180510939,0.13931972789115646,0.8228336068660879,0.13931972789115646,0.8228336068660879,0.13931972789115646,0.8685621619224548,0.13931972789115646,0.6804194366390242,0.13931972789115646,0.6702458761282291,0.13931972789115646,0.6804194366390242,0.13931972789115646,0.7019230769230769,0.6601941747572816,0.6413043478260869,15,8
2026-07-16-cry-me-a-river-554b0c,sampled,own,own,6,0.9861627184009343,perfect,6,94.0,Cry Me a River,2026-07-16,lick-practice,False,True,0.23084585240397693,0.13916666666666666,0.42111666986752416,2.2058956916099772,0.2112000060268897,0.18575963718820862,0.898780721340248,0.18575963718820862,0.905293625118076,0.18575963718820862,0.9412811994552612,0.18575963718820862,0.9134615384615384,0.18575963718820862,0.9464832503084867,0.18575963718820862,0.8815188784715083,0.18575963718820862,0.8879066964314468,0.18575963718820862,0.9333134889602661,0.18575963718820862,0.8032631827855286,0.18575963718820862,0.8232858990944372,0.18575963718820862,0.8032631827855286,0.18575963718820862,0.8431372549019608,0.7669902912621359,0.8043478260869565,19,7
2026-07-16-cry-me-a-river-591a02,sampled,own,own,6,0.9802878656252647,perfect,6,94.0,Cry Me a River,2026-07-16,lick-practice,False,True,0.24377984117297916,0.15272916666666667,0.3187905024731702,2.2291156462585033,0.143980673658909,0.16253968253968254,0.9199675930489739,0.16253968253968254,0.9199675930489739,0.16253968253968254,0.9483063817024231,0.16253968253968254,0.9117647058823529,0.16253968253968254,0.9455715684902756,0.16253968253968254,0.8961186093820942,0.16253968253968254,0.8961186093820942,0.16253968253968254,0.9306247234344482,0.16253968253968254,0.8287060693805711,0.16253968253968254,0.8389367184063344,0.16253968253968254,0.8287060693805711,0.16253968253968254,0.8640776699029126,0.7961165048543689,0.8152173913043478,16,9
2026-07-16-cry-me-a-river-716992,sampled,own,own,6,0.9803304892920082,perfect,6,94.0,Cry Me a River,2026-07-16,lick-practice,False,True,0.1813326583990611,0.1948125,0.4205127913051028,2.8560544217687074,0.09931029516739202,0.16253968253968254,0.9217918118555769,0.16253968253968254,0.9217918118555769,0.16253968253968254,0.9436660408973694,0.16253968253968254,0.8703703703703703,0.16253968253968254,0.906585836318545,0.16253968253968254,0.8590123385405369,0.16253968253968254,0.8590123385405369,0.16253968253968254,0.8853796720504761,0.16253968253968254,0.8403232012312428,0.16253968253968254,0.8571428571428571,0.16253968253968254,0.8403232012312428,0.16253968253968254,0.8666666666666667,0.8155339805825242,0.8478260869565217,17,8
2026-07-16-cry-me-a-river-7b9afe,sampled,own,own,6,0.8825386827916388,great,6,94.0,Cry Me a River,2026-07-16,lick-practice,False,True,0.2115296144436159,0.04816666666666667,0.43703350929116214,0.9287981859410431,0.007961631693487962,0.37151927437641724,0.7362913504350099,0.37151927437641724,0.7362913504350099,0.37151927437641724,0.9587245583534241,0.37151927437641724,0.9385964912280702,0.37151927437641724,0.9597992017446406,0.37151927437641724,0.6827338851867712,0.3947392290249433,0.6827338851867712,0.3947392290249433,0.9248116612434387,0.3947392290249433,0.5545340884018533,0.37151927437641724,0.5279529940378466,0.37151927437641724,0.5545340884018533,0.37151927437641724,0.5462184873949579,0.5631067961165048,0.5108695652173914,13,9
2026-07-16-cry-me-a-river-9d1983,sampled,own,own,6,0.8884802573276221,great,5,94.0,Cry Me a River,2026-07-16,lick-practice,False,True,0.23434214027757388,1.4451666666666667,0.379521949354789,0.0,0.0,0.13931972789115646,0.8775792532473159,0.13931972789115646,0.8775792532473159,0.13931972789115646,0.8866812586784363,0.13931972789115646,0.7676767676767676,0.13931972789115646,0.8053207079246985,0.13931972789115646,0.8469017714047603,0.13931972789115646,0.8469017714047603,0.13931972789115646,0.8593330979347229,0.13931972789115646,0.7195818645921964,0.13931972789115646,0.72980949825597,0.13931972789115646,0.7195818645921964,0.13931972789115646,0.7207207207207207,0.7184466019417476,0.7391304347826086,17,7
2026-07-16-cry-me-a-river-b5ea50,sampled,own,own,6,0.983930426807762,perfect,6,94.0,Cry Me a River,2026-07-16,lick-practice,False,True,0.29756215905342537,0.083625,0.5096106476654163,0.023219954648526078,0.0031530682816869717,0.13931972789115646,0.9259523299100588,0.13931972789115646,0.9394698821715195,0.13931972789115646,0.9417738318443298,0.13931972789115646,0.9252336448598131,0.13931972789115646,0.9569840502658288,0.13931972789115646,0.8822440723721072,0.13931972789115646,0.8951235478811891,0.13931972789115646,0.9065098166465759,0.13931972789115646,0.865213711383834,0.13931972789115646,0.8780943484353106,0.13931972789115646,0.865213711383834,0.13931972789115646,0.8867924528301887,0.8446601941747572,0.8695652173913043,15,8
2026-07-16-cry-me-a-river-c67418,sampled,own,own,6,0.9816128878810789,perfect,6,94.0,Cry Me a River,2026-07-16,lick-practice,False,True,0.18713475499403032,0.27260416666666665,0.4971469045283761,2.8560544217687074,0.0,0.16253968253968254,0.9283278451549063,0.16253968253968254,0.9283278451549063,0.16253968253968254,0.946245551109314,0.16253968253968254,0.8867924528301887,0.16253968253968254,0.9278859336440911,0.16253968253968254,0.9029333302014165,0.16253968253968254,0.9029333302014165,0.16253968253968254,0.922727644443512,0.16253968253968254,0.768383844237121,0.16253968253968254,0.7757567967093001,0.16253968253968254,0.768383844237121,0.16253968253968254,0.7798165137614679,0.7572815533980582,0.7717391304347826,17,8
2026-07-16-cry-me-a-river-c6ae3e,sampled,own,own,6,0.55078573074662,fair,2,94.0,Cry Me a River,2026-07-16,lick-practice,False,True,0.2760488033804395,0.182,0.40901396659957845,0.16253968253968254,0.012253866760233479,0.25541950113378686,0.510279068147107,0.25541950113378686,0.5139767425539701,0.25541950113378686,0.6113962531089783,0.25541950113378686,0.5048543689320388,0.25541950113378686,0.4440993788819876,0.25541950113378686,0.43566529308077245,0.7894784580498866,0.4731052792049013,0.7894784580498866,0.5556806325912476,0.7894784580498866,0.21153846153846154,0.25541950113378686,0.22335025380710663,0.25541950113378686,0.21153846153846154,0.25541950113378686,0.20952380952380953,0.21359223300970873,0.2391304347826087,17,8
2026-07-16-cry-me-a-river-d7ee2a,sampled,own,own,6,0.9842754735869677,perfect,6,94.0,Cry Me a River,2026-07-16,lick-practice,False,True,0.2850955414441918,0.105875,0.48439910817287635,0.023219954648526078,0.004574914799634766,0.11609977324263039,0.9155034294231332,0.11609977324263039,0.9155034294231332,0.11609977324263039,0.930928111076355,0.11609977324263039,0.8785046728971962,0.11609977324263039,0.9192523876982133,0.11609977324263039,0.9058941367933219,0.11609977324263039,0.9058941367933219,0.11609977324263039,0.9356386661529541,0.11609977324263039,0.832634388105223,0.11609977324263039,0.8380998545807077,0.11609977324263039,0.832634388105223,0.11609977324263039,0.8504672897196262,0.8155339805825242,0.8260869565217391,16,9
2026-07-16-eric-alexander-chord-tone-lick-101e38,sampled,own,own,16,0.44542885717435465,try-again,4,79.0,Eric Alexander Chord Tone Lick,2026-07-16,lick-practice,False,True,0.246494746983069,3.1403541666666666,0.5390415438289978,4.133151927437642,0.07605947811944874,0.11609977324263039,0.5135117991248498,0.11609977324263039,0.5135117991248498,0.11609977324263039,0.579693615436554,0.11609977324263039,0.37777777777777777,0.11609977324263039,0.3808784383318545,0.11609977324263039,0.4237399438924685,0.13931972789115646,0.4237399438924685,0.13931972789115646,0.5042899250984192,0.13931972789115646,0.31116477800483006,0.11609977324263039,0.31116477800483006,0.11609977324263039,0.31116477800483006,0.11609977324263039,0.3424657534246575,0.2851063829787234,0.2851063829787234,30,18
2026-07-16-eric-alexander-chord-tone-lick-103b96,sampled,own,own,16,0.620670492850844,fair,8,79.0,Eric Alexander Chord Tone Lick,2026-07-16,lick-practice,False,True,0.12644999988569786,0.03860416666666667,0.4792878171465426,1.8575963718820863,0.10583488921618557,0.046439909297052155,0.5356793651055243,0.046439909297052155,0.5356793651055243,0.046439909297052155,0.6669656038284302,0.046439909297052155,0.5495495495495496,0.046439909297052155,0.540797264351075,0.046439909297052155,0.44784284050488293,0.046439909297052155,0.44784284050488293,0.046439909297052155,0.5941915512084961,0.046439909297052155,0.29733163913595934,0.046439909297052155,0.29733163913595934,0.046439909297052155,0.29733163913595934,0.046439909297052155,0.32142857142857145,0.2765957446808511,0.2765957446808511,30,19
2026-07-16-eric-alexander-chord-tone-lick-205a5c,sampled,own,own,16,0.9819167891156466,perfect,16,79.0,Eric Alexander Chord Tone Lick,2026-07-16,lick-practice,False,True,0.27687481836262695,0.028625,0.5307217683678898,1.8575963718820863,0.018186694099112152,0.09287981859410431,0.9090398054670643,0.09287981859410431,0.9090398054670643,0.09287981859410431,0.9567646980285645,0.09287981859410431,0.9459459459459459,0.09287981859410431,0.961312386448648,0.09287981859410431,0.8692264082665379,0.09287981859410431,0.8692264082665379,0.09287981859410431,0.9240517020225525,0.09287981859410431,0.808621142827104,0.09287981859410431,0.808621142827104,0.09287981859410431,0.808621142827104,0.09287981859410431,0.836,0.7829787234042553,0.7829787234042553,27,17
2026-07-16-eric-alexander-chord-tone-lick-d75f62,sampled,own,own,16,0.9771613464978555,perfect,16,79.0,Eric Alexander Chord Tone Lick,2026-07-16,lick-practice,False,True,0.15958306606781308,0.06047916666666667,0.4847771124801828,0.046439909297052155,0.08403962887349947,0.11609977324263039,0.8725251758823523,0.11609977324263039,0.8725251758823523,0.11609977324263039,0.9387032389640808,0.11609977324263039,0.9236947791164659,0.11609977324263039,0.9568134907036239,0.11609977324263039,0.8477667554130627,0.11609977324263039,0.8477667554130627,0.11609977324263039,0.9189093112945557,0.11609977324263039,0.8111917314819649,0.11609977324263039,0.8111917314819649,0.11609977324263039,0.8111917314819649,0.11609977324263039,0.8366533864541833,0.7872340425531915,0.7872340425531915,28,17
2026-07-16-fifth-b7-octave-178424,sampled,own,own,3,0.9296388888888889,great,3,105.0,Fifth–b7–Octave,2026-07-16,ear-training,False,False,0.13156313716543297,-0.5477708333333333,0.5123534681035145,2.020136054421769,0.03202253528028264,0.13931972789115646,0.8061218759417534,0.13931972789115646,0.8061218759417534,0.13931972789115646,0.8772075176239014,0.13931972789115646,0.8,0.13931972789115646,0.8808988764044944,0.13931972789115646,0.7657360466569663,0.0,0.7657360466569663,0.0,0.8514116406440735,0.0,0.6633158175310335,0.13931972789115646,0.6418159100374844,0.13931972789115646,0.6633158175310335,0.13931972789115646,0.6633663366336634,0.6632653061224489,0.6216216216216216,14,6
2026-07-16-flat-seven-fifth-slide-178424,sampled,own,own,2,0.9490000000000001,great,2,105.0,Flat Seven–Fifth Slide,2026-07-16,ear-training,False,False,0.3568920490743155,0.23547916666666666,0.4808169381866463,2.020136054421769,0.010668555777741562,-0.16253968253968254,0.7840895675817283,-0.16253968253968254,0.7840895675817283,-0.16253968253968254,0.8844189643859863,-0.16253968253968254,0.8070175438596491,-0.16253968253968254,0.7978502503969708,-0.16253968253968254,0.7644384841008459,-0.16253968253968254,0.7644384841008459,-0.16253968253968254,0.835656464099884,-0.16253968253968254,0.6395348837209301,-0.16253968253968254,0.4736275565123789,-0.16253968253968254,0.6395348837209301,-0.16253968253968254,0.6790123456790124,0.6043956043956044,0.36363636363636365,10,4
2026-07-16-flat-seven-root-178424,sampled,own,own,2,0.9426249999999999,great,2,105.0,Flat Seven–Root,2026-07-16,ear-training,False,False,0.09180812023367026,-0.4735,0.5950385058613901,2.066575963718821,0.0,0.23219954648526078,0.6633115017414093,0.23219954648526078,0.7026604891328488,0.23219954648526078,0.9586293697357178,0.23219954648526078,0.85,0.23219954648526078,0.8789772727272727,0.23219954648526078,0.7371752437353134,0.23219954648526078,0.780905978533171,0.23219954648526078,0.9431495666503906,0.23219954648526078,0.5157894736842106,0.23219954648526078,0.49364870784056064,0.23219954648526078,0.5157894736842106,0.23219954648526078,0.532608695652174,0.5,0.46,13,4
2026-07-16-fourth-b3-root-178424,sampled,own,own,3,0.7480555555555555,good,2,105.0,Fourth–b3–Root,2026-07-16,ear-training,False,False,0.19614851589499957,-0.1153125,0.6626195256685338,2.066575963718821,0.0,0.2089795918367347,0.7756478658616542,0.2089795918367347,0.7756478658616542,0.2089795918367347,0.8333759307861328,0.2089795918367347,0.8676470588235294,0.2089795918367347,0.7987559458470546,0.2089795918367347,0.756229712665081,0.18575963718820862,0.756229712665081,0.18575963718820862,0.8195417523384094,0.18575963718820862,0.6898542561430684,0.2089795918367347,0.6403447239202325,0.2089795918367347,0.6898542561430684,0.2089795918367347,0.6761904761904762,0.7040816326530612,0.6081081081081081,13,6
2026-07-16-honeysuckle-rose-0dd4c0,sampled,own,own,5,0.9776240866717034,perfect,5,100.0,Honeysuckle Rose,2026-07-16,lick-practice,False,True,0.2515713783525358,0.013541666666666667,0.30649024978291395,0.046439909297052155,0.1656811770157226,0.13931972789115646,0.9245627663517726,0.13931972789115646,0.9245627663517726,0.13931972789115646,0.9521704912185669,0.13931972789115646,0.91,0.13931972789115646,0.9484922080550496,0.13931972789115646,0.8725677911789362,0.13931972789115646,0.8725677911789362,0.13931972789115646,0.9143851399421692,0.13931972789115646,0.9030104469308278,0.13931972789115646,0.9043593568705453,0.13931972789115646,0.9030104469308278,0.13931972789115646,0.967032967032967,0.8469387755102041,0.8493150684931506,18,7
2026-07-16-honeysuckle-rose-7ee04d,sampled,own,own,5,0.9802645502645517,perfect,5,100.0,Honeysuckle Rose,2026-07-16,lick-practice,False,True,0.21802241918885787,0.0010208333333333332,0.4393492905668028,0.046439909297052155,0.08827159267568702,0.11609977324263039,0.9426189258353401,0.11609977324263039,0.9426189258353401,0.11609977324263039,0.9555466175079346,0.11609977324263039,0.9175257731958762,0.11609977324263039,0.9525640359536551,0.11609977324263039,0.9146129565157053,0.11609977324263039,0.9146129565157053,0.11609977324263039,0.9299349188804626,0.11609977324263039,0.8965719308526223,0.11609977324263039,0.8942512420156139,0.11609977324263039,0.8965719308526223,0.11609977324263039,0.9278350515463918,0.8673469387755102,0.863013698630137,14,6
2026-07-16-honeysuckle-rose-874f2d,sampled,own,own,5,0.9909876543209912,perfect,5,100.0,Honeysuckle Rose,2026-07-16,lick-practice,False,True,0.31790904456480956,0.088625,0.5614673312647818,3.274013605442177,0.21149855887637783,0.16253968253968254,0.8785897365963186,0.16253968253968254,0.8785897365963186,0.16253968253968254,0.9026344418525696,0.16253968253968254,0.8333333333333334,0.16253968253968254,0.8802177858439202,0.16253968253968254,0.5428803518755745,0.13931972789115646,0.5428803518755745,0.13931972789115646,0.5693109631538391,0.13931972789115646,0.9189519262795603,0.16253968253968254,0.9307528147766576,0.16253968253968254,0.0,0.16253968253968254,0.93,0.9081632653061225,0.9315068493150684,16,7
2026-07-16-honeysuckle-rose-994749,sampled,own,own,5,0.9892466616276218,perfect,5,100.0,Honeysuckle Rose,2026-07-16,lick-practice,False,True,0.37822606185612445,0.09289583333333333,0.6140095056666325,0.046439909297052155,0.07661299821196238,0.11609977324263039,0.909099695791725,0.11609977324263039,0.9231942647187285,0.11609977324263039,0.9429612755775452,0.11609977324263039,0.9239130434782609,0.11609977324263039,0.9559947586809348,0.11609977324263039,0.8007703192588937,0.11609977324263039,0.8131853629683339,0.11609977324263039,0.8603506088256836,0.11609977324263039,0.9204423831608991,0.11609977324263039,0.9274673008323425,0.11609977324263039,0.9204423831608991,0.11609977324263039,0.967741935483871,0.8775510204081632,0.8904109589041096,13,6
2026-07-16-honeysuckle-rose-ac0c4a,sampled,own,own,5,0.9896875787351975,perfect,5,100.0,Honeysuckle Rose,2026-07-16,lick-practice,False,True,0.4536888643126275,0.1238125,0.4049602602540833,0.8823582766439909,0.025385363373743006,0.16253968253968254,0.9214043680948155,0.16253968253968254,0.9214043680948155,0.16253968253968254,0.9447069764137268,0.16253968253968254,0.9090909090909091,0.16253968253968254,0.9479981592268751,0.16253968253968254,0.9053735470271292,0.16253968253968254,0.9053735470271292,0.16253968253968254,0.9296470880508423,0.16253968253968254,0.9204423831608991,0.16253968253968254,0.9274673008323425,0.16253968253968254,0.9204423831608991,0.16253968253968254,0.967741935483871,0.8775510204081632,0.8904109589041096,17,9
2026-07-16-honeysuckle-rose-aeb679,sampled,own,own,5,0.9862509448223702,perfect,5,100.0,Honeysuckle Rose,2026-07-16,lick-practice,False,True,0.37631155709669784,0.10677083333333333,0.46355579759731463,0.11609977324263039,0.34019834600793164,0.13931972789115646,0.9424655369219889,0.13931972789115646,0.9424655369219889,0.13931972789115646,0.9591513872146606,0.13931972789115646,0.9292929292929293,0.13931972789115646,0.9588666835314951,0.13931972789115646,0.9147629685529316,0.13931972789115646,0.9147629685529316,0.13931972789115646,0.9247432351112366,0.13931972789115646,0.8572458543619323,0.13931972789115646,0.8494020014644863,0.13931972789115646,0.8572458543619323,0.13931972789115646,0.8787878787878788,0.8367346938775511,0.821917808219178,14,5
2026-07-16-honeysuckle-rose-cd6206,sampled,own,own,5,0.9875434618291774,perfect,5,100.0,Honeysuckle Rose,2026-07-16,lick-practice,False,True,0.2245906778633048,0.12408333333333334,0.45994163983668584,0.046439909297052155,0.25638164243602285,0.16253968253968254,0.9354328089997969,0.16253968253968254,0.9354328089997969,0.16253968253968254,0.9559713006019592,0.16253968253968254,0.9117647058823529,0.16253968253968254,0.9494498959262564,0.16253968253968254,0.9158959292045986,0.16253968253968254,0.9158959292045986,0.16253968253968254,0.9367071390151978,0.16253968253968254,0.9043183742591024,0.16253968253968254,0.907575267076724,0.16253968253968254,0.9043183742591024,0.16253968253968254,0.956989247311828,0.8571428571428571,0.863013698630137,16,7
2026-07-16-honeysuckle-rose-d7e384,sampled,own,own,5,0.9823431594860219,perfect,5,100.0,Honeysuckle Rose,2026-07-16,lick-practice,False,True,0.38766973863274357,0.032625,0.42974697189439764,0.046439909297052155,0.22993247101063172,0.13931972789115646,0.92371770967054,0.13931972789115646,0.92371770967054,0.13931972789115646,0.9555957317352295,0.13931972789115646,0.9072164948453608,0.13931972789115646,0.9335879482283047,0.13931972789115646,0.8956720027646036,0.13931972789115646,0.8956720027646036,0.13931972789115646,0.9383159875869751,0.13931972789115646,0.8680577444367396,0.13931972789115646,0.8578515224084845,0.13931972789115646,0.8680577444367396,0.13931972789115646,0.9139784946236559,0.826530612244898,0.8082191780821918,16,7
2026-07-16-honeysuckle-rose-d8fbc3,sampled,own,own,5,0.9905064247921385,perfect,5,100.0,Honeysuckle Rose,2026-07-16,lick-practice,False,True,0.6199970971313171,0.03766666666666667,0.5526633297666076,0.023219954648526078,0.2461086008381949,0.06965986394557823,0.9247169540128635,0.06965986394557823,0.931830161351424,0.06965986394557823,0.9512305855751038,0.06965986394557823,0.9405940594059405,0.06965986394557823,0.9693877551020408,0.06965986394557823,0.9139964713622596,0.06965986394557823,0.9210272134496615,0.06965986394557823,0.9420979619026184,0.06965986394557823,0.9055933708197692,0.06965986394557823,0.8956661316211878,0.06965986394557823,0.9055933708197692,0.06965986394557823,0.9473684210526315,0.8673469387755102,0.8493150684931506,10,6
2026-07-16-honeysuckle-rose-ddcfae,sampled,own,own,5,0.9823708742756341,perfect,5,100.0,Honeysuckle Rose,2026-07-16,lick-practice,False,True,0.2057898506917371,0.10064583333333334,0.5469470618893547,0.023219954648526078,0.006896743035078972,0.11609977324263039,0.896580405817687,0.11609977324263039,0.896580405817687,0.11609977324263039,0.9365816712379456,0.11609977324263039,0.898989898989899,0.11609977324263039,0.9424767388063537,0.11609977324263039,0.8436372649806146,0.11609977324263039,0.8436372649806146,0.11609977324263039,0.893956184387207,0.11609977324263039,0.9050759271583277,0.11609977324263039,0.8951599671862183,0.11609977324263039,0.9050759271583277,0.11609977324263039,0.946236559139785,0.8673469387755102,0.8493150684931506,13,8
2026-07-16-honeysuckle-rose-ea0991,sampled,own,own,5,0.9952355757117668,perfect,5,100.0,Honeysuckle Rose,2026-07-16,lick-practice,False,True,0.3007947152406454,0.13675,0.47845718977484514,3.622312925170068,0.03794122766674133,0.16253968253968254,0.9180002176124631,0.16253968253968254,0.9180002176124631,0.16253968253968254,0.9416095018386841,0.16253968253968254,0.8804347826086957,0.16253968253968254,0.9278975741239892,0.16253968253968254,0.8928082388548451,0.16253968253968254,0.8928082388548451,0.16253968253968254,0.9143059253692627,0.16253968253968254,0.8878655880522713,0.16253968253968254,0.894898382413936,0.16253968253968254,0.8878655880522713,0.16253968253968254,0.9456521739130435,0.8367346938775511,0.8493150684931506,17,6
2026-07-16-honeysuckle-rose-f44759,sampled,own,own,5,0.9087855883093948,great,5,100.0,Honeysuckle Rose,2026-07-16,lick-practice,False,True,0.15015891336499532,0.12708333333333333,0.4027060264666279,3.274013605442177,0.2183783336963324,0.905578231292517,0.5630392684167578,0.905578231292517,0.5630392684167578,0.905578231292517,0.8367199897766113,0.905578231292517,0.6923076923076923,0.905578231292517,0.6923076923076923,0.905578231292517,0.3942319402712902,0.9984580498866213,0.40347175137139857,0.9984580498866213,0.5992231369018555,0.9984580498866213,0.3303571428571429,0.905578231292517,0.2217100714450334,0.905578231292517,0.0,0.905578231292517,0.29365079365079366,0.37755102040816324,0.1780821917808219,16,6
2026-07-16-minor-triad-down-178424,sampled,own,own,4,0.9008333333333333,great,4,105.0,Minor Triad Down,2026-07-16,ear-training,False,False,0.13425132368966247,2.210354166666667,0.2919158158862699,2.020136054421769,0.0,-0.5572789115646258,0.5955726004126084,-0.5572789115646258,0.6584385971228282,-0.5572789115646258,0.8636820316314697,-0.5572789115646258,0.631578947368421,-0.5572789115646258,0.6925157799819657,-0.5572789115646258,0.5581152895465493,0.301859410430839,0.7510440316120232,0.301859410430839,0.768620491027832,0.301859410430839,0.36012861736334406,-0.5572789115646258,0.25806451612903225,-0.5572789115646258,0.36012861736334406,-0.5572789115646258,0.4057971014492754,0.3236994219653179,0.1891891891891892,19,7
2026-07-16-minor-triad-up-178424,sampled,own,own,4,0.9488886904761905,great,4,105.0,Minor Triad Up,2026-07-16,ear-training,False,False,0.3103159862991092,-0.23372916666666665,0.341391785779584,2.6006349206349206,0.05940949348340219,-0.23219954648526078,0.7828387962260717,-0.23219954648526078,0.9528266491208758,-0.23219954648526078,0.8922287225723267,-0.23219954648526078,0.9722222222222222,-0.23219954648526078,0.9859154929577464,-0.23219954648526078,0.7557281793702936,-0.23219954648526078,0.9198291554621287,-0.23219954648526078,0.8714091181755066,-0.23219954648526078,0.8209876543209876,-0.23219954648526078,0.9447189623224214,-0.23219954648526078,0.8209876543209876,-0.23219954648526078,0.9708029197080292,0.7112299465240641,0.92,15,12
2026-07-16-octave-reach-through-blue-178424,sampled,own,own,6,0.6412083333333334,fair,3,105.0,Octave Reach Through Blue,2026-07-16,ear-training,False,False,0.2433416121760653,-0.3152083333333333,0.34932876302397986,1.7182766439909298,0.15272482560122833,-0.13931972789115646,0.8343358607101841,-0.13931972789115646,0.8343358607101841,-0.13931972789115646,0.9635112285614014,-0.13931972789115646,0.9240506329113924,-0.13931972789115646,0.9605263157894737,-0.13931972789115646,0.7759300457517139,-0.13931972789115646,0.7759300457517139,-0.13931972789115646,0.9287122488021851,-0.13931972789115646,0.723051116800565,-0.13931972789115646,0.723051116800565,-0.13931972789115646,0.723051116800565,-0.13931972789115646,0.7303370786516854,0.7159090909090909,0.7159090909090909,15,11
2026-07-16-pent-arch-178424,sampled,own,own,5,0.9504625396825397,perfect,5,105.0,Pent Arch,2026-07-16,ear-training,False,False,0.13768551105492388,-0.3284375,0.5390853133392876,3.2043537414965986,0.08422031236991429,-0.06965986394557823,0.7686720643869855,-0.06965986394557823,0.9091820116405205,-0.06965986394557823,0.9105100631713867,-0.06965986394557823,0.9310344827586207,-0.06965986394557823,0.9483357157443332,-0.06965986394557823,0.7641939218939198,-0.06965986394557823,0.9038852839605502,-0.06965986394557823,0.9087236523628235,-0.06965986394557823,0.7537091988130564,-0.06965986394557823,0.8417564208782106,-0.06965986394557823,0.7537091988130564,-0.06965986394557823,0.8881118881118881,0.654639175257732,0.8,20,10
2026-07-16-repeated-tumble-178424,sampled,own,own,8,0.7454102182539684,good,5,105.0,Repeated Tumble,2026-07-16,ear-training,False,False,0.10752995629353078,2.3242291666666666,0.28180458732591357,0.9752380952380952,0.0,2.36843537414966,0.6148444695605172,2.36843537414966,0.6148444695605172,2.36843537414966,0.8300929069519043,2.36843537414966,0.6129032258064516,2.36843537414966,0.6688807705081369,2.36843537414966,0.43051567903996724,2.3219954648526078,0.43051567903996724,2.3219954648526078,0.7632657289505005,2.3219954648526078,0.2757158006362672,2.36843537414966,0.2757158006362672,2.36843537414966,0.2757158006362672,2.36843537414966,0.21487603305785125,0.38461538461538464,0.38461538461538464,17,13
2026-07-16-root-b3-fourth-178424,sampled,own,own,3,0.7286944444444444,good,2,105.0,Root–b3–Fourth,2026-07-16,ear-training,False,False,0.08511689335285248,0.06772916666666666,0.6387344597230105,2.066575963718821,0.08472057404020172,0.46439909297052157,0.5597114688456059,0.46439909297052157,0.5597114688456059,0.46439909297052157,0.5784379243850708,0.46439909297052157,0.2222222222222222,0.46439909297052157,0.30769230769230765,0.46439909297052157,0.5153199395015836,0.46439909297052157,0.5153199395015836,0.46439909297052157,0.5788812041282654,0.46439909297052157,0.32227488151658773,0.46439909297052157,0.3636363636363637,0.46439909297052157,0.32227488151658773,0.46439909297052157,0.3008849557522124,0.3469387755102041,0.4594594594594595,17,6
2026-07-16-root-climb-178424,sampled,own,own,5,0.7623166666666668,good,4,105.0,Root Climb,2026-07-16,ear-training,False,False,0.19765868453935875,-0.16564583333333333,0.46296004264769947,2.043356009070295,0.0,-0.13931972789115646,0.8287057430804277,-0.13931972789115646,0.8287057430804277,-0.13931972789115646,0.9453117847442627,-0.13931972789115646,0.896551724137931,-0.13931972789115646,0.9454545454545454,-0.13931972789115646,0.7661990300457702,-0.18575963718820862,0.7661990300457702,-0.18575963718820862,0.8819217681884766,-0.18575963718820862,0.75,-0.13931972789115646,0.75,-0.13931972789115646,0.75,-0.13931972789115646,0.7340425531914894,0.7666666666666667,0.7666666666666667,12,11
2026-07-16-root-flat-third-178424,sampled,own,own,2,0.9575,perfect,2,105.0,Root–Flat Third,2026-07-16,ear-training,False,False,0.2859240741164451,-0.3914166666666667,0.6960190736708782,2.066575963718821,0.10078887871901056,-0.2089795918367347,0.9564392751660841,-0.2089795918367347,0.9564392751660841,-0.2089795918367347,0.9804942011833191,-0.2089795918367347,0.9852941176470589,-0.2089795918367347,0.9871490545960547,-0.2089795918367347,0.854648661941795,-0.16253968253968254,0.854648661941795,-0.16253968253968254,0.8874170780181885,-0.16253968253968254,0.9489542000134508,-0.2089795918367347,0.9063214013709063,-0.2089795918367347,0.9489542000134508,-0.2089795918367347,0.9659090909090909,0.9325842696629213,0.8536585365853658,9,4
2026-07-16-sharp-9-flat-9-dom-2c140c,sampled,own,own,9,0.9685638471487368,perfect,9,119.0,Sharp 9 Flat 9 Dom,2026-07-16,lick-practice,False,True,0.23227548223603608,0.10464583333333333,0.5965546619093924,0.046439909297052155,0.39493751064676436,0.06965986394557823,0.8869331405534373,0.06965986394557823,0.8927300891845055,0.06965986394557823,0.932355523109436,0.06965986394557823,0.9482758620689655,0.06965986394557823,0.9081119885139985,0.06965986394557823,0.8823549197865771,0.06965986394557823,0.8881219454060972,0.06965986394557823,0.9377042055130005,0.06965986394557823,0.7623835439535098,0.06965986394557823,0.7329993666148442,0.06965986394557823,0.7623835439535098,0.06965986394557823,0.8189655172413793,0.7131147540983607,0.6633663366336634,13,14
2026-07-16-sharp-9-flat-9-dom-54f19b,sampled,own,own,9,0.8732166737213414,great,8,119.0,Sharp 9 Flat 9 Dom,2026-07-16,lick-practice,False,True,0.3721347091448789,0.16964583333333333,0.3631230544642018,0.046439909297052155,0.0738893839522602,0.16253968253968254,0.9403570898167499,0.16253968253968254,0.9403570898167499,0.16253968253968254,0.9645177125930786,0.16253968253968254,0.9453125,0.16253968253968254,0.9423439266423816,0.16253968253968254,0.9246717544345112,0.16253968253968254,0.9246717544345112,0.16253968253968254,0.9567891359329224,0.16253968253968254,0.8320241212409744,0.16253968253968254,0.8095308278064357,0.16253968253968254,0.8320241212409744,0.16253968253968254,0.8629032258064516,0.8032786885245902,0.7623762376237624,14,9
2026-07-16-sharp-9-flat-9-dom-56ba37,sampled,own,own,9,0.7526605682931625,good,7,119.0,Sharp 9 Flat 9 Dom,2026-07-16,lick-practice,False,True,0.2969095076159928,0.6915416666666667,0.40409275542153006,0.046439909297052155,0.21077550828748648,0.16253968253968254,0.930036700004107,0.16253968253968254,0.930036700004107,0.16253968253968254,0.9563056230545044,0.16253968253968254,0.9421487603305785,0.16253968253968254,0.948306595365419,0.16253968253968254,0.8270026973702691,0.16253968253968254,0.8270026973702691,0.16253968253968254,0.8645628690719604,0.16253968253968254,0.8181338099687208,0.16253968253968254,0.7920032310177706,0.16253968253968254,0.8181338099687208,0.16253968253968254,0.8617886178861789,0.7786885245901639,0.7326732673267327,15,9
2026-07-16-sharp-9-flat-9-dom-7399a5,sampled,own,own,9,0.9669141069958842,perfect,9,119.0,Sharp 9 Flat 9 Dom,2026-07-16,lick-practice,False,True,0.1943653860860625,0.11066666666666666,0.3443925199411255,1.7182766439909298,0.12259072126788859,0.16253968253968254,0.8777425920034384,0.16253968253968254,0.8777425920034384,0.16253968253968254,0.9531505107879639,0.16253968253968254,0.912,0.16253968253968254,0.9254943040460915,0.16253968253968254,0.8234422825180091,0.16253968253968254,0.8234422825180091,0.16253968253968254,0.916610836982727,0.16253968253968254,0.8161957696464412,0.16253968253968254,0.7986107807222038,0.16253968253968254,0.8161957696464412,0.16253968253968254,0.8384615384615385,0.7950819672131147,0.7623762376237624,19,9
2026-07-16-sharp-9-flat-9-dom-831660,sampled,own,own,9,0.8737089178914386,great,8,119.0,Sharp 9 Flat 9 Dom,2026-07-16,lick-practice,False,True,0.21178636515647603,0.1129375,0.5274609684168701,0.0,0.03632680127041324,0.09287981859410431,0.9126338254321705,0.09287981859410431,0.9126338254321705,0.09287981859410431,0.9625720977783203,0.09287981859410431,0.9841269841269841,0.09287981859410431,0.9844876022963234,0.09287981859410431,0.8176814205460734,0.13931972789115646,0.8176814205460734,0.13931972789115646,0.8636403679847717,0.13931972789115646,0.8039184705324696,0.09287981859410431,0.7801383641627007,0.09287981859410431,0.8039184705324696,0.09287981859410431,0.8217054263565892,0.7868852459016393,0.7425742574257426,14,15
2026-07-16-sharp-9-flat-9-dom-8540c6,sampled,own,own,9,0.5763712263374442,fair,4,119.0,Sharp 9 Flat 9 Dom,2026-07-16,lick-practice,False,True,0.1747380220527698,0.7447708333333334,0.45999503638831835,1.2306575963718822,0.0,0.2786394557823129,0.7512617860134546,0.2786394557823129,0.7512617860134546,0.2786394557823129,0.9034552574157715,0.2786394557823129,0.8648648648648649,0.2786394557823129,0.828708842027377,0.2786394557823129,0.7517917464281638,0.25541950113378686,0.7517917464281638,0.25541950113378686,0.8712883591651917,0.25541950113378686,0.666572077185017,0.2786394557823129,0.6294085729788388,0.2786394557823129,0.666572077185017,0.2786394557823129,0.6692307692307692,0.6639344262295082,0.594059405940594,17,15
2026-07-16-sharp-9-flat-9-dom-983318,sampled,own,own,9,0.9779511722516168,perfect,9,119.0,Sharp 9 Flat 9 Dom,2026-07-16,lick-practice,False,True,0.4574497113675406,0.10170833333333333,0.29898891097425323,1.7647165532879818,0.06089413903834125,0.13931972789115646,0.9139332382322906,0.13931972789115646,0.9139332382322906,0.13931972789115646,0.9746484756469727,0.13931972789115646,1.0,0.13931972789115646,1.0,0.13931972789115646,0.9016661113732821,0.13931972789115646,0.9016661113732821,0.13931972789115646,0.9677674174308777,0.13931972789115646,0.8775206962428359,0.13931972789115646,0.863393671050918,0.13931972789115646,0.8775206962428359,0.13931972789115646,0.8863636363636364,0.8688524590163934,0.8415841584158416,15,10
2026-07-16-sharp-9-flat-9-dom-c8759e,sampled,own,own,9,0.983831850676073,perfect,9,119.0,Sharp 9 Flat 9 Dom,2026-07-16,lick-practice,False,True,0.3324774553264892,0.20275,0.30807178074563674,2.2523356009070294,0.04377840388889803,0.16253968253968254,0.9053548036457656,0.16253968253968254,0.9053548036457656,0.16253968253968254,0.949446439743042,0.16253968253968254,1.0,0.16253968253968254,1.0,0.16253968253968254,0.8092183528782485,0.16253968253968254,0.8092183528782485,0.16253968253968254,0.8521304726600647,0.16253968253968254,0.8907368277554358,0.16253968253968254,0.8784945339230577,0.16253968253968254,0.8907368277554358,0.16253968253968254,0.8962962962962963,0.8852459016393442,0.8613861386138614,15,11
2026-07-16-sharp-9-flat-9-dom-d82b89,sampled,own,own,9,0.9080862363315697,great,8,119.0,Sharp 9 Flat 9 Dom,2026-07-16,lick-practice,False,True,0.2747838903583182,0.11610416666666666,0.35113671524780443,0.06965986394557823,0.2244110068650672,0.11609977324263039,0.9109410488760317,0.11609977324263039,0.9109410488760317,0.11609977324263039,0.9428688287734985,0.11609977324263039,1.0,0.11609977324263039,1.0,0.11609977324263039,0.5950739480700199,0.11609977324263039,0.5950739480700199,0.11609977324263039,0.6101770401000977,0.11609977324263039,0.7711843306498465,0.11609977324263039,0.7435325833376536,0.11609977324263039,0.0,0.11609977324263039,0.7890625,0.7540983606557377,0.7029702970297029,17,14
2026-07-16-sharp-9-flat-9-dom-f6e95f,sampled,own,own,9,0.9847764871644128,perfect,9,119.0,Sharp 9 Flat 9 Dom,2026-07-16,lick-practice,False,True,0.21880644790995613,0.11885416666666666,0.4126850911621604,0.046439909297052155,0.20454993184761386,0.13931972789115646,0.8862168502497982,0.13931972789115646,0.8862168502497982,0.13931972789115646,0.9452103972434998,0.13931972789115646,0.9007633587786259,0.13931972789115646,0.9123518600671777,0.13931972789115646,0.8635862878971285,0.13931972789115646,0.8635862878971285,0.13931972789115646,0.9288943409919739,0.13931972789115646,0.8041527228475813,0.13931972789115646,0.7817675647619498,0.13931972789115646,0.8041527228475813,0.13931972789115646,0.8134328358208955,0.7950819672131147,0.7524752475247525,18,11
2026-07-16-sharp-9-flat-9-dom-fa2ff5,sampled,own,own,9,0.6546833834999016,fair,6,119.0,Sharp 9 Flat 9 Dom,2026-07-16,lick-practice,False,True,0.2740429972202872,0.15610416666666665,0.4065108654751495,0.11609977324263039,0.07915350022821119,0.16253968253968254,0.8934682937121237,0.16253968253968254,0.8934682937121237,0.16253968253968254,0.9562346339225769,0.16253968253968254,0.9398496240601504,0.16253968253968254,0.9123233835501077,0.16253968253968254,0.8697667831143776,0.16253968253968254,0.8697667831143776,0.16253968253968254,0.953816294670105,0.16253968253968254,0.7929675181330811,0.16253968253968254,0.7669121256750123,0.16253968253968254,0.7929675181330811,0.16253968253968254,0.816793893129771,0.7704918032786885,0.7227722772277227,16,13
2026-07-16-sharp-9-flat-9-dom-fed363,sampled,own,own,9,0.9792348657652382,perfect,9,119.0,Sharp 9 Flat 9 Dom,2026-07-16,lick-practice,False,True,0.32025932774713917,0.09735416666666667,0.522281536312669,1.7647165532879818,0.09563702344184546,0.11609977324263039,0.9014781415462494,0.11609977324263039,0.9014781415462494,0.11609977324263039,0.9644774794578552,0.11609977324263039,0.944,0.11609977324263039,0.9454825165860068,0.11609977324263039,0.8766565815388382,0.09287981859410431,0.8766565815388382,0.09287981859410431,0.951440691947937,0.09287981859410431,0.8371556102816684,0.11609977324263039,0.8143878037160553,0.11609977324263039,0.8371556102816684,0.11609977324263039,0.8740157480314961,0.8032786885245902,0.7623762376237624,19,10
2026-07-16-slide-back-down-178424,sampled,own,own,5,0.5183500000000001,try-again,2,105.0,Slide Back Down,2026-07-16,ear-training,False,False,0.1875915440810356,0.5921041666666667,0.45493457492652106,1.6486167800453515,0.13746118553136982,0.5340589569160998,0.557026488929987,0.5340589569160998,0.557026488929987,0.5340589569160998,0.7549341917037964,0.5340589569160998,0.8235294117647058,0.5340589569160998,0.5504121750158529,0.5340589569160998,0.4986198418773711,0.5572789115646258,0.4986198418773711,0.5572789115646258,0.7626980543136597,0.5572789115646258,0.25129342202512933,0.5340589569160998,0.25129342202512933,0.5340589569160998,0.25129342202512933,0.5340589569160998,0.2564102564102564,0.2463768115942029,0.2463768115942029,11,9
2026-07-16-up-to-the-seventh-178424,sampled,own,own,4,0.7945948412698413,good,3,105.0,Up to the Seventh,2026-07-16,ear-training,False,False,0.15580958787144916,0.36072916666666666,0.4699386796726002,1.509297052154195,0.2921582677204347,0.3482993197278912,0.707855390548706,0.3482993197278912,0.707855390548706,0.3482993197278912,0.9571373462677002,0.3482993197278912,1.0,0.3482993197278912,1.0,0.3482993197278912,0.670248728454113,0.3250793650793651,0.670248728454113,0.3250793650793651,0.9457777142524719,0.3250793650793651,0.43,0.3482993197278912,0.43,0.3482993197278912,0.43,0.3482993197278912,0.4215686274509804,0.4387755102040816,0.4387755102040816,15,8
2026-07-16-wouldn-t-it-be-loverly-12f45a,sampled,own,own,10,0.887894935752078,great,9,100.0,Wouldn't It Be Loverly,2026-07-16,lick-practice,False,True,0.14229884265310636,0.0959375,0.43865652618594336,0.046439909297052155,0.0,0.13931972789115646,0.8898590731490506,0.13931972789115646,0.8898590731490506,0.13931972789115646,0.9665689468383789,0.13931972789115646,1.0,0.13931972789115646,1.0,0.13931972789115646,0.8400293433926797,0.13931972789115646,0.8400293433926797,0.13931972789115646,0.9228551387786865,0.13931972789115646,0.8645310690852953,0.13931972789115646,0.8498988215688608,0.13931972789115646,0.8645310690852953,0.13931972789115646,0.8641975308641975,0.8648648648648649,0.8360655737704918,19,13
2026-07-16-wouldn-t-it-be-loverly-3f488c,sampled,own,own,10,0.8848526077097533,great,9,100.0,Wouldn't It Be Loverly,2026-07-16,lick-practice,False,True,0.3408422811512001,0.07425,0.43552915409337584,0.023219954648526078,0.014326053700962673,0.11609977324263039,0.9355738729727073,0.11609977324263039,0.9511667708555858,0.11609977324263039,0.9747428894042969,0.11609977324263039,1.0,0.11609977324263039,1.0,0.11609977324263039,0.8772026982789483,0.11609977324263039,0.8918227432502641,0.11609977324263039,0.9165185689926147,0.11609977324263039,0.8348779532698081,0.11609977324263039,0.8290816326530612,0.11609977324263039,0.8348779532698081,0.11609977324263039,0.8387096774193549,0.831081081081081,0.819672131147541,17,13
2026-07-16-wouldn-t-it-be-loverly-448927,sampled,own,own,10,0.8845502645502683,great,9,100.0,Wouldn't It Be Loverly,2026-07-16,lick-practice,False,True,0.22234464020501657,0.1345,0.41325640885200843,0.09287981859410431,0.10398762713321245,0.13931972789115646,0.7079617165314044,0.13931972789115646,0.7079617165314044,0.13931972789115646,0.8361539840698242,0.13931972789115646,0.8012048192771084,0.13931972789115646,0.8230661040787624,0.13931972789115646,0.7053661549392619,0.13931972789115646,0.7053661549392619,0.13931972789115646,0.8332485556602478,0.13931972789115646,0.6331707636411247,0.13931972789115646,0.5902833665127705,0.13931972789115646,0.6331707636411247,0.13931972789115646,0.6380368098159509,0.6283783783783784,0.5491803278688525,29,12
2026-07-16-wouldn-t-it-be-loverly-538d05,sampled,own,own,10,0.9851851851851848,perfect,10,100.0,Wouldn't It Be Loverly,2026-07-16,lick-practice,False,True,0.11410711262427208,0.035,0.4741596816839565,0.046439909297052155,0.0,0.11609977324263039,0.8914516034022055,0.11609977324263039,0.8914516034022055,0.11609977324263039,0.9365560412406921,0.11609977324263039,0.8766233766233766,0.11609977324263039,0.896197948098974,0.11609977324263039,0.8265811156054013,0.11609977324263039,0.8265811156054013,0.11609977324263039,0.867672324180603,0.11609977324263039,0.8301051466519093,0.11609977324263039,0.8129385589594387,0.11609977324263039,0.8301051466519093,0.11609977324263039,0.8503401360544217,0.8108108108108109,0.7786885245901639,15,11
2026-07-16-wouldn-t-it-be-loverly-63549f,sampled,own,own,10,0.9134139581758636,great,9,100.0,Wouldn't It Be Loverly,2026-07-16,lick-practice,False,True,0.3613056196706397,0.051708333333333335,0.3725116940014664,0.023219954648526078,0.13468065783814193,0.13931972789115646,0.8834334291069885,0.13931972789115646,0.8834334291069885,0.13931972789115646,0.9223775267601013,0.13931972789115646,0.8910256410256411,0.13931972789115646,0.8942192813160555,0.13931972789115646,0.8790265260661234,0.13931972789115646,0.8790265260661234,0.13931972789115646,0.9271512031555176,0.13931972789115646,0.7840196345786746,0.13931972789115646,0.7590747816593887,0.13931972789115646,0.7840196345786746,0.13931972789115646,0.7911392405063291,0.777027027027027,0.7295081967213115,16,11
2026-07-16-wouldn-t-it-be-loverly-788d6e,sampled,own,own,10,0.9834479717813052,perfect,10,100.0,Wouldn't It Be Loverly,2026-07-16,lick-practice,False,True,0.3070506829589588,0.14958333333333335,0.45256839418006445,0.11609977324263039,0.2742447180459216,0.13931972789115646,0.9258522694228125,0.13931972789115646,0.9258522694228125,0.13931972789115646,0.955944836139679,0.13931972789115646,0.9473684210526315,0.13931972789115646,0.9480427046263344,0.13931972789115646,0.9040361345628571,0.13931972789115646,0.9040361345628571,0.13931972789115646,0.9437670111656189,0.13931972789115646,0.812918984936898,0.13931972789115646,0.7886522901926267,0.13931972789115646,0.806260945709282,0.13931972789115646,0.8366013071895425,0.7905405405405406,0.7459016393442623,21,10
2026-07-16-wouldn-t-it-be-loverly-a0ec91,sampled,own,own,10,0.9848488284202568,perfect,10,100.0,Wouldn't It Be Loverly,2026-07-16,lick-practice,False,True,0.3620407230428388,0.10347916666666666,0.5655565787454758,0.046439909297052155,0.13010779326127062,0.09287981859410431,0.9493621183874829,0.09287981859410431,0.9493621183874829,0.09287981859410431,0.9711179733276367,0.09287981859410431,0.9731543624161074,0.09287981859410431,0.9737562958381195,0.09287981859410431,0.9367152692678847,0.09287981859410431,0.9367152692678847,0.09287981859410431,0.9682629704475403,0.09287981859410431,0.8473134489070743,0.09287981859410431,0.8270887597675817,0.09287981859410431,0.8473134489070743,0.09287981859410431,0.8716216216216216,0.8243243243243243,0.7868852459016393,17,13
2026-07-16-wouldn-t-it-be-loverly-c0edad,sampled,own,own,10,0.9257961703199804,great,9,100.0,Wouldn't It Be Loverly,2026-07-16,lick-practice,False,True,0.21225927105703543,0.18022916666666666,0.4445047441849042,0.09287981859410431,0.14024618664747923,0.13931972789115646,0.9061469103469223,0.13931972789115646,0.9061469103469223,0.13931972789115646,0.9305745959281921,0.13931972789115646,0.9013157894736842,0.13931972789115646,0.9057640376198901,0.13931972789115646,0.8838044385441014,0.13931972789115646,0.8838044385441014,0.13931972789115646,0.9223082661628723,0.13931972789115646,0.7914659325533379,0.13931972789115646,0.7660526768807023,0.13931972789115646,0.7914659325533379,0.13931972789115646,0.8064516129032258,0.777027027027027,0.7295081967213115,21,11
2026-07-16-wouldn-t-it-be-loverly-c3ba50,sampled,own,own,10,0.9798034769463377,perfect,10,100.0,Wouldn't It Be Loverly,2026-07-16,lick-practice,False,True,0.37487694443490566,0.15170833333333333,0.5021231243700018,0.06965986394557823,0.258380658727357,0.11609977324263039,0.915306806564331,0.11609977324263039,0.9410176719172617,0.11609977324263039,0.972433865070343,0.11609977324263039,1.0,0.11609977324263039,1.0,0.11609977324263039,0.9031503120732438,0.13931972789115646,0.933765576889286,0.13931972789115646,0.9588469862937927,0.13931972789115646,0.7712128475551294,0.11609977324263039,0.7637523837465161,0.11609977324263039,0.7712128475551294,0.11609977324263039,0.8013698630136986,0.7432432432432432,0.7295081967213115,25,11
2026-07-16-wouldn-t-it-be-loverly-c6530a,sampled,own,own,10,0.9856424792139091,perfect,10,100.0,Wouldn't It Be Loverly,2026-07-16,lick-practice,False,True,0.28131687565372865,0.16475,0.39756873588714603,0.046439909297052155,0.0,0.16253968253968254,0.9045123409052365,0.16253968253968254,0.9094821889321882,0.16253968253968254,0.9446896910667419,0.16253968253968254,0.9256756756756757,0.16253968253968254,0.9339176405119644,0.16253968253968254,0.8696098630545569,0.16253968253968254,0.8743879392251863,0.16253968253968254,0.9164730906486511,0.16253968253968254,0.8485009286282833,0.16253968253968254,0.8381634646694888,0.16253968253968254,0.8485009286282833,0.16253968253968254,0.8666666666666667,0.831081081081081,0.8114754098360656,20,13
2026-07-16-wouldn-t-it-be-loverly-e9ae70,sampled,own,own,10,0.9884542705971295,perfect,10,100.0,Wouldn't It Be Loverly,2026-07-16,lick-practice,False,True,0.3445494798344672,0.20670833333333333,0.365550498708466,2.089795918367347,0.0,0.18575963718820862,0.9038018708020612,0.18575963718820862,0.9038018708020612,0.18575963718820862,0.960874080657959,0.18575963718820862,0.925,0.18575963718820862,0.9304168101963486,0.18575963718820862,0.8734709578133671,0.16253968253968254,0.8734709578133671,0.16253968253968254,0.9451115131378174,0.16253968253968254,0.8629990747989468,0.18575963718820862,0.8493727519957891,0.18575963718820862,0.8629990747989468,0.18575963718820862,0.8545454545454545,0.8716216216216216,0.8442622950819673,22,14
2026-07-16-wouldn-t-it-be-loverly-edbca0,sampled,own,own,10,0.4669538926681802,try-again,5,100.0,Wouldn't It Be Loverly,2026-07-16,lick-practice,False,True,0.28880720285189276,1.9500833333333334,0.3154216779428761,2.066575963718821,0.17118092619856592,0.0,0.43547440654104524,0.0,0.5012063924340332,0.0,0.57270747423172,0.0,0.422680412371134,0.0,0.30104017948194983,0.0,0.35548906140233,0.0,0.40914778765173826,0.0,0.5013048648834229,0.0,0.18926359256710257,0.0,0.21309569934134057,0.0,0.18926359256710257,0.0,0.2604166666666667,0.14864864864864866,0.18032786885245902,19,10
2026-07-16-zigzag-blues-178424,sampled,own,own,9,0.7670568783068783,good,6,105.0,Zigzag Blues,2026-07-16,ear-training,False,False,0.11698938082788093,-0.18895833333333334,0.42696001474654616,1.6950566893424037,0.03004447945852873,-0.18575963718820862,0.797578247290262,-0.18575963718820862,0.797578247290262,-0.18575963718820862,0.8968587517738342,-0.18575963718820862,0.7818181818181819,-0.18575963718820862,0.8393333947150355,-0.18575963718820862,0.706099515793832,-0.16253968253968254,0.706099515793832,-0.16253968253968254,0.816577672958374,-0.16253968253968254,0.5730027548209367,-0.18575963718820862,0.5730027548209367,-0.18575963718820862,0.5730027548209367,-0.18575963718820862,0.6190476190476191,0.5333333333333333,0.5333333333333333,15,15
2026-10-06-apple-jump-160e9c,sampled,own,own,9,0.9824881946194128,perfect,9,110.0,Apple Jump,2026-10-06,lick-practice,False,True,0.13769760102525433,0.016375,0.38614875478001726,0.046439909297052155,0.22534543407416668,0.11609977324263039,0.9549494561660721,0.11609977324263039,0.9549494561660721,0.11609977324263039,0.9712117314338684,0.11609977324263039,1.0,0.11609977324263039,1.0,0.11609977324263039,0.777145226407482,0.11609977324263039,0.777145226407482,0.11609977324263039,0.7979324460029602,0.11609977324263039,0.8767149209953637,0.11609977324263039,0.8605117321070628,0.11609977324263039,0.8767149209953637,0.11609977324263039,0.8913043478260869,0.8625954198473282,0.8317757009345794,14,12
2026-10-06-apple-jump-1d4acd,sampled,own,own,9,0.9801577309145767,perfect,9,111.0,Apple Jump,2026-10-06,lick-practice,False,True,0.14860068559670095,0.008875,0.48503113885081006,0.0,0.23452649819246155,0.09287981859410431,0.8989653702938195,0.09287981859410431,0.9212999136551566,0.09287981859410431,0.9480461478233337,0.09287981859410431,0.9624060150375939,0.09287981859410431,0.9669966086740743,0.09287981859410431,0.6064226655345974,0.09287981859410431,0.6214890671627862,0.09287981859410431,0.6362864971160889,0.09287981859410431,0.8052824230244742,0.09287981859410431,0.7994327749711957,0.09287981859410431,0.0,0.09287981859410431,0.8270676691729323,0.7846153846153846,0.7735849056603774,11,13
2026-10-06-apple-jump-3176c5,sampled,own,own,9,0.9815156238627123,perfect,9,110.0,Apple Jump,2026-10-06,lick-practice,False,True,0.13502270884139866,0.087875,0.31103777031097474,2.2058956916099772,0.05222081140911496,0.11609977324263039,0.7818794616733689,0.11609977324263039,0.865279937585195,0.11609977324263039,0.9525538086891174,0.11609977324263039,0.9217391304347826,0.11609977324263039,0.9291198471018552,0.11609977324263039,0.733124504281006,0.09287981859410431,0.8059514417923641,0.09287981859410431,0.9055885076522827,0.09287981859410431,0.7061183550651956,0.11609977324263039,0.7459207459207459,0.11609977324263039,0.7061183550651956,0.11609977324263039,0.7441860465116279,0.6717557251908397,0.7476635514018691,15,10
2026-10-06-apple-jump-3509b3,sampled,own,own,9,0.7717391114470471,good,6,110.0,Apple Jump,2026-10-06,lick-practice,False,True,0.12850313027783308,0.09577083333333333,0.5546953713987608,0.023219954648526078,0.096281890287361,0.09287981859410431,0.8369825068995895,0.09287981859410431,0.8369825068995895,0.09287981859410431,0.9304316639900208,0.09287981859410431,0.9285714285714286,0.09287981859410431,0.9255434782608696,0.09287981859410431,0.7230723063540028,0.09287981859410431,0.7230723063540028,0.09287981859410431,0.8139734864234924,0.09287981859410431,0.7581017656261642,0.09287981859410431,0.724717500712183,0.09287981859410431,0.7581017656261642,0.09287981859410431,0.7851851851851852,0.732824427480916,0.6728971962616822,11,9
2026-10-06-apple-jump-3717dd,sampled,own,own,9,0.9716001662887133,perfect,9,111.0,Apple Jump,2026-10-06,lick-practice,False,True,0.15532556819999524,0.16860416666666667,0.33710823461712774,2.2291156462585033,0.11891394962718144,0.13931972789115646,0.8382166963635069,0.13931972789115646,0.9099062822367016,0.13931972789115646,0.9537226557731628,0.13931972789115646,0.9426229508196722,0.13931972789115646,0.9534550553235591,0.13931972789115646,0.782105298272588,0.11609977324263039,0.8434468902939675,0.11609977324263039,0.9106397032737732,0.11609977324263039,0.6926871113017371,0.13931972789115646,0.7265774378585086,0.13931972789115646,0.6926871113017371,0.13931972789115646,0.7364341085271318,0.6538461538461539,0.7169811320754716,13,13
2026-10-06-apple-jump-467206,sampled,own,own,9,0.9647609417429541,perfect,9,110.0,Apple Jump,2026-10-06,lick-practice,False,True,0.10330636009941,1.2411458333333334,0.3645452874603956,0.5108390022675737,0.10206387377596512,0.13931972789115646,0.8145949395306139,0.13931972789115646,0.8451422497630119,0.13931972789115646,0.8879538774490356,0.13931972789115646,0.9743589743589743,0.13931972789115646,0.9326504976326214,0.13931972789115646,0.5664558574579746,0.16253968253968254,0.5913941656479483,0.16253968253968254,0.6259015798568726,0.16253968253968254,0.6736490341511125,0.13931972789115646,0.6635958696092327,0.13931972789115646,0.0,0.13931972789115646,0.6834532374100719,0.6641221374045801,0.6448598130841121,23,14
2026-10-06-apple-jump-568744,sampled,own,own,9,0.842071554043857,good,7,111.0,Apple Jump,2026-10-06,lick-practice,False,True,0.21596339749986912,0.06995833333333333,0.6157834078118772,0.046439909297052155,0.10623439148383351,0.11609977324263039,0.849610261573936,0.11609977324263039,0.849610261573936,0.11609977324263039,0.8654580116271973,0.11609977324263039,0.7573529411764706,0.11609977324263039,0.7919172005914243,0.11609977324263039,0.8567780445019404,0.11609977324263039,0.8567780445019404,0.11609977324263039,0.8765887022018433,0.11609977324263039,0.7239144249099767,0.11609977324263039,0.6990790319126151,0.11609977324263039,0.7239144249099767,0.11609977324263039,0.768,0.6846153846153846,0.6415094339622641,16,11
2026-10-06-apple-jump-60d5eb,sampled,own,own,9,0.9699083900226474,perfect,9,111.0,Apple Jump,2026-10-06,lick-practice,False,True,0.17720231499823752,0.14816666666666667,0.3016711599311971,0.06965986394557823,0.20541625363772148,0.13931972789115646,0.8123730011058576,0.13931972789115646,0.8876923522017649,0.13931972789115646,0.9419203400611877,0.13931972789115646,0.9508196721311475,0.13931972789115646,0.9576302051717859,0.13931972789115646,0.823085567236624,0.13931972789115646,0.8993981363843905,0.13931972789115646,0.9592342972755432,0.13931972789115646,0.7306273062730627,0.13931972789115646,0.7687661777394307,0.13931972789115646,0.7306273062730627,0.13931972789115646,0.7734375,0.6923076923076923,0.7641509433962265,20,11
2026-10-06-apple-jump-642100,sampled,own,own,9,0.9816321934995735,perfect,9,111.0,Apple Jump,2026-10-06,lick-practice,False,True,0.24665673599441756,0.1955625,0.3279630891898502,0.11609977324263039,0.3240062732552484,0.13931972789115646,0.8250614137360543,0.13931972789115646,0.9198319815300606,0.13931972789115646,0.9554041624069214,0.13931972789115646,0.9663865546218487,0.13931972789115646,0.976004396141165,0.13931972789115646,0.8002266014502807,0.11609977324263039,0.8861569747603779,0.11609977324263039,0.9417797923088074,0.11609977324263039,0.7203407880724175,0.13931972789115646,0.7667322834645669,0.13931972789115646,0.7203407880724175,0.13931972789115646,0.76,0.6846153846153846,0.7735849056603774,12,10
2026-10-06-apple-jump-6bc44e,sampled,own,own,9,0.9876076929537241,perfect,9,110.0,Apple Jump,2026-10-06,lick-practice,False,True,0.26984468028821895,0.08658333333333333,0.437214128635325,0.06965986394557823,0.34689974660197914,0.11609977324263039,0.9349998224930591,0.11609977324263039,0.9522084081831154,0.11609977324263039,0.9704735279083252,0.11609977324263039,0.9838709677419355,0.11609977324263039,0.9848921692999655,0.11609977324263039,0.9008525970829538,0.13931972789115646,0.9230958710850021,0.13931972789115646,0.939489483833313,0.13931972789115646,0.8256659454474515,0.11609977324263039,0.8145576018636544,0.11609977324263039,0.8256659454474515,0.11609977324263039,0.8692307692307693,0.7862595419847328,0.7663551401869159,22,11
2026-10-06-apple-jump-6e2295,sampled,own,own,9,0.9738248761232897,perfect,9,110.0,Apple Jump,2026-10-06,lick-practice,False,True,0.1807294459157847,0.15504166666666666,0.20438680306265075,1.6950566893424037,0.11434409997756068,0.16253968253968254,0.8632796218237245,0.16253968253968254,0.906989982422394,0.16253968253968254,0.9659608006477356,0.16253968253968254,0.9689922480620154,0.16253968253968254,0.9704095409540954,0.16253968253968254,0.8387385739395058,0.16253968253968254,0.881206349835177,0.16253968253968254,0.9545547962188721,0.16253968253968254,0.7478912839737583,0.16253968253968254,0.759665385484965,0.16253968253968254,0.7478912839737583,0.16253968253968254,0.7720588235294118,0.7251908396946565,0.7476635514018691,21,11
2026-10-06-apple-jump-78e1fd,sampled,own,own,9,0.4733318578986391,try-again,3,111.0,Apple Jump,2026-10-06,lick-practice,False,True,0.1487868799175722,0.21952083333333333,0.381080304402855,1.9040362811791383,0.14131571246845895,0.3482993197278912,0.7594518365282001,0.3482993197278912,0.841003711591631,0.3482993197278912,0.9425766468048096,0.3482993197278912,0.9243697478991597,0.3482993197278912,0.930232558139535,0.3482993197278912,0.698165499136755,0.3250793650793651,0.7679820490504304,0.3250793650793651,0.8803794980049133,0.3250793650793651,0.6125982777985773,0.3482993197278912,0.6425284837861525,0.3482993197278912,0.6125982777985773,0.3482993197278912,0.6343283582089553,0.5923076923076923,0.6509433962264151,20,10
2026-10-06-apple-jump-8787ac,sampled,own,own,9,0.40099190325016837,try-again,1,111.0,Apple Jump,2026-10-06,lick-practice,False,True,0.11349991082125711,0.3546875,0.34660002198982465,1.6718367346938776,0.11055202121436604,0.2089795918367347,0.7271236430063392,0.2089795918367347,0.7593379816205441,0.2089795918367347,0.8062504529953003,0.2089795918367347,0.6946564885496184,0.2089795918367347,0.7187993680884677,0.2089795918367347,0.5604872197985198,0.2089795918367347,0.5853189320680744,0.2089795918367347,0.6809599995613098,0.2089795918367347,0.5827128520556815,0.2089795918367347,0.5627557980900408,0.2089795918367347,0.447719298245614,0.2089795918367347,0.6147540983606558,0.5538461538461539,0.5188679245283019,19,12
2026-10-06-apple-jump-88f772,sampled,own,own,9,0.9831869432546709,perfect,9,110.0,Apple Jump,2026-10-06,lick-practice,False,True,0.1052873014469093,0.16427083333333334,0.25037206979955107,0.06965986394557823,0.03745241941471168,0.16253968253968254,0.9130857989012476,0.16253968253968254,0.9130857989012476,0.16253968253968254,0.9300841689109802,0.16253968253968254,0.9492753623188406,0.16253968253968254,0.9569691799082862,0.16253968253968254,0.8531899281654013,0.16253968253968254,0.8531899281654013,0.16253968253968254,0.8753275275230408,0.16253968253968254,0.8483301968039298,0.16253968253968254,0.8283078397699589,0.16253968253968254,0.8483301968039298,0.16253968253968254,0.8652482269503546,0.8320610687022901,0.794392523364486,23,13
2026-10-06-apple-jump-8ea76c,sampled,own,own,9,0.9114102404747901,great,8,110.0,Apple Jump,2026-10-06,lick-practice,False,True,0.207661674886949,0.19066666666666668,0.5436667250887909,0.13931972789115646,0.2175618984380634,0.18575963718820862,0.9023947216660143,0.18575963718820862,0.9078637805852023,0.18575963718820862,0.9195811152458191,0.18575963718820862,0.8695652173913043,0.18575963718820862,0.8852005532503457,0.18575963718820862,0.8914635658084628,0.18575963718820862,0.8968663752982111,0.18575963718820862,0.9072624444961548,0.18575963718820862,0.8039625415989474,0.18575963718820862,0.7927893374244893,0.18575963718820862,0.8039625415989474,0.18575963718820862,0.8688524590163934,0.7480916030534351,0.7289719626168224,18,11
2026-10-06-apple-jump-961f94,sampled,own,own,9,0.9455334845049351,great,9,111.0,Apple Jump,2026-10-06,lick-practice,False,True,0.28039527281366183,0.4009375,0.5191788496375804,0.23219954648526078,0.0,0.4179591836734694,0.6914179708469997,0.4179591836734694,0.7977899663619228,0.4179591836734694,0.9660183787345886,0.4179591836734694,0.9814814814814815,0.4179591836734694,0.9871615778620368,0.4179591836734694,0.6459628335764688,0.3947392290249433,0.7401657468063705,0.3947392290249433,0.9440907835960388,0.3947392290249433,0.5776065082423464,0.4179591836734694,0.6313508307247773,0.4179591836734694,0.5776065082423464,0.4179591836734694,0.6129032258064516,0.5461538461538461,0.6509433962264151,20,10
2026-10-06-apple-jump-9b78ca,sampled,own,own,9,0.9757346434870255,perfect,9,110.0,Apple Jump,2026-10-06,lick-practice,False,True,0.1283430034965148,0.0456875,0.3939498054636846,2.2755555555555556,0.15282039886653706,0.09287981859410431,0.9383600056171417,0.09287981859410431,0.9383600056171417,0.09287981859410431,0.9605014324188232,0.09287981859410431,0.9343065693430657,0.09287981859410431,0.9458813301456205,0.09287981859410431,0.8790437416678452,0.09287981859410431,0.8790437416678452,0.09287981859410431,0.9021676182746887,0.09287981859410431,0.8142279163857046,0.09287981859410431,0.7906127991851978,0.09287981859410431,0.8142279163857046,0.09287981859410431,0.8273381294964028,0.8015267175572519,0.7570093457943925,10,11
2026-10-06-apple-jump-a37338,sampled,own,own,9,0.9704568253968242,perfect,9,111.0,Apple Jump,2026-10-06,lick-practice,False,True,0.11298133253275752,0.07108333333333333,0.25908744052084676,2.2058956916099772,0.03998682317867497,0.13931972789115646,0.7639308886094527,0.13931972789115646,0.8693006663486875,0.13931972789115646,0.9373831748962402,0.13931972789115646,0.9655172413793104,0.13931972789115646,0.9650278763304613,0.13931972789115646,0.7279820418493315,0.13931972789115646,0.8283933579664806,0.13931972789115646,0.9065508842468262,0.13931972789115646,0.703155183515776,0.13931972789115646,0.7628628313947396,0.13931972789115646,0.703155183515776,0.13931972789115646,0.7711864406779662,0.6461538461538462,0.7547169811320755,17,13
2026-10-06-apple-jump-a65f74,sampled,own,own,9,0.9834534867444904,perfect,9,110.0,Apple Jump,2026-10-06,lick-practice,False,True,0.12692902219005528,0.0823125,0.41704739136504465,0.11609977324263039,0.2640828059424082,0.13931972789115646,0.9012237514357969,0.13931972789115646,0.9234761897428536,0.13931972789115646,0.9538037776947021,0.13931972789115646,0.9767441860465116,0.13931972789115646,0.9778075538062139,0.13931972789115646,0.8351221147430948,0.13931972789115646,0.855742413872554,0.13931972789115646,0.8831478953361511,0.13931972789115646,0.8259233926128591,0.13931972789115646,0.8221194280908326,0.13931972789115646,0.8259233926128591,0.13931972789115646,0.8518518518518519,0.8015267175572519,0.794392523364486,10,12
2026-10-06-apple-jump-b78ac7,sampled,own,own,9,0.9153751655328296,great,8,111.0,Apple Jump,2026-10-06,lick-practice,False,True,0.20185978164531954,0.08633333333333333,0.4435920668840176,0.023219954648526078,0.09412585299157986,0.09287981859410431,0.8579388502420802,0.09287981859410431,0.8738266067280446,0.09287981859410431,0.8975539803504944,0.09287981859410431,0.8473282442748091,0.09287981859410431,0.8561944804476338,0.09287981859410431,0.737830258047942,0.09287981859410431,0.7514937813451261,0.09287981859410431,0.780396044254303,0.09287981859410431,0.7716876971608834,0.09287981859410431,0.7530876395613081,0.09287981859410431,0.44263417305585984,0.09287981859410431,0.8174603174603174,0.7307692307692307,0.6981132075471698,17,13
2026-10-06-apple-jump-ce41bf,sampled,own,own,9,0.5854556927297663,fair,3,110.0,Apple Jump,2026-10-06,lick-practice,False,True,0.05430847548635844,0.44745833333333335,0.3338937195578937,0.18575963718820862,0.30880573504528386,0.2089795918367347,0.6698225582669298,0.2089795918367347,0.6698225582669298,0.2089795918367347,0.7212810516357422,0.2089795918367347,0.5075757575757576,0.2089795918367347,0.5402694463565739,0.2089795918367347,0.5347991156986499,0.2089795918367347,0.5347991156986499,0.2089795918367347,0.5949023962020874,0.2089795918367347,0.4659823882438724,0.2089795918367347,0.4004089014704726,0.2089795918367347,0.4659823882438724,0.2089795918367347,0.4589041095890411,0.4732824427480916,0.35514018691588783,20,11
2026-10-06-apple-jump-f59166,sampled,own,own,9,0.8764719800677466,great,8,110.0,Apple Jump,2026-10-06,lick-practice,False,True,0.16268604601682202,0.163125,0.33974891219264325,2.2523356009070294,0.0,0.18575963718820862,0.9028931480933384,0.18575963718820862,0.9028931480933384,0.18575963718820862,0.9414345026016235,0.18575963718820862,0.9142857142857143,0.18575963718820862,0.9183919377806989,0.18575963718820862,0.8470582200371357,0.18575963718820862,0.8470582200371357,0.18575963718820862,0.8836246728897095,0.18575963718820862,0.8565320808117304,0.18575963718820862,0.8398902791868637,0.18575963718820862,0.8565320808117304,0.18575963718820862,0.8581081081081081,0.8549618320610687,0.822429906542056,19,12
2026-10-06-art-pepper-stardust-116901,sampled,own,own,6,0.9772457814730797,perfect,6,79.0,Art Pepper — Stardust,2026-10-06,lick-practice,False,True,0.18952415751584753,0.0895625,0.41524318097137153,0.16253968253968254,0.024495752575033405,0.23219954648526078,0.8793367671486515,0.23219954648526078,0.8793367671486515,0.23219954648526078,0.9364285469055176,0.23219954648526078,0.9207920792079208,0.23219954648526078,0.9258849557522124,0.23219954648526078,0.9017919041966432,0.2089795918367347,0.9017919041966432,0.2089795918367347,0.9597652554512024,0.2089795918367347,0.8943558772592033,0.23219954648526078,0.8943558772592033,0.23219954648526078,0.8943558772592033,0.23219954648526078,0.8760330578512396,0.9134615384615384,0.9134615384615384,17,7
2026-10-06-art-pepper-stardust-11a422,sampled,own,own,6,0.9772492886537373,perfect,6,77.0,Art Pepper — Stardust,2026-10-06,lick-practice,False,True,0.159247465368869,0.0215625,0.571819898335689,0.0,0.1286839139502314,0.046439909297052155,0.9043184413629419,0.046439909297052155,0.9043184413629419,0.046439909297052155,0.9638049006462097,0.046439909297052155,0.9819819819819819,0.046439909297052155,0.9867658905213088,0.046439909297052155,0.7686931649649066,0.06965986394557823,0.7686931649649066,0.06965986394557823,0.8286172151565552,0.06965986394557823,0.8937309909664533,0.046439909297052155,0.8937309909664533,0.046439909297052155,0.7417218543046358,0.046439909297052155,0.9304347826086956,0.8598130841121495,0.8598130841121495,18,9
2026-10-06-art-pepper-stardust-3894fd,sampled,own,own,6,0.9713519594356477,perfect,6,77.0,Art Pepper — Stardust,2026-10-06,lick-practice,False,True,0.1962536586900304,0.03710416666666667,0.4616793471845429,0.023219954648526078,0.0,0.09287981859410431,0.8355727696340848,0.09287981859410431,0.8355727696340848,0.09287981859410431,0.9222741723060608,0.09287981859410431,0.9565217391304348,0.09287981859410431,0.9572519083969466,0.09287981859410431,0.8290747078805188,0.09287981859410431,0.8290747078805188,0.09287981859410431,0.926581859588623,0.09287981859410431,0.8793058793058792,0.09287981859410431,0.8793058793058792,0.09287981859410431,0.8793058793058792,0.09287981859410431,0.8536585365853658,0.9065420560747663,0.9065420560747663,12,7
2026-10-06-art-pepper-stardust-43ffae,sampled,own,own,6,0.7808967996136733,good,4,79.0,Art Pepper — Stardust,2026-10-06,lick-practice,False,True,0.1869200901809254,0.029479166666666667,0.5466075744495725,3.3668934240362813,0.0,0.23219954648526078,0.6310492304947553,0.23219954648526078,0.6310492304947553,0.23219954648526078,0.8221566081047058,0.23219954648526078,0.732824427480916,0.23219954648526078,0.7885500933416304,0.23219954648526078,0.5625978908907847,0.2786394557823129,0.5625978908907847,0.2786394557823129,0.7489525079727173,0.2786394557823129,0.5586720091585575,0.23219954648526078,0.5586720091585575,0.23219954648526078,0.5586720091585575,0.23219954648526078,0.5333333333333333,0.5865384615384616,0.5865384615384616,18,6
2026-10-06-art-pepper-stardust-4cfc03,sampled,own,own,6,0.9887858274964305,perfect,6,79.0,Art Pepper — Stardust,2026-10-06,lick-practice,False,True,0.08232684522106505,0.005895833333333334,0.5358449241401472,0.046439909297052155,0.020376362010296665,0.13931972789115646,0.9081003061877001,0.13931972789115646,0.9081003061877001,0.13931972789115646,0.9401964545249939,0.13931972789115646,0.9911504424778761,0.13931972789115646,0.9955555555555555,0.13931972789115646,0.8916909226635158,0.13931972789115646,0.8916909226635158,0.13931972789115646,0.9253220558166504,0.13931972789115646,0.9130355846042121,0.13931972789115646,0.9130355846042121,0.13931972789115646,0.9130355846042121,0.13931972789115646,0.9224137931034483,0.9038461538461539,0.9038461538461539,12,7
2026-10-06-art-pepper-stardust-4d4921,sampled,own,own,6,0.8720613460989319,great,5,79.0,Art Pepper — Stardust,2026-10-06,lick-practice,False,True,0.11429967562109912,0.053375,0.36327289776458943,1.7182766439909298,0.0,0.13931972789115646,0.5981708988047286,0.13931972789115646,0.5981708988047286,0.13931972789115646,0.7330007553100586,0.13931972789115646,0.6587301587301587,0.13931972789115646,0.6779267923767267,0.13931972789115646,0.3135888358615589,0.9752380952380952,0.3135888358615589,0.9752380952380952,0.46545660495758057,0.9752380952380952,0.5724809885931559,0.13931972789115646,0.5724809885931559,0.13931972789115646,0.0,0.13931972789115646,0.5214285714285715,0.6346153846153846,0.6346153846153846,17,7
2026-10-06-art-pepper-stardust-50ee81,sampled,own,own,6,0.9748194144620664,perfect,6,77.0,Art Pepper — Stardust,2026-10-06,lick-practice,False,True,0.29377682211952494,0.18585416666666665,0.45719021868012866,0.09287981859410431,0.04224589072882529,0.16253968253968254,0.8502129333860734,0.16253968253968254,0.8502129333860734,0.16253968253968254,0.9333896636962891,0.16253968253968254,0.923728813559322,0.16253968253968254,0.9323710237904304,0.16253968253968254,0.8051248221518168,0.16253968253968254,0.8051248221518168,0.16253968253968254,0.8836621046066284,0.16253968253968254,0.8203003625064734,0.16253968253968254,0.8203003625064734,0.16253968253968254,0.8203003625064734,0.16253968253968254,0.8181818181818182,0.822429906542056,0.822429906542056,21,7
2026-10-06-art-pepper-stardust-537534,sampled,own,own,6,0.7918950116738056,good,4,79.0,Art Pepper — Stardust,2026-10-06,lick-practice,False,True,0.0990998237840288,0.07641666666666666,0.47262849206408625,2.6006349206349206,0.02690187895030108,0.13931972789115646,0.7578324472544177,0.13931972789115646,0.7578324472544177,0.13931972789115646,0.8282275795936584,0.13931972789115646,0.7899159663865546,0.13931972789115646,0.8041784861992886,0.13931972789115646,0.7384614539426445,0.13931972789115646,0.7384614539426445,0.13931972789115646,0.8078714609146118,0.13931972789115646,0.6965591655676778,0.13931972789115646,0.6965591655676778,0.13931972789115646,0.6965591655676778,0.13931972789115646,0.7217391304347827,0.6730769230769231,0.6730769230769231,17,8
2026-10-06-art-pepper-stardust-552dd9,sampled,own,own,6,0.9612949653145147,perfect,6,77.0,Art Pepper — Stardust,2026-10-06,lick-practice,False,True,0.15098516337258763,0.06258333333333334,0.45874152751127434,0.0,0.020488539097957205,0.18575963718820862,0.7865210367378845,0.18575963718820862,0.7865210367378845,0.18575963718820862,0.8969398736953735,0.18575963718820862,0.8362068965517241,0.18575963718820862,0.8818542937876244,0.18575963718820862,0.5175138117343772,0.37151927437641724,0.5175138117343772,0.37151927437641724,0.5541607737541199,0.37151927437641724,0.7271290258842126,0.18575963718820862,0.7271290258842126,0.18575963718820862,0.0,0.18575963718820862,0.7076923076923077,0.7476635514018691,0.7476635514018691,17,8
2026-10-06-art-pepper-stardust-89d530,sampled,own,own,6,0.9842469847988584,perfect,6,79.0,Art Pepper — Stardust,2026-10-06,lick-practice,False,True,0.044723207357825305,0.15597916666666667,0.5433463089630568,0.023219954648526078,0.106680255927072,0.09287981859410431,0.9019277699841749,0.09287981859410431,0.9019277699841749,0.09287981859410431,0.9234467148780823,0.09287981859410431,0.9813084112149533,0.09287981859410431,0.9820329805562393,0.09287981859410431,0.5919962997404521,0.09287981859410431,0.5919962997404521,0.09287981859410431,0.5980325937271118,0.09287981859410431,0.8986046511627905,0.09287981859410431,0.8986046511627905,0.09287981859410431,0.0,0.09287981859410431,0.9130434782608695,0.8846153846153846,0.8846153846153846,20,8
2026-10-06-art-pepper-stardust-9bc215,sampled,own,own,6,0.9719923903585856,perfect,6,77.0,Art Pepper — Stardust,2026-10-06,lick-practice,False,True,0.14566526152040082,0.12704166666666666,0.46783382872783447,1.8808163265306124,0.17285301108306572,0.13931972789115646,0.9417301546903997,0.13931972789115646,0.9417301546903997,0.13931972789115646,0.9632607698440552,0.13931972789115646,1.0,0.13931972789115646,1.0,0.13931972789115646,0.6431812389808542,0.18575963718820862,0.6431812389808542,0.18575963718820862,0.6509043574333191,0.18575963718820862,0.8590308370044053,0.13931972789115646,0.8590308370044053,0.13931972789115646,0.08771929824561403,0.13931972789115646,0.8677685950413223,0.8504672897196262,0.8504672897196262,19,8
2026-10-06-art-pepper-stardust-a1cb9a,sampled,own,own,6,0.9886983092298929,perfect,6,77.0,Art Pepper — Stardust,2026-10-06,lick-practice,False,True,0.25087039196421157,0.07408333333333333,0.41354997905219754,4.20281179138322,0.179734922129458,0.06965986394557823,0.934330583397859,0.06965986394557823,0.934330583397859,0.06965986394557823,0.9589815139770508,0.06965986394557823,1.0,0.06965986394557823,1.0,0.06965986394557823,0.6386039104994411,0.06965986394557823,0.6386039104994411,0.06965986394557823,0.6504859924316406,0.06965986394557823,0.8736519070583078,0.06965986394557823,0.8736519070583078,0.06965986394557823,0.0,0.06965986394557823,0.8688524590163934,0.8785046728971962,0.8785046728971962,19,7
2026-10-06-art-pepper-stardust-a5c1cf,sampled,own,own,6,0.9892748171663541,perfect,6,77.0,Art Pepper — Stardust,2026-10-06,lick-practice,False,True,0.25908751463491264,0.02875,0.4748299876774235,1.8808163265306124,0.19009628012090754,0.046439909297052155,0.8759310892204833,0.046439909297052155,0.8759310892204833,0.046439909297052155,0.9692285060882568,0.046439909297052155,0.9903846153846154,0.046439909297052155,0.9951690821256038,0.046439909297052155,0.8287745341171626,0.046439909297052155,0.8287745341171626,0.046439909297052155,0.9258596301078796,0.046439909297052155,0.8440406199893105,0.046439909297052155,0.8440406199893105,0.046439909297052155,0.8440406199893105,0.046439909297052155,0.912621359223301,0.7850467289719626,0.7850467289719626,21,8
2026-10-06-art-pepper-stardust-bada94,sampled,own,own,6,0.9900819363399666,perfect,6,79.0,Art Pepper — Stardust,2026-10-06,lick-practice,False,True,0.11721216572378163,0.026645833333333334,0.37554308652982943,3.3436734693877552,0.08794887027351866,0.16253968253968254,0.9262973658190478,0.16253968253968254,0.9262973658190478,0.16253968253968254,0.9587956666946411,0.16253968253968254,1.0,0.16253968253968254,1.0,0.16253968253968254,0.6081334334491884,0.16253968253968254,0.6081334334491884,0.16253968253968254,0.6422048211097717,0.16253968253968254,0.8939649808905875,0.16253968253968254,0.8939649808905875,0.16253968253968254,0.0,0.16253968253968254,0.8842975206611571,0.9038461538461539,0.9038461538461539,22,8
2026-10-06-art-pepper-stardust-c01679,sampled,own,own,6,0.8032517907113133,good,6,77.0,Art Pepper — Stardust,2026-10-06,lick-practice,False,True,0.16362587493016142,0.2741458333333333,0.5101539103188175,2.647074829931973,0.124681540005782,1.3235374149659864,0.6271920196614624,1.3235374149659864,0.6271920196614624,1.3235374149659864,0.8187544345855713,1.3235374149659864,0.8936170212765957,1.3235374149659864,0.7672984699703129,1.3235374149659864,0.49537960962800226,1.3003174603174603,0.49537960962800226,1.3003174603174603,0.7077538967132568,1.3003174603174603,0.4267668588456306,1.3235374149659864,0.4267668588456306,1.3235374149659864,0.1882148544954394,1.3235374149659864,0.3696969696969697,0.5046728971962616,0.5046728971962616,15,9
2026-10-06-art-pepper-stardust-cc9d78,sampled,own,own,6,0.9797118347190723,perfect,6,79.0,Art Pepper — Stardust,2026-10-06,lick-practice,False,True,0.08630612502552315,0.040916666666666664,0.4516954273976484,0.0,0.1955607381550821,0.13931972789115646,0.8982765383568386,0.13931972789115646,0.8982765383568386,0.13931972789115646,0.9538354277610779,0.13931972789115646,0.9256198347107438,0.13931972789115646,0.9409983726299058,0.13931972789115646,0.4875914524278085,0.23219954648526078,0.4875914524278085,0.23219954648526078,0.5016409754753113,0.23219954648526078,0.8476591075347477,0.13931972789115646,0.8476591075347477,0.13931972789115646,0.0,0.13931972789115646,0.8306451612903226,0.8653846153846154,0.8653846153846154,14,8
2026-10-06-art-pepper-stardust-d470e8,sampled,own,own,6,0.9800805831863345,perfect,6,77.0,Art Pepper — Stardust,2026-10-06,lick-practice,False,True,0.21530096492547926,0.0338125,0.5795172494064216,0.046439909297052155,0.019916759825990813,0.11609977324263039,0.9259223815272836,0.11609977324263039,0.9259223815272836,0.11609977324263039,0.9808886647224426,0.11609977324263039,0.9911504424778761,0.11609977324263039,0.9913734903608131,0.11609977324263039,0.88349787705864,0.09287981859410431,0.88349787705864,0.09287981859410431,0.9552331566810608,0.09287981859410431,0.9083528775031571,0.11609977324263039,0.9083528775031571,0.11609977324263039,0.9083528775031571,0.11609977324263039,0.9298245614035088,0.8878504672897196,0.8878504672897196,13,8
2026-10-06-art-pepper-stardust-e2384e,sampled,own,own,6,0.9773744076593562,perfect,6,79.0,Art Pepper — Stardust,2026-10-06,lick-practice,False,True,0.2401519973403608,0.07283333333333333,0.5258351378118771,0.023219954648526078,0.11821064286993695,0.09287981859410431,0.9198306088879604,0.09287981859410431,0.9198306088879604,0.09287981859410431,0.9800621867179871,0.09287981859410431,1.0,0.09287981859410431,1.0,0.09287981859410431,0.8852914497256279,0.09287981859410431,0.8852914497256279,0.09287981859410431,0.9502031803131104,0.09287981859410431,0.8669001751313486,0.09287981859410431,0.8669001751313486,0.09287981859410431,0.8669001751313486,0.09287981859410431,0.868421052631579,0.8653846153846154,0.8653846153846154,15,6
2026-10-06-basis-of-everything-18b18b,sampled,own,own,7,0.9662245329878033,perfect,7,169.0,Basis of Everything,2026-10-06,lick-practice,False,True,0.10303041524733038,0.0848125,0.505844515883988,0.046439909297052155,0.08736815196793818,0.11609977324263039,0.7362371943577999,0.11609977324263039,0.9420669476191202,0.11609977324263039,0.9387621879577637,0.11609977324263039,0.9545454545454546,0.11609977324263039,0.9684466019417475,0.11609977324263039,0.6955235790805656,0.11609977324263039,0.8899710312966378,0.11609977324263039,0.9004455208778381,0.11609977324263039,0.6716523211514039,0.11609977324263039,0.7691046244670383,0.11609977324263039,0.6716523211514039,0.11609977324263039,0.7954545454545454,0.5811965811965812,0.7444444444444445,10,10
2026-10-06-basis-of-everything-18bc6e,sampled,own,own,7,0.9606228269085324,perfect,7,169.0,Basis of Everything,2026-10-06,lick-practice,False,True,0.09321377722319661,0.190875,0.33990798744473427,0.11609977324263039,0.1662460160578796,0.13931972789115646,0.6372277084578816,0.13931972789115646,0.8016735687050768,0.13931972789115646,0.850098192691803,0.13931972789115646,0.8,0.13931972789115646,0.810126582278481,0.13931972789115646,0.6142290482918421,0.13931972789115646,0.7727397704316724,0.13931972789115646,0.8519203662872314,0.13931972789115646,0.665625,0.13931972789115646,0.7514396887159533,0.13931972789115646,0.665625,0.13931972789115646,0.7473684210526316,0.6,0.7555555555555555,11,9
2026-10-06-basis-of-everything-1ddd66,sampled,own,own,7,0.9563394665802849,perfect,7,169.0,Basis of Everything,2026-10-06,lick-practice,False,True,0.1321988053248976,0.09483333333333334,0.6700616559491573,0.023219954648526078,0.0,0.11609977324263039,0.6750935513084217,0.11609977324263039,0.8658808592868887,0.11609977324263039,0.879787802696228,0.11609977324263039,0.9411764705882353,0.11609977324263039,0.9484083424807904,0.11609977324263039,0.6916894350482636,0.09287981859410431,0.8946852475080801,0.09287981859410431,0.9027642011642456,0.09287981859410431,0.7198827292110874,0.11609977324263039,0.8257413634974013,0.11609977324263039,0.7198827292110874,0.11609977324263039,0.8409090909090909,0.6293103448275862,0.8111111111111111,11,7
2026-10-06-basis-of-everything-1f4c06,sampled,own,own,7,0.9819091674765145,perfect,7,169.0,Basis of Everything,2026-10-06,lick-practice,False,True,0.12998422384018493,0.09220833333333334,0.5175986730164727,0.023219954648526078,0.14825012105163243,0.09287981859410431,0.7659412502240734,0.09287981859410431,0.9494480080902576,0.09287981859410431,0.9572795629501343,0.09287981859410431,0.9574468085106383,0.09287981859410431,0.9782608695652174,0.09287981859410431,0.6923793719596222,0.09287981859410431,0.8582619298249483,0.09287981859410431,0.8693954944610596,0.09287981859410431,0.7372836916622968,0.09287981859410431,0.8273716951788491,0.09287981859410431,0.7372836916622968,0.09287981859410431,0.8837209302325582,0.6324786324786325,0.7777777777777778,14,9
2026-10-06-basis-of-everything-24fb6c,sampled,own,own,7,0.9697494439045395,perfect,7,169.0,Basis of Everything,2026-10-06,lick-practice,False,True,0.06903918012134203,0.15045833333333333,0.41570293733891195,0.023219954648526078,0.11991462993465724,0.13931972789115646,0.6109516067525088,0.13931972789115646,0.7836118434434352,0.13931972789115646,0.7986580729484558,0.13931972789115646,0.7159090909090909,0.13931972789115646,0.7273344651952461,0.13931972789115646,0.3873601946032653,0.13931972789115646,0.4968315539476664,0.13931972789115646,0.5023823976516724,0.13931972789115646,0.7268027914189713,0.13931972789115646,0.8331851851851851,0.13931972789115646,0.0,0.13931972789115646,0.8444444444444444,0.6379310344827587,0.8222222222222222,14,9
2026-10-06-basis-of-everything-402702,sampled,own,own,7,0.9804426087895498,perfect,7,169.0,Basis of Everything,2026-10-06,lick-practice,False,True,0.10956063010072364,0.07652083333333333,0.4794015716280131,0.0,0.14928030295957698,0.11609977324263039,0.6444771552489976,0.11609977324263039,0.8266120034715404,0.11609977324263039,0.8421142101287842,0.11609977324263039,0.926829268292683,0.11609977324263039,0.936049265750829,0.11609977324263039,0.6319156060531989,0.11609977324263039,0.8105004512421463,0.11609977324263039,0.8393619656562805,0.11609977324263039,0.7073818374933616,0.11609977324263039,0.810958904109589,0.11609977324263039,0.7073818374933616,0.11609977324263039,0.8222222222222222,0.6206896551724138,0.8,13,10
2026-10-06-basis-of-everything-433b3b,sampled,own,own,7,0.27413713421880315,try-again,0,170.0,Basis of Everything,2026-10-06,lick-practice,False,True,0.07286849330077716,0.4033333333333333,0.29852940627961044,0.16253968253968254,0.0,0.7662585034013606,0.3447936239341895,0.7662585034013606,0.3447936239341895,0.7662585034013606,0.5488174557685852,0.7662585034013606,0.5333333333333333,0.7662585034013606,0.4713178294573644,0.7662585034013606,0.23107012417278297,0.905578231292517,0.23107012417278297,0.905578231292517,0.4788069725036621,0.905578231292517,0.23668639053254434,0.7662585034013606,0.23668639053254434,0.7662585034013606,0.0,0.7662585034013606,0.24691358024691357,0.22727272727272727,0.22727272727272727,19,9
2026-10-06-basis-of-everything-591514,sampled,own,own,7,0.833139704135617,good,6,169.0,Basis of Everything,2026-10-06,lick-practice,False,True,0.11219053678587294,0.036958333333333336,0.2933944545588228,0.0,0.0,0.09287981859410431,0.7027625171076349,0.09287981859410431,0.8711327034980059,0.09287981859410431,0.8912045359611511,0.09287981859410431,0.896551724137931,0.09287981859410431,0.9016366877329444,0.09287981859410431,0.6729649950225814,0.09287981859410431,0.8341961917467415,0.09287981859410431,0.8824151754379272,0.09287981859410431,0.7571437023013665,0.09287981859410431,0.8472803347280335,0.09287981859410431,0.7571437023013665,0.09287981859410431,0.8617021276595744,0.6752136752136753,0.8333333333333334,10,10
2026-10-06-basis-of-everything-705b0f,sampled,own,own,7,0.9627081308713914,perfect,7,169.0,Basis of Everything,2026-10-06,lick-practice,False,True,0.09402465643196625,0.07320833333333333,0.3767247338738816,0.09287981859410431,0.13379925125024922,0.13931972789115646,0.7583788452494857,0.13931972789115646,0.9054114785121412,0.13931972789115646,0.9607868194580078,0.13931972789115646,0.9666666666666667,0.13931972789115646,0.9789029535864978,0.13931972789115646,0.6936438898161307,0.11609977324263039,0.8267674646293274,0.11609977324263039,0.8970855474472046,0.11609977324263039,0.7143048666041024,0.13931972789115646,0.8096155327837274,0.13931972789115646,0.7143048666041024,0.13931972789115646,0.8314606741573034,0.6260869565217392,0.7888888888888889,11,11
2026-10-06-basis-of-everything-72f705,sampled,own,own,7,0.9730534499514127,perfect,7,169.0,Basis of Everything,2026-10-06,lick-practice,False,True,0.15735510095018163,0.06760416666666667,0.45946853636847873,0.0,0.0760349026053491,0.06965986394557823,0.729413886119922,0.06965986394557823,0.9117673576499025,0.06965986394557823,0.9132726788520813,0.06965986394557823,0.9444444444444444,0.06965986394557823,0.950990099009901,0.06965986394557823,0.6959182110925516,0.06965986394557823,0.8698977638656894,0.06965986394557823,0.8787814378738403,0.06965986394557823,0.6845035990764633,0.06965986394557823,0.7930763178599527,0.06965986394557823,0.6845035990764633,0.06965986394557823,0.8089887640449438,0.5932203389830508,0.7777777777777778,11,8
2026-10-06-basis-of-everything-857de2,sampled,own,own,7,0.8138886729294885,good,6,169.0,Basis of Everything,2026-10-06,lick-practice,False,True,0.10447275520260209,0.10064583333333334,0.6161289113233945,0.046439909297052155,0.0,0.11609977324263039,0.7016087004116603,0.11609977324263039,0.8977573693439524,0.11609977324263039,0.9111472368240356,0.11609977324263039,0.8888888888888888,0.11609977324263039,0.8840736728060671,0.11609977324263039,0.5604769672979327,0.11609977324263039,0.7171694527790752,0.11609977324263039,0.7560807466506958,0.11609977324263039,0.6538310412573674,0.11609977324263039,0.7584320875113947,0.11609977324263039,0.3898461133762988,0.11609977324263039,0.8125,0.5470085470085471,0.7111111111111111,13,8
2026-10-06-basis-of-everything-891f14,sampled,own,own,7,0.9717265954000717,perfect,7,170.0,Basis of Everything,2026-10-06,lick-practice,False,True,0.07412908396600276,0.075,0.5090175479480462,0.0,0.10443271705952736,0.09287981859410431,0.6351531706118988,0.09287981859410431,0.8146529796978702,0.09287981859410431,0.8370066285133362,0.09287981859410431,0.7415730337078652,0.09287981859410431,0.7688664149011074,0.09287981859410431,0.4939200703244088,0.09287981859410431,0.63350617715522,0.09287981859410431,0.6321583986282349,0.09287981859410431,0.7296870891401525,0.09287981859410431,0.8359416749370181,0.09287981859410431,0.0,0.09287981859410431,0.8522727272727273,0.6379310344827587,0.8202247191011236,9,8
2026-10-06-basis-of-everything-929df5,sampled,own,own,7,0.9721049562682118,perfect,7,170.0,Basis of Everything,2026-10-06,lick-practice,False,True,0.13132480276737496,0.10170833333333333,0.3336499262409013,0.13931972789115646,0.19458878432923207,0.16253968253968254,0.7295476193101997,0.16253968253968254,0.8368340339146408,0.16253968253968254,0.8943955898284912,0.16253968253968254,0.8695652173913043,0.16253968253968254,0.887400586019255,0.16253968253968254,0.6964156919310236,0.16253968253968254,0.7988297642738211,0.16253968253968254,0.8778734803199768,0.16253968253968254,0.7234370980190378,0.16253968253968254,0.7938556067588326,0.16253968253968254,0.7234370980190378,0.16253968253968254,0.8260869565217391,0.6434782608695652,0.7640449438202247,16,9
2026-10-06-basis-of-everything-969870,sampled,own,own,7,0.9706515495087034,perfect,7,170.0,Basis of Everything,2026-10-06,lick-practice,False,True,0.03957801051613495,0.16366666666666665,0.584580098677061,0.023219954648526078,0.09110924747076182,0.09287981859410431,0.6619149370718811,0.09287981859410431,0.8583072810382634,0.09287981859410431,0.8313949108123779,0.09287981859410431,0.8045977011494253,0.09287981859410431,0.8136991438035124,0.09287981859410431,0.3875577553349026,0.09287981859410431,0.5025474190056979,0.09287981859410431,0.4816872477531433,0.09287981859410431,0.7142091152815013,0.09287981859410431,0.8246401485838104,0.09287981859410431,0.0,0.09287981859410431,0.8409090909090909,0.6206896551724138,0.8089887640449438,13,8
2026-10-06-basis-of-everything-a76ec2,sampled,own,own,7,0.8164152899254986,good,6,170.0,Basis of Everything,2026-10-06,lick-practice,False,True,0.1061820906596066,0.14777083333333332,0.4582114141083517,0.023219954648526078,0.14188098194410273,0.06965986394557823,0.699107783682206,0.06965986394557823,0.8489165944712502,0.06965986394557823,0.8889278173446655,0.06965986394557823,0.8404255319148937,0.06965986394557823,0.840380830806872,0.06965986394557823,0.6335707587980423,0.06965986394557823,0.7693359213976227,0.06965986394557823,0.8503810167312622,0.06965986394557823,0.7571437023013665,0.06965986394557823,0.8345138441725692,0.06965986394557823,0.7571437023013665,0.06965986394557823,0.8617021276595744,0.6752136752136753,0.8089887640449438,16,8
2026-10-06-basis-of-everything-b42a0c,sampled,own,own,7,0.9740112298887812,perfect,7,170.0,Basis of Everything,2026-10-06,lick-practice,False,True,0.0923613255385633,0.05658333333333333,0.3355780206252442,0.023219954648526078,0.0,0.09287981859410431,0.7523078162129185,0.09287981859410431,0.9229343312302816,0.09287981859410431,0.9475366473197937,0.09287981859410431,0.989010989010989,0.09287981859410431,0.994475138121547,0.09287981859410431,0.6549537826736435,0.09287981859410431,0.8035000014243666,0.09287981859410431,0.8438006639480591,0.09287981859410431,0.776103896103896,0.09287981859410431,0.8623675278797535,0.09287981859410431,0.776103896103896,0.09287981859410431,0.8829787234042553,0.6923076923076923,0.8426966292134831,10,13
2026-10-06-basis-of-everything-bd4543,sampled,own,own,7,0.7353374365619348,good,5,170.0,Basis of Everything,2026-10-06,lick-practice,False,True,0.08180109842868986,0.072875,0.5382496772482708,0.06965986394557823,0.2792859486425111,0.11609977324263039,0.700195624919261,0.11609977324263039,0.8697166709523452,0.11609977324263039,0.9007446765899658,0.11609977324263039,0.8804347826086957,0.11609977324263039,0.8808951165952107,0.11609977324263039,0.5475417708315081,0.11609977324263039,0.6801045153486102,0.11609977324263039,0.732035219669342,0.11609977324263039,0.687348797495375,0.11609977324263039,0.7698815566835873,0.11609977324263039,0.3704874835309618,0.11609977324263039,0.813953488372093,0.5948275862068966,0.7303370786516854,17,7
2026-10-06-basis-of-everything-ca34e4,sampled,own,own,7,0.9736857790735127,perfect,7,170.0,Basis of Everything,2026-10-06,lick-practice,False,True,0.06475349140858228,0.15183333333333332,0.45311100464229087,0.046439909297052155,0.21940760531912468,0.09287981859410431,0.6729613958286638,0.09287981859410431,0.8429726958274841,0.09287981859410431,0.869788408279419,0.09287981859410431,0.8764044943820225,0.09287981859410431,0.8783687749412344,0.09287981859410431,0.643594131812829,0.09287981859410431,0.8061863335339646,0.09287981859410431,0.8647793531417847,0.09287981859410431,0.7009263641896004,0.09287981859410431,0.7893165496651336,0.09287981859410431,0.7009263641896004,0.09287981859410431,0.8295454545454546,0.6068376068376068,0.7528089887640449,13,9
2026-10-06-basis-of-everything-cda9dc,sampled,own,own,7,0.9668407299427731,perfect,7,170.0,Basis of Everything,2026-10-06,lick-practice,False,True,0.12462100530514314,0.051958333333333336,0.38332366483237496,0.023219954648526078,0.09217211491740303,0.11609977324263039,0.7370205155368579,0.11609977324263039,0.8965816580757653,0.11609977324263039,0.9271447658538818,0.11609977324263039,0.9893617021276596,0.11609977324263039,0.9904423812124522,0.11609977324263039,0.7202941315974725,0.11609977324263039,0.8762340982319768,0.11609977324263039,0.9154637455940247,0.11609977324263039,0.7314375037575903,0.11609977324263039,0.8060066101451359,0.11609977324263039,0.7314375037575903,0.11609977324263039,0.8144329896907216,0.6637931034482759,0.797752808988764,14,8
2026-10-06-basis-of-everything-d7517d,sampled,own,own,7,0.9615479321887529,perfect,7,169.0,Basis of Everything,2026-10-06,lick-practice,False,True,0.08507775624664676,0.09008333333333333,0.2919789159063564,1.253877551020408,0.0,0.09287981859410431,0.6952328874784357,0.09287981859410431,0.8895990710745576,0.09287981859410431,0.9044177532196045,0.09287981859410431,0.9310344827586207,0.09287981859410431,0.9642857142857143,0.09287981859410431,0.5922461912787261,0.09287981859410431,0.7578203952921334,0.09287981859410431,0.804527997970581,0.09287981859410431,0.6878667940494063,0.09287981859410431,0.7930763178599527,0.09287981859410431,0.6878667940494063,0.09287981859410431,0.8089887640449438,0.5982905982905983,0.7777777777777778,13,13
2026-10-06-basis-of-everything-d9cca3,sampled,own,own,7,0.9676598855415138,perfect,7,169.0,Basis of Everything,2026-10-06,lick-practice,False,True,0.06194296373551708,0.6509791666666667,0.36167609677263074,0.09287981859410431,0.02116441439159407,0.16253968253968254,0.6223091925099745,0.16253968253968254,0.7811966459167764,0.16253968253968254,0.8152416348457336,0.16253968253968254,0.6363636363636364,0.16253968253968254,0.6831183398766124,0.16253968253968254,0.43241841671597053,0.13931972789115646,0.5416609640968474,0.13931972789115646,0.5773154497146606,0.13931972789115646,0.7348393331722638,0.16253968253968254,0.8280922431865827,0.16253968253968254,0.0,0.16253968253968254,0.8229166666666666,0.6637931034482759,0.8333333333333334,16,8
2026-10-06-basis-of-everything-e60e64,sampled,own,own,7,0.9753639995680987,perfect,7,170.0,Basis of Everything,2026-10-06,lick-practice,False,True,0.06267038177455288,0.10954166666666666,0.24639876440959163,0.023219954648526078,0.10359749780159612,0.06965986394557823,0.677092295885086,0.06965986394557823,0.8643731436830886,0.06965986394557823,0.8692365884780884,0.06965986394557823,0.8837209302325582,0.06965986394557823,0.9026529026529027,0.06965986394557823,0.6372695369025071,0.06965986394557823,0.8135355790244773,0.06965986394557823,0.827430009841919,0.06965986394557823,0.6914584543869843,0.06965986394557823,0.80466672385691,0.06965986394557823,0.6914584543869843,0.06965986394557823,0.8641975308641975,0.576271186440678,0.7528089887640449,11,12
2026-10-06-basis-of-everything-e780ed,sampled,own,own,7,0.96954799697658,perfect,7,170.0,Basis of Everything,2026-10-06,lick-practice,False,True,0.13320940781995558,0.034104166666666665,0.6339148727169686,0.023219954648526078,0.4418206293051291,0.046439909297052155,0.7495045905311902,0.046439909297052155,0.9467426406709771,0.046439909297052155,0.9354414939880371,0.046439909297052155,0.9540229885057471,0.046439909297052155,0.9639755383113212,0.046439909297052155,0.6747109233091275,0.046439909297052155,0.8522664294431084,0.046439909297052155,0.8615676760673523,0.046439909297052155,0.6944061724993111,0.046439909297052155,0.7864945382323734,0.046439909297052155,0.6944061724993111,0.046439909297052155,0.8372093023255814,0.5932203389830508,0.7415730337078652,11,9
2026-10-06-basis-of-everything-fb730a,sampled,own,own,7,0.9642854983263132,perfect,7,170.0,Basis of Everything,2026-10-06,lick-practice,False,True,0.10961954593003809,0.11664583333333334,0.43538691771789245,0.06965986394557823,0.11063173564267154,0.13931972789115646,0.6784846752117841,0.13931972789115646,0.8723374395580082,0.13931972789115646,0.8887875080108643,0.13931972789115646,0.9285714285714286,0.13931972789115646,0.9415784079262044,0.13931972789115646,0.6613177137497144,0.13931972789115646,0.8502656319639185,0.13931972789115646,0.8777631521224976,0.13931972789115646,0.6816554489474438,0.13931972789115646,0.7837971348592129,0.13931972789115646,0.6816554489474438,0.13931972789115646,0.8045977011494253,0.591304347826087,0.7640449438202247,12,8
2026-10-06-blue-monk-01ee15,sampled,own,own,8,0.9841471403376242,perfect,8,50.0,Blue Monk,2026-10-06,lick-practice,False,True,0.23522881026005682,0.015229166666666667,0.34630744918919387,1.2770975056689342,0.3237385279468092,0.09287981859410431,0.7280349588164916,0.09287981859410431,0.8604049513285811,0.09287981859410431,0.9119096398353577,0.09287981859410431,0.9779735682819384,0.09287981859410431,0.98709583877048,0.09287981859410431,0.7208060172314827,0.09287981859410431,0.851861656728116,0.09287981859410431,0.8968727588653564,0.09287981859410431,0.751807662689642,0.09287981859410431,0.858846782209325,0.09287981859410431,0.751807662689642,0.09287981859410431,0.9013452914798207,0.6448275862068965,0.8201754385964912,26,14
2026-10-06-blue-monk-22eb55,sampled,own,own,8,0.9783339632149263,perfect,8,50.0,Blue Monk,2026-10-06,lick-practice,False,True,0.12234432793407349,0.0329375,0.4129554419088514,4.1099319727891155,0.39166032800703465,0.0,0.6595408634006322,0.0,0.779457384018929,0.0,0.8972522020339966,0.0,0.9836065573770492,0.0,0.9917355371900827,0.0,0.6389660319968403,0.0,0.755141674178084,0.0,0.8627409934997559,0.0,0.6882393555811278,0.0,0.7883581145207212,0.0,0.6161745827984596,0.0,0.8476190476190476,0.5793103448275863,0.7368421052631579,15,13
2026-10-06-blue-monk-2a81e7,sampled,own,own,8,0.9868764172335583,perfect,8,50.0,Blue Monk,2026-10-06,lick-practice,False,True,0.23200850414331228,0.12002083333333333,0.32645157040435174,1.4164172335600906,0.18337103100158264,0.06965986394557823,0.7061539227654646,0.06965986394557823,0.8318447504421654,0.06965986394557823,0.9001644253730774,0.06965986394557823,0.9710144927536232,0.06965986394557823,0.9852941176470589,0.06965986394557823,0.6923510920420125,0.06965986394557823,0.815585105188649,0.06965986394557823,0.8868767023086548,0.06965986394557823,0.7195379694616801,0.06965986394557823,0.8260435183142817,0.06965986394557823,0.7195379694616801,0.06965986394557823,0.9064039408866995,0.596551724137931,0.7587719298245614,17,13
2026-10-06-blue-monk-2b5868,sampled,own,own,8,0.9822285296044346,perfect,8,52.0,Blue Monk,2026-10-06,lick-practice,False,True,0.03332184513680311,0.1566875,0.39522092094374506,3.9706122448979593,0.1041448596045793,0.18575963718820862,0.6589224285738808,0.18575963718820862,0.7765079124608024,0.18575963718820862,0.8823549151420593,0.18575963718820862,0.8586387434554974,0.18575963718820862,0.8848572134865275,0.18575963718820862,0.6245604947954416,0.18575963718820862,0.7360140511057393,0.18575963718820862,0.8472681641578674,0.18575963718820862,0.726979151825996,0.18575963718820862,0.8305346824729403,0.18575963718820862,0.6644596770005713,0.18575963718820862,0.8811881188118812,0.6187050359712231,0.7853881278538812,13,13
2026-10-06-blue-monk-4d17bc,sampled,own,own,8,0.9622420826404643,perfect,8,52.0,Blue Monk,2026-10-06,lick-practice,False,True,0.11639937520367494,0.48239583333333336,0.4201954720928611,1.6253968253968254,0.10196109294710307,0.44117913832199546,0.6016947518076216,0.44117913832199546,0.709067889335581,0.44117913832199546,0.8879026174545288,0.44117913832199546,0.9081081081081082,0.44117913832199546,0.9178473868262454,0.44117913832199546,0.5971986183417695,0.46439909297052157,0.7037694155542739,0.46439909297052157,0.9135032296180725,0.46439909297052157,0.565796305290837,0.44117913832199546,0.6514076359429233,0.44117913832199546,0.565796305290837,0.44117913832199546,0.7430167597765364,0.4568345323741007,0.5799086757990868,15,10
2026-10-06-blue-monk-56a943,sampled,own,own,8,0.9006919853867474,great,8,52.0,Blue Monk,2026-10-06,lick-practice,False,True,0.052819949767484754,0.026479166666666668,0.4022894841817517,0.7894784580498866,0.1492238015475935,0.0,0.660251511505672,0.0,0.6816756018495138,0.0,0.8535270094871521,0.0,0.9612068965517241,0.0,0.9751711076380601,0.0,0.5847609663861139,0.0,0.6037355110181116,0.0,0.728955090045929,0.0,0.5970585572184353,0.0,0.564284247278702,0.0,0.5970585572184353,0.0,0.6855895196506551,0.5287769784172662,0.4794520547945205,17,11
2026-10-06-blue-monk-5a06c1,sampled,own,own,8,0.9855219591836746,perfect,8,52.0,Blue Monk,2026-10-06,lick-practice,False,True,0.0755374710719762,0.032375,0.47479844092948453,3.9706122448979593,0.051746446293116706,0.06965986394557823,0.7273108650956835,0.06965986394557823,0.8571003460723543,0.06965986394557823,0.8717423677444458,0.06965986394557823,0.9411764705882353,0.06965986394557823,0.953811149032992,0.06965986394557823,0.4313401605721031,0.06965986394557823,0.5083133205395154,0.06965986394557823,0.518731951713562,0.06965986394557823,0.7631778058007567,0.06965986394557823,0.8736826909195898,0.06965986394557823,0.07142857142857142,0.06965986394557823,0.9444444444444444,0.6402877697841727,0.8127853881278538,14,11
2026-10-06-blue-monk-861c71,sampled,own,own,8,0.9077815570672834,great,8,50.0,Blue Monk,2026-10-06,lick-practice,False,True,0.11481001785910795,1.3673541666666666,0.4664366888714998,0.5108390022675737,0.005006221491068792,0.06965986394557823,0.6784174898332291,0.06965986394557823,0.6917197935554493,0.06965986394557823,0.8885703682899475,0.06965986394557823,0.8914728682170543,0.06965986394557823,0.9114927344782036,0.06965986394557823,0.6560609206444696,0.09287981859410431,0.670803862681424,0.09287981859410431,0.8731871843338013,0.09287981859410431,0.5938080355120714,0.06965986394557823,0.553602384355707,0.06965986394557823,0.5938080355120714,0.06965986394557823,0.65748031496063,0.5413793103448276,0.4780701754385965,16,10
2026-10-06-blue-monk-8894ed,sampled,own,own,8,0.8885563114134507,great,8,50.0,Blue Monk,2026-10-06,lick-practice,False,True,0.08647215515658764,0.1419375,0.5467796111149732,0.5108390022675737,0.2420801827386279,0.16253968253968254,0.6189932273291461,0.16253968253968254,0.6189932273291461,0.16253968253968254,0.8184202313423157,0.16253968253968254,0.8478260869565217,0.16253968253968254,0.8973507251073484,0.16253968253968254,0.5910142200517949,0.16253968253968254,0.5910142200517949,0.16253968253968254,0.6934840679168701,0.16253968253968254,0.54344301382928,0.16253968253968254,0.5138471805138471,0.16253968253968254,0.38840289927518123,0.16253968253968254,0.5811320754716981,0.5103448275862069,0.4605263157894737,20,10
2026-10-06-blue-monk-8a9bcc,sampled,own,own,8,0.9820110068027214,perfect,8,52.0,Blue Monk,2026-10-06,lick-practice,False,True,0.13156982685235705,0.0036458333333333334,0.3757046471290235,5.108390022675737,0.23330024969539118,0.046439909297052155,0.7573299138035093,0.046439909297052155,0.892476329398075,0.046439909297052155,0.9112313985824585,0.046439909297052155,0.9759615384615384,0.046439909297052155,0.9878345498783455,0.046439909297052155,0.699452698550054,0.06965986394557823,0.8242708568771681,0.06965986394557823,0.8453029990196228,0.06965986394557823,0.7685685813031402,0.046439909297052155,0.8765824698015792,0.046439909297052155,0.7685685813031402,0.046439909297052155,0.9162790697674419,0.6618705035971223,0.8401826484018264,23,12
2026-10-06-blue-monk-93e204,sampled,own,own,8,0.9873378216175351,perfect,8,52.0,Blue Monk,2026-10-06,lick-practice,False,True,0.03288824415095379,1.5683333333333334,0.42429469056390173,0.046439909297052155,0.42429469056390173,0.046439909297052155,0.7000455228771483,0.046439909297052155,0.8249694714040468,0.046439909297052155,0.8908663988113403,0.046439909297052155,0.978494623655914,0.046439909297052155,0.9873285957361626,0.046439909297052155,0.4298471123512302,0.023219954648526078,0.5065538361041434,0.023219954648526078,0.5378409624099731,0.023219954648526078,0.7675782537067545,0.046439909297052155,0.8766463460525324,0.046439909297052155,0.0,0.046439909297052155,0.927536231884058,0.6546762589928058,0.8310502283105022,22,13
2026-10-06-blue-monk-a0ada5,sampled,own,own,8,0.9922619596875805,perfect,8,52.0,Blue Monk,2026-10-06,lick-practice,False,True,0.058100720911032744,0.3148958333333333,0.5246767503936275,3.9706122448979593,0.03584040654934254,0.06965986394557823,0.6858484262228012,0.06965986394557823,0.8082388861211462,0.06965986394557823,0.8439776301383972,0.06965986394557823,0.9303482587064676,0.06965986394557823,0.9234567901234568,0.06965986394557823,0.6673326739030225,0.06965986394557823,0.7864189759799929,0.06965986394557823,0.8204873204231262,0.06965986394557823,0.7231683168316831,0.06965986394557823,0.8298114064985229,0.06965986394557823,0.7231683168316831,0.06965986394557823,0.9166666666666666,0.5971223021582733,0.7579908675799086,18,9
2026-10-06-blue-monk-ab1a25,sampled,own,own,8,0.9830272668178375,perfect,8,52.0,Blue Monk,2026-10-06,lick-practice,False,True,0.0489916191570334,0.0204375,0.3969323827905466,0.046439909297052155,0.38831734807287094,0.023219954648526078,0.706301217164312,0.023219954648526078,0.8323415017087853,0.023219954648526078,0.8964962363243103,0.023219954648526078,0.9552238805970149,0.023219954648526078,0.9700780328973222,0.023219954648526078,0.7090984876241003,0.023219954648526078,0.8356379483785693,0.023219954648526078,0.9052475094795227,0.023219954648526078,0.7675782537067545,0.023219954648526078,0.8766463460525324,0.023219954648526078,0.7675782537067545,0.023219954648526078,0.927536231884058,0.6546762589928058,0.8310502283105022,15,13
2026-10-06-blue-monk-af564c,sampled,own,own,8,0.9522115142353262,perfect,8,50.0,Blue Monk,2026-10-06,lick-practice,False,True,0.09478546716114472,0.29789583333333336,0.41132633901889387,4.1099319727891155,0.13324457686711083,0.023219954648526078,0.51317076567192,0.023219954648526078,0.6045118404678929,0.023219954648526078,0.8227024078369141,0.023219954648526078,0.84472049689441,0.023219954648526078,0.8584625804266848,0.023219954648526078,0.5198449167617403,0.023219954648526078,0.6123739472533121,0.023219954648526078,0.8216680884361267,0.023219954648526078,0.4740225065759548,0.023219954648526078,0.5494853160320045,0.023219954648526078,0.4740225065759548,0.023219954648526078,0.6627218934911243,0.3689655172413793,0.4692982456140351,20,9
2026-10-06-blue-monk-b655f7,sampled,own,own,8,0.984808515999013,perfect,8,50.0,Blue Monk,2026-10-06,lick-practice,False,True,0.12313990725350397,0.10854166666666666,0.38430250029571006,4.1099319727891155,0.18868286583171104,0.11609977324263039,0.6878242369864013,0.11609977324263039,0.812883189165747,0.11609977324263039,0.9100121259689331,0.11609977324263039,0.9658536585365853,0.11609977324263039,0.9791060997147126,0.11609977324263039,0.6710791669090043,0.11609977324263039,0.7930935608924596,0.11609977324263039,0.8875226974487305,0.11609977324263039,0.730400451212634,0.11609977324263039,0.8389479139673491,0.11609977324263039,0.730400451212634,0.11609977324263039,0.925,0.603448275862069,0.7675438596491229,22,12
2026-10-06-blue-monk-c29574,sampled,own,own,8,0.9721926177878569,perfect,8,50.0,Blue Monk,2026-10-06,lick-practice,False,True,0.10277776334476788,0.003,0.33961760846152006,5.317369614512471,0.2645850000956255,0.0,0.6626024039073305,0.0,0.7830755682541178,0.0,0.8651456832885742,0.0,0.8691099476439791,0.0,0.9140535579867807,0.0,0.608943954058974,0.0,0.7196610366151511,0.0,0.7965392470359802,0.0,0.6563545150501672,0.0,0.7540826128722383,0.0,0.6563545150501672,0.0,0.8333333333333334,0.5413793103448276,0.6885964912280702,14,10
2026-10-06-blue-monk-d0d94d,sampled,own,own,8,0.9847210335097003,perfect,8,52.0,Blue Monk,2026-10-06,lick-practice,False,True,0.06295640453914009,0.07279166666666667,0.4335106935980881,3.9706122448979593,0.3059824625656364,0.0,0.7665191656776837,0.0,0.9033054140982805,0.0,0.9254104495048523,0.0,0.9854368932038835,0.0,0.9908503088921309,0.0,0.7223696298418301,0.0,0.8512773415644462,0.0,0.8737426400184631,0.0,0.806841902199183,0.0,0.9177225160346573,0.0,0.806841902199183,0.0,0.9366515837104072,0.7086330935251799,0.8995433789954338,20,14
2026-10-06-blue-monk-d5a938,sampled,own,own,8,0.9890035963718827,perfect,8,52.0,Blue Monk,2026-10-06,lick-practice,False,True,0.13346452332022282,0.05197916666666667,0.4261091027808787,3.9706122448979593,0.2438508046340106,0.0,0.7032327583857945,0.0,0.8287254728452124,0.0,0.8965452313423157,0.0,0.9791666666666666,0.0,0.9894736842105264,0.0,0.6832764698139259,0.0,0.805207961060182,0.0,0.8744123578071594,0.0,0.7436561873563781,0.0,0.8545904034161141,0.0,0.7436561873563781,0.0,0.9574468085106383,0.6079136690647482,0.771689497716895,10,13
2026-10-06-blue-monk-d6de0d,sampled,own,own,8,0.9876864449483593,perfect,8,50.0,Blue Monk,2026-10-06,lick-practice,False,True,0.1382025708497364,0.007625,0.44642428395562467,5.340589569160998,0.18337643795544523,0.16253968253968254,0.6994544686851921,0.16253968253968254,0.826628008446136,0.16253968253968254,0.8764457702636719,0.16253968253968254,0.9432989690721649,0.16253968253968254,0.9708222811671088,0.16253968253968254,0.6521481601828403,0.16253968253968254,0.7707205529433566,0.16253968253968254,0.8175941705703735,0.16253968253968254,0.7242669584245077,0.16253968253968254,0.8294865047740771,0.16253968253968254,0.7242669584245077,0.16253968253968254,0.8904761904761904,0.6103448275862069,0.7763157894736842,21,12
2026-10-06-blue-monk-e44708,sampled,own,own,8,0.9828489543965866,perfect,8,50.0,Blue Monk,2026-10-06,lick-practice,False,True,0.06518825449254055,0.25183333333333335,0.34730985268078335,0.06965986394557823,0.2674342662889919,0.046439909297052155,0.6719581552750462,0.046439909297052155,0.7941323653250546,0.046439909297052155,0.8504092693328857,0.046439909297052155,0.9722222222222222,0.046439909297052155,0.9565587281331419,0.046439909297052155,0.4050127839884506,0.06965986394557823,0.47865147198635066,0.06965986394557823,0.5176359415054321,0.06965986394557823,0.7192182410423453,0.046439909297052155,0.8249207698848264,0.046439909297052155,0.0,0.046439909297052155,0.8975609756097561,0.6,0.7631578947368421,21,11
2026-10-06-blue-monk-ee6abf,sampled,own,own,8,0.5305347629125717,try-again,2,52.0,Blue Monk,2026-10-06,lick-practice,False,True,0.02418577462806821,0.006583333333333333,0.5102673897312517,3.947392290249433,0.3345548499606828,0.11609977324263039,0.45152670059885297,0.11609977324263039,0.5250310472079686,0.11609977324263039,0.6321439146995544,0.11609977324263039,0.4551282051282051,0.11609977324263039,0.45790420957904204,0.11609977324263039,0.333705621752888,0.11609977324263039,0.38802979273591626,0.11609977324263039,0.4988718032836914,0.11609977324263039,0.2936241610738255,0.11609977324263039,0.3247711839385887,0.11609977324263039,0.0,0.11609977324263039,0.352112676056338,0.2517985611510791,0.3013698630136986,16,12
2026-10-06-blue-monk-f9fc2b,sampled,own,own,8,0.9835506424792144,perfect,8,50.0,Blue Monk,2026-10-06,lick-practice,False,True,0.16185881531987653,0.14747916666666666,0.3859841730411373,0.2089795918367347,0.3133132333147009,0.023219954648526078,0.6605106188537,0.023219954648526078,0.7806034586452818,0.023219954648526078,0.8143945932388306,0.023219954648526078,0.9,0.023219954648526078,0.9191647715526152,0.023219954648526078,0.6339717088369551,0.023219954648526078,0.7492392922618559,0.023219954648526078,0.7889081239700317,0.023219954648526078,0.6755745590593265,0.023219954648526078,0.7788046826863831,0.023219954648526078,0.6755745590593265,0.023219954648526078,0.8888888888888888,0.5448275862068965,0.6929824561403509,20,12
2026-10-06-chromatic-below-chord-tones-0231fe,sampled,own,own,13,0.9543051005291017,perfect,13,116.0,Chromatic Below Chord Tones,2026-10-06,lick-practice,False,True,0.2698759761049808,0.20191666666666666,0.41747016535808895,0.25541950113378686,0.23285996437979956,0.2089795918367347,0.7744825240334815,0.2089795918367347,0.7744825240334815,0.2089795918367347,0.9513534307479858,0.2089795918367347,0.9606299212598425,0.2089795918367347,0.9665792557049601,0.2089795918367347,0.7589080146012398,0.18575963718820862,0.7589080146012398,0.18575963718820862,0.9411646723747253,0.18575963718820862,0.6068548387096774,0.2089795918367347,0.6068548387096774,0.2089795918367347,0.6068548387096774,0.2089795918367347,0.6323529411764706,0.5833333333333334,0.5833333333333334,19,17
2026-10-06-chromatic-below-chord-tones-050f36,sampled,own,own,13,0.9729900681047328,perfect,13,116.0,Chromatic Below Chord Tones,2026-10-06,lick-practice,False,True,0.18003605177185045,0.2779583333333333,0.4706380240209598,0.25541950113378686,0.4402104394277656,0.2786394557823129,0.8722598056593341,0.2786394557823129,0.8722598056593341,0.2786394557823129,0.9425050020217896,0.2786394557823129,0.917910447761194,0.2786394557823129,0.9212716378162451,0.2786394557823129,0.7852227762563243,0.25541950113378686,0.7852227762563243,0.25541950113378686,0.8608895540237427,0.25541950113378686,0.7856315179606025,0.2786394557823129,0.7856315179606025,0.2786394557823129,0.7856315179606025,0.2786394557823129,0.8248175182481752,0.75,0.75,15,20
2026-10-06-chromatic-below-chord-tones-109dc8,sampled,own,own,13,0.9876205128205133,perfect,13,60.0,Chromatic Below Chord Tones,2026-10-06,lick-practice,False,True,0.14538427406154114,0.07941666666666666,0.48080176825919546,1.4396371882086167,0.1479819988301642,0.06965986394557823,0.9090209289697501,0.06965986394557823,0.9090209289697501,0.06965986394557823,0.9560569524765015,0.06965986394557823,0.9485294117647058,0.06965986394557823,0.9545134526981321,0.06965986394557823,0.8503042882222396,0.06965986394557823,0.8503042882222396,0.06965986394557823,0.893440842628479,0.06965986394557823,0.9171061828811082,0.06965986394557823,0.9171061828811082,0.06965986394557823,0.9171061828811082,0.06965986394557823,0.9365671641791045,0.8984375,0.8984375,19,15
2026-10-06-chromatic-below-chord-tones-29b258,sampled,own,own,13,0.7713633037579705,good,9,116.0,Chromatic Below Chord Tones,2026-10-06,lick-practice,False,True,0.18993803066270887,0.2678333333333333,0.46357447428084575,0.2089795918367347,0.0,0.301859410430839,0.7033100810395666,0.301859410430839,0.7033100810395666,0.301859410430839,0.8340752124786377,0.301859410430839,0.8359375,0.301859410430839,0.8037625473642226,0.301859410430839,0.6754493433645511,0.301859410430839,0.6754493433645511,0.301859410430839,0.8323572874069214,0.301859410430839,0.5,0.301859410430839,0.5,0.301859410430839,0.5,0.301859410430839,0.5,0.5,0.5,22,17
2026-10-06-chromatic-below-chord-tones-36ed7d,sampled,own,own,13,0.984336844390176,perfect,13,116.0,Chromatic Below Chord Tones,2026-10-06,lick-practice,False,True,0.21940408444266465,0.030166666666666668,0.5761591070466183,1.0681179138321997,0.2797670923047761,0.046439909297052155,0.9347760134194729,0.046439909297052155,0.9347760134194729,0.046439909297052155,0.9503814578056335,0.046439909297052155,0.9375,0.046439909297052155,0.9447213411871319,0.046439909297052155,0.8555599745561385,0.06965986394557823,0.8555599745561385,0.06965986394557823,0.8843969106674194,0.06965986394557823,0.7647567343269132,0.046439909297052155,0.7647567343269132,0.046439909297052155,0.7647567343269132,0.046439909297052155,0.7972027972027972,0.7348484848484849,0.7348484848484849,18,13
2026-10-06-chromatic-below-chord-tones-47ac35,sampled,own,own,13,0.9162520624067312,great,13,116.0,Chromatic Below Chord Tones,2026-10-06,lick-practice,False,True,0.1035792178804772,0.3708125,0.22312199332101976,0.18575963718820862,0.12442165031363468,0.23219954648526078,0.6370878024743154,0.23219954648526078,0.6370878024743154,0.23219954648526078,0.9484638571739197,0.23219954648526078,0.936,0.23219954648526078,0.940580216707445,0.23219954648526078,0.5688043987411543,0.2089795918367347,0.5688043987411543,0.2089795918367347,0.8817710280418396,0.2089795918367347,0.41470311027332707,0.23219954648526078,0.41470311027332707,0.23219954648526078,0.41470311027332707,0.23219954648526078,0.4824561403508772,0.36363636363636365,0.36363636363636365,12,19
2026-10-06-chromatic-below-chord-tones-4fe32e,sampled,own,own,13,0.9925318681318681,perfect,13,60.0,Chromatic Below Chord Tones,2026-10-06,lick-practice,False,True,0.11197269680272083,0.16679166666666667,0.4821409568774547,0.44117913832199546,0.08702839147981795,0.11609977324263039,0.9255890378585229,0.11609977324263039,0.9255890378585229,0.11609977324263039,0.9777174592018127,0.11609977324263039,0.9962825278810409,0.11609977324263039,0.9981378026070763,0.11609977324263039,0.8588945248035285,0.11609977324263039,0.8588945248035285,0.11609977324263039,0.9063242673873901,0.11609977324263039,0.9161585484865755,0.11609977324263039,0.9161585484865755,0.11609977324263039,0.9161585484865755,0.11609977324263039,0.9304029304029304,0.90234375,0.90234375,23,22
2026-10-06-chromatic-below-chord-tones-5c01c4,sampled,own,own,13,0.9917010989010987,perfect,13,60.0,Chromatic Below Chord Tones,2026-10-06,lick-practice,False,True,0.07609671014247911,0.019604166666666666,0.5693074988073837,0.4179591836734694,0.29202049781754164,0.06965986394557823,0.9299782296327445,0.06965986394557823,0.9299782296327445,0.06965986394557823,0.9595586657524109,0.06965986394557823,0.9598540145985401,0.06965986394557823,0.9638956821688192,0.06965986394557823,0.8396950460855778,0.06965986394557823,0.8396950460855778,0.06965986394557823,0.8647427558898926,0.06965986394557823,0.9155530281489905,0.06965986394557823,0.9155530281489905,0.06965986394557823,0.9155530281489905,0.06965986394557823,0.9333333333333333,0.8984375,0.8984375,26,22
2026-10-06-chromatic-below-chord-tones-62784a,sampled,own,own,13,0.9740780919820906,perfect,13,116.0,Chromatic Below Chord Tones,2026-10-06,lick-practice,False,True,0.17989380201193467,0.023645833333333335,0.6374528836564166,0.023219954648526078,0.030406448726455156,0.09287981859410431,0.887620987095071,0.09287981859410431,0.887620987095071,0.09287981859410431,0.9587401151657104,0.09287981859410431,0.9629629629629629,0.09287981859410431,0.9711375212224109,0.09287981859410431,0.8563067035848749,0.09287981859410431,0.8563067035848749,0.09287981859410431,0.9316727519035339,0.09287981859410431,0.7886623904355712,0.09287981859410431,0.7886623904355712,0.09287981859410431,0.7886623904355712,0.09287981859410431,0.7972027972027972,0.7803030303030303,0.7803030303030303,14,16
2026-10-06-chromatic-below-chord-tones-6a4cb0,sampled,own,own,13,0.9895272283272282,perfect,13,60.0,Chromatic Below Chord Tones,2026-10-06,lick-practice,False,True,0.08538051347254631,0.2609166666666667,0.5915032898246908,1.4396371882086167,0.18311784324354408,0.09287981859410431,0.9174010787560389,0.09287981859410431,0.9174010787560389,0.09287981859410431,0.9678518772125244,0.09287981859410431,0.9840637450199203,0.09287981859410431,0.9866678203436515,0.09287981859410431,0.8352219531627801,0.09287981859410431,0.8352219531627801,0.09287981859410431,0.8825891613960266,0.09287981859410431,0.8928479215078751,0.09287981859410431,0.8928479215078751,0.09287981859410431,0.8928479215078751,0.09287981859410431,0.9114391143911439,0.875,0.875,19,16
2026-10-06-chromatic-below-chord-tones-6ccc6b,sampled,own,own,13,0.9879721611721612,perfect,13,60.0,Chromatic Below Chord Tones,2026-10-06,lick-practice,False,True,0.08323690278227017,0.023583333333333335,0.4968370977714452,1.0216780045351475,0.3184492899173605,0.06965986394557823,0.9116852570497073,0.06965986394557823,0.9116852570497073,0.06965986394557823,0.9772775173187256,0.06965986394557823,0.9962962962962963,0.06965986394557823,0.9981447124304267,0.06965986394557823,0.8301402325125841,0.06965986394557823,0.8301402325125841,0.06965986394557823,0.8862972855567932,0.06965986394557823,0.8696276267254185,0.06965986394557823,0.8696276267254185,0.06965986394557823,0.8696276267254185,0.06965986394557823,0.8884758364312267,0.8515625,0.8515625,21,18
2026-10-06-chromatic-below-chord-tones-6ebd00,sampled,own,own,13,0.9570726099579441,perfect,13,116.0,Chromatic Below Chord Tones,2026-10-06,lick-practice,False,True,0.15307161931276264,0.1120625,0.3771072386715701,0.06965986394557823,0.0,0.18575963718820862,0.7627259512272107,0.18575963718820862,0.7627259512272107,0.18575963718820862,0.8488991260528564,0.18575963718820862,0.723404255319149,0.18575963718820862,0.7665056360708535,0.18575963718820862,0.4524830232234034,2.4613151927437644,0.4524830232234034,2.4613151927437644,0.8480733633041382,2.4613151927437644,0.6940542823951843,0.18575963718820862,0.6940542823951843,0.18575963718820862,0.0,0.18575963718820862,0.6838709677419355,0.7045454545454546,0.7045454545454546,19,15
2026-10-06-chromatic-below-chord-tones-741792,sampled,own,own,13,0.9880688644688644,perfect,13,60.0,Chromatic Below Chord Tones,2026-10-06,lick-practice,False,True,0.11474175159106846,0.09714583333333333,0.3406238240213773,0.4179591836734694,0.10571059566493786,0.09287981859410431,0.9074055958711184,0.09287981859410431,0.9074055958711184,0.09287981859410431,0.9769023656845093,0.09287981859410431,0.9962121212121212,0.09287981859410431,0.9981024667931689,0.09287981859410431,0.8575255258954488,0.09287981859410431,0.8575255258954488,0.09287981859410431,0.9222552180290222,0.09287981859410431,0.8806862490252144,0.09287981859410431,0.8806862490252144,0.09287981859410431,0.8806862490252144,0.09287981859410431,0.8864468864468864,0.875,0.875,21,21
2026-10-06-chromatic-below-chord-tones-7fc10d,sampled,own,own,13,0.9815028104734764,perfect,13,116.0,Chromatic Below Chord Tones,2026-10-06,lick-practice,False,True,0.310739988541789,0.14160416666666667,0.42958481092635126,0.5572789115646258,0.04134130606870327,0.11609977324263039,0.9400360369118008,0.11609977324263039,0.9400360369118008,0.11609977324263039,0.9677907228469849,0.11609977324263039,0.9791666666666666,0.11609977324263039,0.9827210686801219,0.11609977324263039,0.9072888664592652,0.11609977324263039,0.9072888664592652,0.11609977324263039,0.9367120265960693,0.11609977324263039,0.7938931297709925,0.11609977324263039,0.7938931297709925,0.11609977324263039,0.7938931297709925,0.11609977324263039,0.8,0.7878787878787878,0.7878787878787878,8,20
2026-10-06-chromatic-below-chord-tones-82dea5,sampled,own,own,13,0.977670579297246,perfect,13,116.0,Chromatic Below Chord Tones,2026-10-06,lick-practice,False,True,0.20644358747433184,0.019083333333333334,0.5653996768902134,0.023219954648526078,0.26320950313819846,0.06965986394557823,0.8761019161819706,0.06965986394557823,0.8761019161819706,0.06965986394557823,0.9452748894691467,0.06965986394557823,0.9785714285714285,0.06965986394557823,0.9824211941636372,0.06965986394557823,0.8347032619915771,0.06965986394557823,0.8347032619915771,0.06965986394557823,0.905544638633728,0.06965986394557823,0.7051969237939874,0.06965986394557823,0.7051969237939874,0.06965986394557823,0.7051969237939874,0.06965986394557823,0.7391304347826086,0.6742424242424242,0.6742424242424242,13,17
2026-10-06-chromatic-below-chord-tones-833937,sampled,own,own,13,0.9905978021978022,perfect,13,60.0,Chromatic Below Chord Tones,2026-10-06,lick-practice,False,True,0.2380523493067401,0.035291666666666666,0.5062554623810863,0.44117913832199546,0.13809335589529947,0.11609977324263039,0.915572439798942,0.11609977324263039,0.915572439798942,0.11609977324263039,0.9714954495429993,0.11609977324263039,0.9921875,0.11609977324263039,0.9943035133011562,0.11609977324263039,0.8773843480875859,0.11609977324263039,0.8773843480875859,0.11609977324263039,0.930115282535553,0.11609977324263039,0.8973666656078269,0.11609977324263039,0.8973666656078269,0.11609977324263039,0.8973666656078269,0.11609977324263039,0.9124087591240876,0.8828125,0.8828125,20,19
2026-10-06-chromatic-below-chord-tones-89e4ee,sampled,own,own,13,0.9840786324786326,perfect,13,60.0,Chromatic Below Chord Tones,2026-10-06,lick-practice,False,True,0.0855824160747658,0.0335625,0.47496621275411305,0.4179591836734694,0.26149161058664694,0.06965986394557823,0.8792820018529892,0.06965986394557823,0.8792820018529892,0.06965986394557823,0.9728851914405823,0.06965986394557823,0.9923076923076923,0.06965986394557823,0.9943638624119353,0.06965986394557823,0.8206487955095676,0.06965986394557823,0.8206487955095676,0.06965986394557823,0.9098300933837891,0.06965986394557823,0.8393574297188754,0.06965986394557823,0.8393574297188754,0.06965986394557823,0.8393574297188754,0.06965986394557823,0.8636363636363636,0.81640625,0.81640625,18,20
2026-10-06-chromatic-below-chord-tones-8ddf31,sampled,own,own,13,0.8515424382037742,great,11,116.0,Chromatic Below Chord Tones,2026-10-06,lick-practice,False,True,0.22813351732618387,0.022375,0.6778665178296442,0.5572789115646258,0.4100946789835255,0.06965986394557823,0.8800734748413577,0.06965986394557823,0.8800734748413577,0.06965986394557823,0.9065110087394714,0.06965986394557823,0.9854014598540146,0.06965986394557823,0.9392675996494676,0.06965986394557823,0.8443794130573611,0.06965986394557823,0.8443794130573611,0.06965986394557823,0.8712025284767151,0.06965986394557823,0.7524109014675051,0.06965986394557823,0.7524109014675051,0.06965986394557823,0.7524109014675051,0.06965986394557823,0.7708333333333334,0.7348484848484849,0.7348484848484849,19,14
2026-10-06-chromatic-below-chord-tones-91d321,sampled,own,own,13,0.9865650793650798,perfect,13,60.0,Chromatic Below Chord Tones,2026-10-06,lick-practice,False,True,0.06734803844753635,0.13216666666666665,0.46306627325787236,1.4396371882086167,0.23586818261991224,0.11609977324263039,0.9118830435092633,0.11609977324263039,0.9118830435092633,0.11609977324263039,0.9742056131362915,0.11609977324263039,0.9922178988326849,0.11609977324263039,0.994318777384122,0.11609977324263039,0.8122399112352958,0.11609977324263039,0.8122399112352958,0.11609977324263039,0.8793854713439941,0.11609977324263039,0.8988110964332894,0.11609977324263039,0.8988110964332894,0.11609977324263039,0.8988110964332894,0.11609977324263039,0.9239543726235742,0.875,0.875,23,20
2026-10-06-chromatic-below-chord-tones-9a0243,sampled,own,own,13,0.977198762718766,perfect,13,116.0,Chromatic Below Chord Tones,2026-10-06,lick-practice,False,True,0.24170201295579993,0.098,0.32750174846747165,0.13931972789115646,0.2604324847379052,0.16253968253968254,0.9070187731254735,0.16253968253968254,0.9070187731254735,0.16253968253968254,0.9677497148513794,0.16253968253968254,0.986013986013986,0.16253968253968254,0.9929577464788732,0.16253968253968254,0.88679228440897,0.16253968253968254,0.88679228440897,0.16253968253968254,0.9467542767524719,0.16253968253968254,0.7892074198988196,0.16253968253968254,0.7892074198988196,0.16253968253968254,0.7892074198988196,0.16253968253968254,0.7905405405405406,0.7878787878787878,0.7878787878787878,20,15
2026-10-06-chromatic-below-chord-tones-a2bf53,sampled,own,own,13,0.9847638583638583,perfect,13,60.0,Chromatic Below Chord Tones,2026-10-06,lick-practice,False,True,0.13618951925296738,4.448083333333333,0.43233150461274067,1.4396371882086167,0.16591564375006662,0.11609977324263039,0.8903591519135695,0.11609977324263039,0.8903591519135695,0.11609977324263039,0.9530224800109863,0.11609977324263039,0.968503937007874,0.11609977324263039,0.9770583005936164,0.11609977324263039,0.7722790270642592,0.11609977324263039,0.7722790270642592,0.11609977324263039,0.8243947625160217,0.11609977324263039,0.8720558469990499,0.11609977324263039,0.8720558469990499,0.11609977324263039,0.8720558469990499,0.11609977324263039,0.8892988929889298,0.85546875,0.85546875,28,15
2026-10-06-chromatic-below-chord-tones-c0bde7,sampled,own,own,13,0.9878148962148965,perfect,13,60.0,Chromatic Below Chord Tones,2026-10-06,lick-practice,False,True,0.08204695006147124,4.2432083333333335,0.4607147025731816,1.0448979591836736,0.35059050963236055,0.06965986394557823,0.853273055094939,0.06965986394557823,0.853273055094939,0.06965986394557823,0.8878886103630066,0.06965986394557823,0.684981684981685,0.06965986394557823,0.6953772391792665,0.06965986394557823,0.5308661151390809,0.09287981859410431,0.5308661151390809,0.09287981859410431,0.5678130984306335,0.09287981859410431,0.8882912430305018,0.06965986394557823,0.8882912430305018,0.06965986394557823,0.0,0.06965986394557823,0.9104477611940298,0.8671875,0.8671875,19,21
2026-10-06-chromatic-below-chord-tones-d96b52,sampled,own,own,13,0.9889308913308915,perfect,13,60.0,Chromatic Below Chord Tones,2026-10-06,lick-practice,False,True,0.19694010541114937,0.20229166666666668,0.534723206408593,0.44117913832199546,0.2815308316603724,0.09287981859410431,0.9195204230455252,0.09287981859410431,0.9195204230455252,0.09287981859410431,0.9728772640228271,0.09287981859410431,0.9814126394052045,0.09287981859410431,0.9818093621149648,0.09287981859410431,0.8532018936253511,0.09287981859410431,0.8532018936253511,0.09287981859410431,0.9034698605537415,0.09287981859410431,0.9033085034342652,0.09287981859410431,0.9033085034342652,0.09287981859410431,0.9033085034342652,0.09287981859410431,0.9291044776119403,0.87890625,0.87890625,27,18
2026-10-06-chromatic-below-chord-tones-e97259,sampled,own,own,13,0.983512815086148,perfect,13,116.0,Chromatic Below Chord Tones,2026-10-06,lick-practice,False,True,0.2572410122298331,0.058166666666666665,0.5080389821013457,0.11609977324263039,0.3052166714394701,0.13931972789115646,0.9242456008696697,0.13931972789115646,0.9242456008696697,0.13931972789115646,0.9513664841651917,0.13931972789115646,0.9310344827586207,0.13931972789115646,0.9346809854706254,0.13931972789115646,0.8812728831048547,0.13931972789115646,0.8812728831048547,0.13931972789115646,0.9072635173797607,0.13931972789115646,0.7676767676767676,0.13931972789115646,0.7676767676767676,0.13931972789115646,0.7676767676767676,0.13931972789115646,0.7862068965517242,0.75,0.75,16,18
2026-10-06-cry-me-a-river-00014d,sampled,own,own,6,0.9928824126984148,perfect,6,126.0,Cry Me a River,2026-10-06,lick-practice,False,True,0.15577816295461105,0.005833333333333334,0.5961684946311054,0.023219954648526078,0.011245430994053297,0.09287981859410431,0.9239188092095512,0.09287981859410431,0.9239188092095512,0.09287981859410431,0.9552001357078552,0.09287981859410431,0.9342105263157895,0.09287981859410431,0.9432082364662903,0.09287981859410431,0.8450662886812573,0.09287981859410431,0.8450662886812573,0.09287981859410431,0.88560950756073,0.09287981859410431,0.8357848075760629,0.09287981859410431,0.8230189540991094,0.09287981859410431,0.8357848075760629,0.09287981859410431,0.8717948717948718,0.8026315789473685,0.7794117647058824,12,9
2026-10-06-cry-me-a-river-0bb295,sampled,own,own,6,0.9835128512639626,perfect,6,128.0,Cry Me a River,2026-10-06,lick-practice,False,True,0.2122612733889356,0.008395833333333333,0.5336996484652593,0.023219954648526078,0.11601989625223953,0.06965986394557823,0.8952525194408825,0.06965986394557823,0.8952525194408825,0.06965986394557823,0.9440528154373169,0.06965986394557823,0.9647058823529412,0.06965986394557823,0.9761187449481961,0.06965986394557823,0.8168845463146284,0.06965986394557823,0.8168845463146284,0.06965986394557823,0.8850924372673035,0.06965986394557823,0.859988931931378,0.06965986394557823,0.8498642722906662,0.06965986394557823,0.859988931931378,0.06965986394557823,0.8809523809523809,0.84,0.8208955223880597,13,8
2026-10-06-cry-me-a-river-0e5ade,sampled,own,own,6,0.9785287901234516,perfect,6,128.0,Cry Me a River,2026-10-06,lick-practice,False,True,0.1933022319544282,0.05391666666666667,0.5367675371384178,0.5572789115646258,0.0,0.13931972789115646,0.888126159755929,0.13931972789115646,0.888126159755929,0.13931972789115646,0.9589546918869019,0.13931972789115646,0.9529411764705882,0.13931972789115646,0.9520795660036167,0.13931972789115646,0.8130349861186685,0.11609977324263039,0.8130349861186685,0.11609977324263039,0.8836988210678101,0.11609977324263039,0.8194115977674771,0.13931972789115646,0.8379749456465472,0.13931972789115646,0.8194115977674771,0.13931972789115646,0.8255813953488372,0.8133333333333334,0.8507462686567164,13,7
2026-10-06-cry-me-a-river-2599d6,sampled,own,own,6,0.9408629841269818,great,6,126.0,Cry Me a River,2026-10-06,lick-practice,False,True,0.17983475341307364,0.036833333333333336,0.48251480460921187,0.023219954648526078,0.0475373954707013,0.09287981859410431,0.9248493347849165,0.09287981859410431,0.9248493347849165,0.09287981859410431,0.9529156684875488,0.09287981859410431,0.9125,0.09287981859410431,0.9204655674102813,0.09287981859410431,0.7911106401965732,0.09287981859410431,0.7911106401965732,0.09287981859410431,0.8262687921524048,0.09287981859410431,0.8270676691729323,0.09287981859410431,0.829608938547486,0.09287981859410431,0.8270676691729323,0.09287981859410431,0.868421052631579,0.7894736842105263,0.7941176470588235,15,7
2026-10-06-cry-me-a-river-4ec2af,sampled,own,own,6,0.9762932063492017,perfect,6,126.0,Cry Me a River,2026-10-06,lick-practice,False,True,0.2456243220776609,0.0871875,0.3788860008672695,1.6486167800453515,0.21417492377385414,0.13931972789115646,0.8672149987447829,0.13931972789115646,0.8755536045019443,0.13931972789115646,0.9237049221992493,0.13931972789115646,0.8333333333333334,0.13931972789115646,0.867579908675799,0.13931972789115646,0.8340062596258663,0.13931972789115646,0.8420255505838073,0.13931972789115646,0.8862154483795166,0.13931972789115646,0.8210526315789474,0.13931972789115646,0.8390963577685568,0.13931972789115646,0.8210526315789474,0.13931972789115646,0.8552631578947368,0.7894736842105263,0.8235294117647058,14,7
2026-10-06-cry-me-a-river-5bfe25,sampled,own,own,6,0.9572652698412678,perfect,6,126.0,Cry Me a River,2026-10-06,lick-practice,False,True,0.17501141508491178,0.14020833333333332,0.33007328829620736,0.6733786848072563,0.048288762464494574,0.2089795918367347,0.9010420487040565,0.2089795918367347,0.9010420487040565,0.2089795918367347,0.9392891526222229,0.2089795918367347,0.9425287356321839,0.2089795918367347,0.95906432748538,0.2089795918367347,0.8677513834976015,0.2089795918367347,0.8677513834976015,0.2089795918367347,0.9169871807098389,0.2089795918367347,0.8503822351656352,0.2089795918367347,0.8704292527821939,0.2089795918367347,0.8503822351656352,0.2089795918367347,0.8588235294117647,0.8421052631578947,0.8823529411764706,15,10
2026-10-06-cry-me-a-river-784620,sampled,own,own,6,0.6251450743260262,fair,4,128.0,Cry Me a River,2026-10-06,lick-practice,False,True,0.16615460215761388,0.21027083333333332,0.46966095823948906,0.6501587301587302,0.020553047349557464,0.9752380952380952,0.5921847115008576,0.9752380952380952,0.5921847115008576,0.9752380952380952,0.7209697961807251,0.9752380952380952,0.7758620689655172,0.9752380952380952,0.5506993006993006,0.9752380952380952,0.41684606806962815,0.9752380952380952,0.41684606806962815,0.9752380952380952,0.5060112476348877,0.9752380952380952,0.34285714285714286,0.9752380952380952,0.31353919239904987,0.9752380952380952,0.010810810810810811,0.9752380952380952,0.3,0.4,0.3283582089552239,14,9
2026-10-06-cry-me-a-river-825e07,sampled,own,own,6,0.971347438649536,perfect,6,128.0,Cry Me a River,2026-10-06,lick-practice,False,True,0.18321904444678647,0.019395833333333334,0.45275495843663666,0.06965986394557823,0.0856566306793951,0.13931972789115646,0.8608767083547648,0.13931972789115646,0.8608767083547648,0.13931972789115646,0.8967890739440918,0.13931972789115646,0.8181818181818182,0.13931972789115646,0.8236877523553162,0.13931972789115646,0.8643944442850872,0.11609977324263039,0.8643944442850872,0.11609977324263039,0.9154937863349915,0.11609977324263039,0.8346636259977196,0.13931972789115646,0.8307692307692308,0.13931972789115646,0.8346636259977196,0.13931972789115646,0.8571428571428571,0.8133333333333334,0.8059701492537313,17,7
2026-10-06-cry-me-a-river-8533eb,sampled,own,own,6,0.7551451737633369,good,5,128.0,Cry Me a River,2026-10-06,lick-practice,False,True,0.08385813265030846,1.003625,0.47756992845223106,0.23219954648526078,0.0,0.9287981859410431,0.5424007647535176,0.9287981859410431,0.5424007647535176,0.9287981859410431,0.58954256772995,0.9287981859410431,0.04838709677419355,0.9287981859410431,0.06176470588235294,0.9287981859410431,0.46055508135519563,0.905578231292517,0.46055508135519563,0.905578231292517,0.496826171875,0.905578231292517,0.44060412431019463,0.9287981859410431,0.4147192186955005,0.9287981859410431,0.0,0.9287981859410431,0.39805825242718446,0.49333333333333335,0.43283582089552236,19,7
2026-10-06-cry-me-a-river-887298,sampled,own,own,6,0.8859575873015884,great,5,126.0,Cry Me a River,2026-10-06,lick-practice,False,True,0.11049575822330596,0.0539375,0.4313176768954981,2.159455782312925,0.24119892485525465,0.11609977324263039,0.7885475658944675,0.11609977324263039,0.7885475658944675,0.11609977324263039,0.8007215261459351,0.11609977324263039,0.4819277108433735,0.11609977324263039,0.48499186751441664,0.11609977324263039,0.5295157169302305,0.13931972789115646,0.5295157169302305,0.13931972789115646,0.539383053779602,0.13931972789115646,0.7256904154096079,0.11609977324263039,0.7302733367715316,0.11609977324263039,0.0,0.11609977324263039,0.7564102564102564,0.6973684210526315,0.7058823529411765,13,8
2026-10-06-cry-me-a-river-93ae59,sampled,own,own,6,0.8633977996136784,great,6,128.0,Cry Me a River,2026-10-06,lick-practice,False,True,0.17405750869360762,0.2713125,0.6402333783206147,0.16253968253968254,0.0,0.7198185941043084,0.6951704970696597,0.7198185941043084,0.6951704970696597,0.7198185941043084,0.913955807685852,0.7198185941043084,0.8947368421052632,0.7198185941043084,0.9221140472878998,0.7198185941043084,0.6396308660832712,0.7198185941043084,0.6396308660832712,0.7198185941043084,0.8196234703063965,0.7198185941043084,0.5508982035928144,0.7198185941043084,0.5314685314685315,0.7198185941043084,0.5508982035928144,0.7198185941043084,0.5,0.6133333333333333,0.5671641791044776,15,10
2026-10-06-cry-me-a-river-9f811f,sampled,own,own,6,0.9806858412698436,perfect,6,126.0,Cry Me a River,2026-10-06,lick-practice,False,True,0.22234973728970453,0.08539583333333334,0.4727181110257707,0.06965986394557823,0.046487185301508374,0.13931972789115646,0.9042854496410915,0.13931972789115646,0.9042854496410915,0.13931972789115646,0.9226402640342712,0.13931972789115646,0.8846153846153846,0.13931972789115646,0.900355871886121,0.13931972789115646,0.8558608117557708,0.13931972789115646,0.8558608117557708,0.13931972789115646,0.887719988822937,0.13931972789115646,0.8066753795114103,0.13931972789115646,0.7922330097087378,0.13931972789115646,0.7938712972420837,0.13931972789115646,0.8395061728395061,0.7763157894736842,0.75,14,7
2026-10-06-cry-me-a-river-ae43e5,sampled,own,own,6,0.9874996825396858,perfect,6,126.0,Cry Me a River,2026-10-06,lick-practice,False,True,0.1837368308746999,0.104375,0.6958192310625702,0.13931972789115646,0.560094237318943,0.16253968253968254,0.9126914677165804,0.16253968253968254,0.9214673472138551,0.16253968253968254,0.9588580131530762,0.16253968253968254,0.9493670886075949,0.16253968253968254,0.9567682494684622,0.16253968253968254,0.8470215694535346,0.16253968253968254,0.8551660076213571,0.16253968253968254,0.8951716423034668,0.16253968253968254,0.7957127545551983,0.16253968253968254,0.8122209165687426,0.16253968253968254,0.7957127545551983,0.16253968253968254,0.8311688311688312,0.7631578947368421,0.7941176470588235,16,8
2026-10-06-cry-me-a-river-b0af7d,sampled,own,own,6,0.9850784761904783,perfect,6,126.0,Cry Me a River,2026-10-06,lick-practice,False,True,0.10495286408407167,0.149,0.5719731800568117,2.1130158730158732,0.27791926025825847,0.16253968253968254,0.8565256243660336,0.16253968253968254,0.8647614476772455,0.16253968253968254,0.9097301363945007,0.16253968253968254,0.8648648648648649,0.16253968253968254,0.8786381109280617,0.16253968253968254,0.8306800535746983,0.16253968253968254,0.8386673617821473,0.16253968253968254,0.8926384449005127,0.16253968253968254,0.7695035460992907,0.16253968253968254,0.7920935277811259,0.16253968253968254,0.7695035460992907,0.16253968253968254,0.8051948051948052,0.7368421052631579,0.7794117647058824,15,7
2026-10-06-cry-me-a-river-b435af,sampled,own,own,6,0.8768639543125925,great,6,128.0,Cry Me a River,2026-10-06,lick-practice,False,True,0.11538558304771214,0.9052083333333333,0.6709592263597368,0.6965986394557824,0.1746037343817584,1.3467573696145125,0.7314413751213296,1.3467573696145125,0.7314413751213296,1.3467573696145125,0.821976900100708,1.3467573696145125,0.8021978021978022,1.3467573696145125,0.8439306358381503,1.3467573696145125,0.7024025190804227,1.3699773242630386,0.7024025190804227,1.3699773242630386,0.7872148752212524,1.3699773242630386,0.4889901290812453,1.3467573696145125,0.4678432545617709,1.3467573696145125,0.4889901290812453,1.3467573696145125,0.4339622641509434,0.56,0.5074626865671642,15,8
2026-10-06-cry-me-a-river-bd1115,sampled,own,own,6,0.9886212063492021,perfect,6,126.0,Cry Me a River,2026-10-06,lick-practice,False,True,0.16466175098611813,0.0016666666666666668,0.5394974138402556,0.5340589569160998,0.12889942732771695,0.06965986394557823,0.8638632598377409,0.06965986394557823,0.8638632598377409,0.06965986394557823,0.8958864808082581,0.06965986394557823,0.825,0.06965986394557823,0.8349964362081255,0.06965986394557823,0.8193607441016606,0.06965986394557823,0.8193607441016606,0.06965986394557823,0.8538110256195068,0.06965986394557823,0.7471328359870838,0.06965986394557823,0.745479486220227,0.06965986394557823,0.7471328359870838,0.06965986394557823,0.7721518987341772,0.7236842105263158,0.7205882352941176,11,8
2026-10-06-cry-me-a-river-c337a2,sampled,own,own,6,0.9876339847148723,perfect,6,128.0,Cry Me a River,2026-10-06,lick-practice,False,True,0.11779663633972441,0.05554166666666667,0.46906728177913753,2.809614512471655,0.0979789458563374,0.13931972789115646,0.8579342616993246,0.13931972789115646,0.8579342616993246,0.13931972789115646,0.9091243743896484,0.13931972789115646,0.8493150684931506,0.13931972789115646,0.8750715239366774,0.13931972789115646,0.8212955196216268,0.13931972789115646,0.8212955196216268,0.13931972789115646,0.8934276103973389,0.13931972789115646,0.7531380753138075,0.13931972789115646,0.7672634271099744,0.13931972789115646,0.7531380753138075,0.13931972789115646,0.7894736842105263,0.72,0.746268656716418,18,7
2026-10-06-cry-me-a-river-c828e8,sampled,own,own,6,0.8680599365079362,great,5,126.0,Cry Me a River,2026-10-06,lick-practice,False,True,0.17864996595380328,0.10422916666666666,0.37530747492793043,0.25541950113378686,0.15538836522488061,0.13931972789115646,0.8517465513376963,0.13931972789115646,0.8517465513376963,0.13931972789115646,0.8899695873260498,0.13931972789115646,0.8148148148148148,0.13931972789115646,0.8297476759628154,0.13931972789115646,0.7158918531877654,0.13931972789115646,0.7158918531877654,0.13931972789115646,0.7489701509475708,0.13931972789115646,0.7387140902872777,0.13931972789115646,0.7518796992481205,0.13931972789115646,0.7387140902872777,0.13931972789115646,0.7692307692307693,0.7105263157894737,0.7352941176470589,14,9
2026-10-06-cry-me-a-river-cd285e,sampled,own,own,6,0.9616666666666678,perfect,6,126.0,Cry Me a River,2026-10-06,lick-practice,False,True,0.23446305097734277,0.09052083333333333,0.41582035188130745,0.046439909297052155,0.17204623826100104,0.13931972789115646,0.9140510868458521,0.13931972789115646,0.9140510868458521,0.13931972789115646,0.9483658671379089,0.13931972789115646,0.8928571428571429,0.13931972789115646,0.9216589861751151,0.13931972789115646,0.8517578266206242,0.13931972789115646,0.8517578266206242,0.13931972789115646,0.8994979858398438,0.13931972789115646,0.7907967618236046,0.13931972789115646,0.8070994862213917,0.13931972789115646,0.7907967618236046,0.13931972789115646,0.8205128205128205,0.7631578947368421,0.7941176470588235,16,8
2026-10-06-cry-me-a-river-d55a12,sampled,own,own,6,0.8642398078441202,great,6,128.0,Cry Me a River,2026-10-06,lick-practice,False,True,0.1334864321657823,0.12525,0.4941933924981728,0.13931972789115646,0.30726674049534225,0.626938775510204,0.7917928988638433,0.626938775510204,0.7917928988638433,0.626938775510204,0.9229073524475098,0.626938775510204,0.9368421052631579,0.626938775510204,0.9439760674462877,0.626938775510204,0.6782086133161216,0.603718820861678,0.6782086133161216,0.603718820861678,0.8325684070587158,0.603718820861678,0.6837222378408772,0.626938775510204,0.6718800214247457,0.626938775510204,0.6837222378408772,0.626938775510204,0.6213592233009708,0.76,0.7313432835820896,15,7
2026-10-06-cry-me-a-river-eb10e8,sampled,own,own,6,0.9716447938187631,perfect,6,128.0,Cry Me a River,2026-10-06,lick-practice,False,True,0.2043565951082117,0.09414583333333333,0.5500051215035318,0.023219954648526078,0.12348117845438476,0.09287981859410431,0.8932298824046422,0.09287981859410431,0.8932298824046422,0.09287981859410431,0.9422956705093384,0.09287981859410431,0.8831168831168831,0.09287981859410431,0.910212950890917,0.09287981859410431,0.814852742604839,0.09287981859410431,0.814852742604839,0.09287981859410431,0.8704612255096436,0.09287981859410431,0.8562691131498472,0.09287981859410431,0.8423975931497338,0.09287981859410431,0.8562691131498472,0.09287981859410431,0.9210526315789473,0.8,0.7761194029850746,15,8
2026-10-06-cry-me-a-river-f3c754,sampled,own,own,6,0.9706697975980584,perfect,6,128.0,Cry Me a River,2026-10-06,lick-practice,False,True,0.1260878884929775,0.21704166666666666,0.41939465453881886,0.09287981859410431,0.0008344078429501576,0.16253968253968254,0.9113446693975948,0.16253968253968254,0.9113446693975948,0.16253968253968254,0.9275554418563843,0.16253968253968254,0.8888888888888888,0.16253968253968254,0.9189985272459499,0.16253968253968254,0.8646111789258938,0.16253968253968254,0.8646111789258938,0.16253968253968254,0.8756841421127319,0.16253968253968254,0.7801418439716311,0.16253968253968254,0.7874015748031497,0.16253968253968254,0.7306928379483585,0.16253968253968254,0.8333333333333334,0.7333333333333333,0.746268656716418,15,9
2026-10-06-cry-me-a-river-f95a01,sampled,own,own,6,0.9710506666666644,perfect,6,126.0,Cry Me a River,2026-10-06,lick-practice,False,True,0.10084994932965935,0.050270833333333334,0.5248264900039494,0.046439909297052155,0.015071869405590268,0.16253968253968254,0.8455240306400117,0.16253968253968254,0.8455240306400117,0.16253968253968254,0.8971318602561951,0.16253968253968254,0.7790697674418605,0.16253968253968254,0.788235294117647,0.16253968253968254,0.8072948877300535,0.13931972789115646,0.8072948877300535,0.13931972789115646,0.864360511302948,0.13931972789115646,0.8746418338108882,0.16253968253968254,0.8889326506498622,0.16253968253968254,0.8746418338108882,0.16253968253968254,0.8809523809523809,0.868421052631579,0.8970588235294118,16,10
2026-10-06-cry-me-a-river-fe64e1,sampled,own,own,6,0.9835987704711542,perfect,6,128.0,Cry Me a River,2026-10-06,lick-practice,False,True,0.11559791516642445,0.029791666666666668,0.47779346765739356,0.046439909297052155,0.0,0.13931972789115646,0.8475433946813195,0.13931972789115646,0.8475433946813195,0.13931972789115646,0.9510132074356079,0.13931972789115646,0.9565217391304348,0.13931972789115646,0.9659714599341382,0.13931972789115646,0.7702816791326097,0.13931972789115646,0.7702816791326097,0.13931972789115646,0.8600214719772339,0.13931972789115646,0.8374889478337755,0.13931972789115646,0.8289657931586316,0.13931972789115646,0.8374889478337755,0.13931972789115646,0.8222222222222222,0.8533333333333334,0.835820895522388,17,10
2026-10-06-dexter-gordon-go-chromatic-22a9b7,sampled,own,own,12,0.8902822689174186,great,10,61.0,Dexter Gordon - Go Chromatic,2026-10-06,lick-practice,False,True,0.09905482468378508,0.08408333333333333,0.48047992172657505,0.06965986394557823,0.2637609919152767,0.11609977324263039,0.8785979861804577,0.11609977324263039,0.8785979861804577,0.11609977324263039,0.9462040066719055,0.11609977324263039,0.9324894514767933,0.11609977324263039,0.9273055609652461,0.11609977324263039,0.8238365659752572,0.09287981859410431,0.8238365659752572,0.09287981859410431,0.897757351398468,0.09287981859410431,0.7672389529974669,0.11609977324263039,0.7672389529974669,0.11609977324263039,0.7672389529974669,0.11609977324263039,0.8034188034188035,0.7341772151898734,0.7341772151898734,28,14
2026-10-06-dexter-gordon-go-chromatic-28f7df,sampled,own,own,12,0.9915110264550265,perfect,12,62.0,Dexter Gordon - Go Chromatic,2026-10-06,lick-practice,False,True,0.08407448073317164,0.13204166666666667,0.4366870317401878,0.09287981859410431,0.4366870317401878,0.09287981859410431,0.9292577398420803,0.09287981859410431,0.9292577398420803,0.09287981859410431,0.9706794023513794,0.09287981859410431,0.9722222222222222,0.09287981859410431,0.9859154929577464,0.09287981859410431,0.8439442062292577,0.09287981859410431,0.8439442062292577,0.09287981859410431,0.8922486305236816,0.09287981859410431,0.898467583497053,0.09287981859410431,0.898467583497053,0.09287981859410431,0.898467583497053,0.09287981859410431,0.9173553719008265,0.8803418803418803,0.8803418803418803,23,16
2026-10-06-dexter-gordon-go-chromatic-34d262,sampled,own,own,12,0.9395154809775751,great,11,62.0,Dexter Gordon - Go Chromatic,2026-10-06,lick-practice,False,True,0.0756685428251862,0.02420833333333333,0.3326393370760788,0.09287981859410431,0.27457806255005324,0.11609977324263039,0.9134920419044882,0.11609977324263039,0.9134920419044882,0.11609977324263039,0.949805498123169,0.11609977324263039,0.8866396761133604,0.11609977324263039,0.8956091261300043,0.11609977324263039,0.757201800954157,0.09287981859410431,0.757201800954157,0.09287981859410431,0.7854841947555542,0.09287981859410431,0.8603199179594422,0.11609977324263039,0.8603199179594422,0.11609977324263039,0.0,0.11609977324263039,0.8704453441295547,0.8504273504273504,0.8504273504273504,22,18
2026-10-06-dexter-gordon-go-chromatic-3a1999,sampled,own,own,12,0.5712869404551955,fair,4,64.0,Dexter Gordon - Go Chromatic,2026-10-06,lick-practice,False,True,0.10472591255086784,0.563,0.36769704655877894,0.046439909297052155,0.009115826242025957,0.6501587301587302,0.6287106886469378,0.6501587301587302,0.6287106886469378,0.6501587301587302,0.7765946388244629,0.6501587301587302,0.7276422764227642,0.6501587301587302,0.6928452817566034,0.6501587301587302,0.6801126163757952,0.09287981859410431,0.6801126163757952,0.09287981859410431,0.8236909508705139,0.09287981859410431,0.3430045132172792,0.6501587301587302,0.3430045132172792,0.6501587301587302,0.3430045132172792,0.6501587301587302,0.35,0.336283185840708,0.336283185840708,19,14
2026-10-06-dexter-gordon-go-chromatic-3be585,sampled,own,own,12,0.8770422050894434,great,10,64.0,Dexter Gordon - Go Chromatic,2026-10-06,lick-practice,False,True,0.08665764608756926,0.09385416666666667,0.35910725885329875,0.16253968253968254,0.33751320840069116,0.13931972789115646,0.7790795153722607,0.13931972789115646,0.7790795153722607,0.13931972789115646,0.8526468873023987,0.13931972789115646,0.7625,0.13931972789115646,0.6955123519953224,0.13931972789115646,0.7953294320754578,0.13931972789115646,0.7953294320754578,0.13931972789115646,0.883760929107666,0.13931972789115646,0.6670866787786438,0.13931972789115646,0.6670866787786438,0.13931972789115646,0.6670866787786438,0.13931972789115646,0.6946902654867256,0.6415929203539823,0.6415929203539823,30,10
2026-10-06-dexter-gordon-go-chromatic-404deb,sampled,own,own,12,0.9658443554211815,perfect,12,62.0,Dexter Gordon - Go Chromatic,2026-10-06,lick-practice,False,True,0.10981081934675559,0.06525,0.3252262033009232,0.06965986394557823,0.059271658744823943,0.18575963718820862,0.8313816359937902,0.18575963718820862,0.8313816359937902,0.18575963718820862,0.9404481053352356,0.18575963718820862,0.8858267716535433,0.18575963718820862,0.9359260280151352,0.18575963718820862,0.815798787786881,0.13931972789115646,0.815798787786881,0.13931972789115646,0.9170422554016113,0.13931972789115646,0.6868020685003373,0.18575963718820862,0.6868020685003373,0.18575963718820862,0.6868020685003373,0.18575963718820862,0.6987951807228916,0.6752136752136753,0.6752136752136753,18,15
2026-10-06-dexter-gordon-go-chromatic-471767,sampled,own,own,12,0.916635525321242,great,11,61.0,Dexter Gordon - Go Chromatic,2026-10-06,lick-practice,False,True,0.1262568971643665,0.13504166666666667,0.36187220149844984,0.09287981859410431,0.043193209277930224,0.2089795918367347,0.8423493862974112,0.2089795918367347,0.8423493862974112,0.2089795918367347,0.9297845363616943,0.2089795918367347,0.8467432950191571,0.2089795918367347,0.8771416596097753,0.2089795918367347,0.839549610216363,0.2089795918367347,0.839549610216363,0.2089795918367347,0.9066515564918518,0.2089795918367347,0.6929133858267716,0.2089795918367347,0.6929133858267716,0.2089795918367347,0.6929133858267716,0.2089795918367347,0.7213114754098361,0.6666666666666666,0.6666666666666666,35,17
2026-10-06-dexter-gordon-go-chromatic-5283aa,sampled,own,own,12,0.9917267298227938,perfect,12,62.0,Dexter Gordon - Go Chromatic,2026-10-06,lick-practice,False,True,0.0748706359122019,0.014645833333333334,0.590432285557648,0.06965986394557823,0.5575938191532823,0.09287981859410431,0.9269257773576318,0.09287981859410431,0.9269257773576318,0.09287981859410431,0.9579768180847168,0.09287981859410431,0.9554655870445344,0.09287981859410431,0.9559933713864851,0.09287981859410431,0.9197352919416382,0.09287981859410431,0.9197352919416382,0.09287981859410431,0.9527572989463806,0.09287981859410431,0.9302413486798586,0.09287981859410431,0.9302413486798586,0.09287981859410431,0.9302413486798586,0.09287981859410431,0.9465020576131687,0.9145299145299145,0.9145299145299145,22,17
2026-10-06-dexter-gordon-go-chromatic-5e3ce6,sampled,own,own,12,0.9887485273368506,perfect,12,61.0,Dexter Gordon - Go Chromatic,2026-10-06,lick-practice,False,True,0.12671826519819546,0.008645833333333333,0.5282632355506488,0.11609977324263039,0.5282632355506488,0.11609977324263039,0.9250689818055977,0.11609977324263039,0.9250689818055977,0.11609977324263039,0.9789031147956848,0.11609977324263039,0.983739837398374,0.11609977324263039,0.9918032786885246,0.11609977324263039,0.8646756472686926,0.11609977324263039,0.8646756472686926,0.11609977324263039,0.92104572057724,0.11609977324263039,0.882305892111266,0.11609977324263039,0.882305892111266,0.11609977324263039,0.882305892111266,0.11609977324263039,0.9049586776859504,0.8607594936708861,0.8607594936708861,28,17
2026-10-06-dexter-gordon-go-chromatic-681aee,sampled,own,own,12,0.9087553083060393,great,11,62.0,Dexter Gordon - Go Chromatic,2026-10-06,lick-practice,False,True,0.06213757646482118,0.03425,0.5138004869862304,0.09287981859410431,0.4610910327599836,0.11609977324263039,0.7866585896681629,0.11609977324263039,0.7866585896681629,0.11609977324263039,0.9256311058998108,0.11609977324263039,0.8816326530612245,0.11609977324263039,0.9008618760795827,0.11609977324263039,0.8353182465095864,0.11609977324263039,0.8353182465095864,0.11609977324263039,0.9321873188018799,0.11609977324263039,0.576923076923077,0.11609977324263039,0.576923076923077,0.11609977324263039,0.576923076923077,0.11609977324263039,0.6,0.5555555555555556,0.5555555555555556,23,16
2026-10-06-dexter-gordon-go-chromatic-7331af,sampled,own,own,12,0.9892530582010572,perfect,12,62.0,Dexter Gordon - Go Chromatic,2026-10-06,lick-practice,False,True,0.08749437053599995,0.028666666666666667,0.3729303809254466,0.0,0.21288487108212772,0.11609977324263039,0.9113898821406262,0.11609977324263039,0.9113898821406262,0.11609977324263039,0.9549902677536011,0.11609977324263039,0.936,0.11609977324263039,0.9574947807933194,0.11609977324263039,0.8904270623546084,0.09287981859410431,0.8904270623546084,0.09287981859410431,0.9390676617622375,0.09287981859410431,0.8676081382846745,0.11609977324263039,0.8676081382846745,0.11609977324263039,0.8676081382846745,0.11609977324263039,0.8949579831932774,0.8418803418803419,0.8418803418803419,23,16
2026-10-06-dexter-gordon-go-chromatic-75541b,sampled,own,own,12,0.9706872587133598,perfect,12,61.0,Dexter Gordon - Go Chromatic,2026-10-06,lick-practice,False,True,0.10896650139580771,0.056,0.4693402888825946,0.13931972789115646,0.40200862787888253,0.16253968253968254,0.8741828449979914,0.16253968253968254,0.8741828449979914,0.16253968253968254,0.9729083776473999,0.16253968253968254,0.9169960474308301,0.16253968253968254,0.9477062733019938,0.16253968253968254,0.8612658600404884,0.16253968253968254,0.8612658600404884,0.16253968253968254,0.9552530646324158,0.16253968253968254,0.7190626743537288,0.16253968253968254,0.7190626743537288,0.16253968253968254,0.7190626743537288,0.16253968253968254,0.7584745762711864,0.6835443037974683,0.6835443037974683,24,16
2026-10-06-dexter-gordon-go-chromatic-81dde0,sampled,own,own,12,0.99156885596708,perfect,12,62.0,Dexter Gordon - Go Chromatic,2026-10-06,lick-practice,False,True,0.04674871664303274,0.08679166666666667,0.5417546126067235,0.06965986394557823,0.505502798199202,0.09287981859410431,0.9193192526235785,0.09287981859410431,0.9193192526235785,0.09287981859410431,0.9574054479598999,0.09287981859410431,0.9586776859504132,0.09287981859410431,0.9654565754305241,0.09287981859410431,0.914892152218517,0.09287981859410431,0.914892152218517,0.09287981859410431,0.9540450572967529,0.09287981859410431,0.8645296062195135,0.09287981859410431,0.8645296062195135,0.09287981859410431,0.8645296062195135,0.09287981859410431,0.9082969432314411,0.8247863247863247,0.8247863247863247,25,15
2026-10-06-dexter-gordon-go-chromatic-8db1af,sampled,own,own,12,0.989695505500966,perfect,12,64.0,Dexter Gordon - Go Chromatic,2026-10-06,lick-practice,False,True,0.04289032978005341,0.1509375,0.43476367882459244,0.06965986394557823,0.41197323116559154,0.09287981859410431,0.9169513057605386,0.09287981859410431,0.9169513057605386,0.09287981859410431,0.9496747255325317,0.09287981859410431,0.9159663865546218,0.09287981859410431,0.9212182136341636,0.09287981859410431,0.9197850665765737,0.09287981859410431,0.9197850665765737,0.09287981859410431,0.9548162817955017,0.09287981859410431,0.9185994854999844,0.09287981859410431,0.9185994854999844,0.09287981859410431,0.9185994854999844,0.09287981859410431,0.9399141630901288,0.8982300884955752,0.8982300884955752,25,18
2026-10-06-dexter-gordon-go-chromatic-9124f2,sampled,own,own,12,0.9173162852103767,great,11,64.0,Dexter Gordon - Go Chromatic,2026-10-06,lick-practice,False,True,0.07838104407479067,0.16491666666666666,0.38360819506953303,0.09287981859410431,0.025201463727404633,0.25541950113378686,0.8201697342134462,0.25541950113378686,0.8201697342134462,0.25541950113378686,0.9281773567199707,0.25541950113378686,0.8414634146341463,0.25541950113378686,0.8744849535392571,0.25541950113378686,0.8002167490902793,0.23219954648526078,0.8002167490902793,0.23219954648526078,0.8673975467681885,0.23219954648526078,0.6586869384934346,0.25541950113378686,0.6586869384934346,0.25541950113378686,0.6586869384934346,0.25541950113378686,0.6625514403292181,0.6548672566371682,0.6548672566371682,25,14
2026-10-06-dexter-gordon-go-chromatic-920070,sampled,own,own,12,0.7677182968002036,good,8,64.0,Dexter Gordon - Go Chromatic,2026-10-06,lick-practice,False,True,0.061200540228389395,0.420125,0.420764596168017,0.09287981859410431,0.21192738883305404,0.23219954648526078,0.7601127650386887,0.23219954648526078,0.7601127650386887,0.23219954648526078,0.8728079199790955,0.23219954648526078,0.7355371900826446,0.23219954648526078,0.7471733880977636,0.23219954648526078,0.7746225800915745,0.23219954648526078,0.7746225800915745,0.23219954648526078,0.8941641449928284,0.23219954648526078,0.46389807469923516,0.23219954648526078,0.46389807469923516,0.23219954648526078,0.46389807469923516,0.23219954648526078,0.4723404255319149,0.4557522123893805,0.4557522123893805,27,16
2026-10-06-dexter-gordon-go-chromatic-a254f2,sampled,own,own,12,0.8843058051146417,great,10,61.0,Dexter Gordon - Go Chromatic,2026-10-06,lick-practice,False,True,0.13064111285881716,0.190375,0.4612698180376506,0.06965986394557823,0.4612698180376506,0.06965986394557823,0.8455534147474687,0.06965986394557823,0.8455534147474687,0.06965986394557823,0.9053806066513062,0.06965986394557823,0.8571428571428571,0.06965986394557823,0.88468809073724,0.06965986394557823,0.831317886613974,0.06965986394557823,0.831317886613974,0.06965986394557823,0.9024295806884766,0.06965986394557823,0.7247664267115943,0.06965986394557823,0.7247664267115943,0.06965986394557823,0.7247664267115943,0.06965986394557823,0.7368421052631579,0.7130801687763713,0.7130801687763713,18,14
2026-10-06-dexter-gordon-go-chromatic-a5c677,sampled,own,own,12,0.9232868719240823,great,11,61.0,Dexter Gordon - Go Chromatic,2026-10-06,lick-practice,False,True,0.17646141635172696,0.039375,0.3088517787993269,0.13931972789115646,0.2935918494989689,0.16253968253968254,0.8504795906059619,0.16253968253968254,0.8504795906059619,0.16253968253968254,0.9140473008155823,0.16253968253968254,0.8847736625514403,0.16253968253968254,0.9010655847340495,0.16253968253968254,0.847628489224144,0.16253968253968254,0.847628489224144,0.16253968253968254,0.9003329873085022,0.16253968253968254,0.700880724710619,0.16253968253968254,0.700880724710619,0.16253968253968254,0.700880724710619,0.16253968253968254,0.7238493723849372,0.679324894514768,0.679324894514768,29,18
2026-10-06-dexter-gordon-go-chromatic-aa1107,sampled,own,own,12,0.991486527252877,perfect,12,62.0,Dexter Gordon - Go Chromatic,2026-10-06,lick-practice,False,True,0.09871179701444865,0.041041666666666664,0.46585181081466487,0.09287981859410431,0.4332206055611042,0.11609977324263039,0.9295808527805356,0.11609977324263039,0.9295808527805356,0.11609977324263039,0.9708214402198792,0.11609977324263039,0.967741935483871,0.11609977324263039,0.9816906895208415,0.11609977324263039,0.8441973819012858,0.11609977324263039,0.8441973819012858,0.11609977324263039,0.8847857713699341,0.11609977324263039,0.9055895238553754,0.11609977324263039,0.9055895238553754,0.11609977324263039,0.9055895238553754,0.11609977324263039,0.9183673469387755,0.8931623931623932,0.8931623931623932,24,15
2026-10-06-dexter-gordon-go-chromatic-af7294,sampled,own,own,12,0.8878025094482473,great,10,61.0,Dexter Gordon - Go Chromatic,2026-10-06,lick-practice,False,True,0.11691499677319186,0.01925,0.49630264488483467,0.09287981859410431,0.49630264488483467,0.09287981859410431,0.8570844959555097,0.09287981859410431,0.8570844959555097,0.09287981859410431,0.9050566554069519,0.09287981859410431,0.8458498023715415,0.09287981859410431,0.8804348777562828,0.09287981859410431,0.8423128615422043,0.09287981859410431,0.8423128615422043,0.09287981859410431,0.889020562171936,0.09287981859410431,0.726814651745857,0.09287981859410431,0.726814651745857,0.09287981859410431,0.726814651745857,0.09287981859410431,0.7552742616033755,0.70042194092827,0.70042194092827,24,12
2026-10-06-dexter-gordon-go-chromatic-affb28,sampled,own,own,12,0.9286985425800174,great,11,61.0,Dexter Gordon - Go Chromatic,2026-10-06,lick-practice,False,True,0.1438618672154311,0.00047916666666666664,0.3391631870652871,0.13931972789115646,0.3391631870652871,0.13931972789115646,0.8153736773231219,0.13931972789115646,0.8153736773231219,0.13931972789115646,0.9011663198471069,0.13931972789115646,0.7695473251028807,0.13931972789115646,0.8273457046532521,0.13931972789115646,0.6863424249240437,0.11609977324263039,0.6863424249240437,0.11609977324263039,0.7450128793716431,0.11609977324263039,0.7205098580000745,0.13931972789115646,0.7205098580000745,0.13931972789115646,0.0,0.13931972789115646,0.7617021276595745,0.6835443037974683,0.6835443037974683,28,18
2026-10-06-dexter-gordon-go-chromatic-b32550,sampled,own,own,12,0.9897811989585937,perfect,12,64.0,Dexter Gordon - Go Chromatic,2026-10-06,lick-practice,False,True,0.0757497094107894,0.060770833333333336,0.31373355615265963,0.18575963718820862,0.13431644522122815,0.09287981859410431,0.9341390815568088,0.09287981859410431,0.9341390815568088,0.09287981859410431,0.9622254371643066,0.09287981859410431,0.9508196721311475,0.09287981859410431,0.9747899159663865,0.09287981859410431,0.8698622254755697,0.09287981859410431,0.8698622254755697,0.09287981859410431,0.9012513160705566,0.09287981859410431,0.9004035098955998,0.09287981859410431,0.9004035098955998,0.09287981859410431,0.9004035098955998,0.09287981859410431,0.9260869565217391,0.8761061946902655,0.8761061946902655,23,17
2026-10-06-dexter-gordon-go-chromatic-bbbcae,sampled,own,own,12,0.9905453854035597,perfect,12,61.0,Dexter Gordon - Go Chromatic,2026-10-06,lick-practice,False,True,0.15588750535455823,0.11008333333333334,0.47216299867571937,0.09287981859410431,0.47216299867571937,0.09287981859410431,0.9341871202551703,0.09287981859410431,0.9341871202551703,0.09287981859410431,0.9843160510063171,0.09287981859410431,0.9838056680161943,0.09287981859410431,0.987993877355783,0.09287981859410431,0.9053961199581483,0.06965986394557823,0.9053961199581483,0.06965986394557823,0.9520516395568848,0.06965986394557823,0.843584139868873,0.09287981859410431,0.843584139868873,0.09287981859410431,0.7931744240090298,0.09287981859410431,0.875,0.8143459915611815,0.8143459915611815,17,18
2026-10-06-dexter-gordon-go-chromatic-c0ee01,sampled,own,own,12,0.9901357628285833,perfect,12,64.0,Dexter Gordon - Go Chromatic,2026-10-06,lick-practice,False,True,0.0730534499328444,0.004583333333333333,0.6084704718098076,0.18575963718820862,0.5129444944399377,0.2089795918367347,0.9272012216557423,0.2089795918367347,0.9272012216557423,0.2089795918367347,0.9586809277534485,0.2089795918367347,0.9375,0.2089795918367347,0.942195749289292,0.2089795918367347,0.9184888791054341,0.18575963718820862,0.9184888791054341,0.18575963718820862,0.950313925743103,0.18575963718820862,0.8687782805429864,0.2089795918367347,0.8687782805429864,0.2089795918367347,0.8687782805429864,0.2089795918367347,0.8888888888888888,0.8495575221238938,0.8495575221238938,27,15
2026-10-06-dexter-gordon-go-chromatic-c56d4e,sampled,own,own,12,0.9376348366507066,great,11,64.0,Dexter Gordon - Go Chromatic,2026-10-06,lick-practice,False,True,0.043718295515025936,0.0320625,0.37846161433598624,0.06965986394557823,0.25201722292098877,0.11609977324263039,0.8662160267970832,0.11609977324263039,0.8662160267970832,0.11609977324263039,0.9300203919410706,0.11609977324263039,0.8451327433628318,0.11609977324263039,0.8568284734859707,0.11609977324263039,0.6627659119225194,0.11609977324263039,0.6627659119225194,0.11609977324263039,0.6972627639770508,0.11609977324263039,0.8291687061997827,0.11609977324263039,0.8291687061997827,0.11609977324263039,0.0,0.11609977324263039,0.8699551569506726,0.7920353982300885,0.7920353982300885,30,18
2026-10-06-dexter-gordon-go-chromatic-e077de,sampled,own,own,12,0.9813904291593195,perfect,12,64.0,Dexter Gordon - Go Chromatic,2026-10-06,lick-practice,False,True,0.08105759506137705,0.01525,0.33306390083629245,0.023219954648526078,0.20098322016988926,0.06965986394557823,0.894859175450109,0.06965986394557823,0.894859175450109,0.06965986394557823,0.9626572132110596,0.06965986394557823,0.9393939393939394,0.06965986394557823,0.9648874598070739,0.06965986394557823,0.8713022520389463,0.06965986394557823,0.8713022520389463,0.06965986394557823,0.9364995360374451,0.06965986394557823,0.817007096575131,0.06965986394557823,0.817007096575131,0.06965986394557823,0.817007096575131,0.06965986394557823,0.8538812785388128,0.7831858407079646,0.7831858407079646,23,16
2026-10-06-dexter-gordon-go-chromatic-e1e1ad,sampled,own,own,12,0.9887412795834496,perfect,12,61.0,Dexter Gordon - Go Chromatic,2026-10-06,lick-practice,False,True,0.13803138582340563,0.10070833333333333,0.34958834809122075,0.06965986394557823,0.34958834809122075,0.06965986394557823,0.925680377953489,0.06965986394557823,0.925680377953489,0.06965986394557823,0.9784501791000366,0.06965986394557823,0.9838709677419355,0.06965986394557823,0.9860483017415569,0.06965986394557823,0.9005803626966379,0.06965986394557823,0.9005803626966379,0.06965986394557823,0.9551435112953186,0.06965986394557823,0.871594852737938,0.06965986394557823,0.871594852737938,0.06965986394557823,0.871594852737938,0.06965986394557823,0.9110169491525424,0.8354430379746836,0.8354430379746836,25,17
2026-10-06-dexter-gordon-go-chromatic-f8738e,sampled,own,own,12,0.8747270788611725,great,10,62.0,Dexter Gordon - Go Chromatic,2026-10-06,lick-practice,False,True,0.11014260501337626,0.019375,0.37042913070293704,0.16253968253968254,0.2637335637817462,0.18575963718820862,0.8206644939494304,0.18575963718820862,0.8206644939494304,0.18575963718820862,0.9033468961715698,0.18575963718820862,0.89453125,0.18575963718820862,0.8816053158949477,0.18575963718820862,0.7974306342896599,0.16253968253968254,0.7974306342896599,0.16253968253968254,0.8967222571372986,0.16253968253968254,0.6842633958074493,0.18575963718820862,0.6842633958074493,0.18575963718820862,0.6842633958074493,0.18575963718820862,0.7076271186440678,0.6623931623931624,0.6623931623931624,28,11
2026-10-06-dexter-gordon-go-chromatic-fc98cb,sampled,own,own,12,0.8831871161501665,great,10,64.0,Dexter Gordon - Go Chromatic,2026-10-06,lick-practice,False,True,0.07002256038875987,0.04710416666666667,0.5237369750988553,0.09287981859410431,0.4509232001032097,0.13931972789115646,0.8158181533492698,0.13931972789115646,0.8158181533492698,0.13931972789115646,0.8836268186569214,0.13931972789115646,0.8078602620087336,0.13931972789115646,0.8484988744188003,0.13931972789115646,0.8263477763078483,0.13931972789115646,0.8263477763078483,0.13931972789115646,0.9084555506706238,0.13931972789115646,0.6939547826086957,0.13931972789115646,0.6939547826086957,0.13931972789115646,0.6939547826086957,0.13931972789115646,0.7117903930131004,0.6769911504424779,0.6769911504424779,29,18
2026-10-06-dexter-gordon-go-chromatic-ff4a08,sampled,own,own,12,0.8876162230620628,great,10,62.0,Dexter Gordon - Go Chromatic,2026-10-06,lick-practice,False,True,0.0454956464785913,0.23025,0.4492158349510928,0.11609977324263039,0.4492158349510928,0.11609977324263039,0.8408123676649568,0.11609977324263039,0.8408123676649568,0.11609977324263039,0.8891346454620361,0.11609977324263039,0.8801652892561983,0.11609977324263039,0.8961366795931807,0.11609977324263039,0.8463889592036,0.11609977324263039,0.8463889592036,0.11609977324263039,0.8882365822792053,0.11609977324263039,0.7068381855111714,0.11609977324263039,0.7068381855111714,0.11609977324263039,0.7068381855111714,0.11609977324263039,0.7219917012448133,0.6923076923076923,0.6923076923076923,25,18
2026-10-06-do-nothing-till-you-hear-from-me-b4ed09,sampled,own,own,11,0.9720413679653683,perfect,11,63.0,Do Nothing Till You Hear From Me,2026-10-06,lick-practice,False,True,0.13193804068285087,0.14539583333333334,0.451422218101429,0.16253968253968254,0.195228049008521,0.09287981859410431,0.6872575481276993,0.09287981859410431,0.7969263058076513,0.09287981859410431,0.915665328502655,0.09287981859410431,0.9539748953974896,0.09287981859410431,0.9645450727349089,0.09287981859410431,0.6186386844092006,0.09287981859410431,0.7173576234106688,0.09287981859410431,0.8505679368972778,0.09287981859410431,0.7124581298680334,0.09287981859410431,0.7863346844238563,0.09287981859410431,0.7124581298680334,0.09287981859410431,0.7950819672131147,0.6453900709219859,0.7777777777777778,15,13
2026-10-06-do-nothing-till-you-hear-from-me-f88ef9,sampled,own,own,11,0.8179024069264069,good,8,63.0,Do Nothing Till You Hear From Me,2026-10-06,lick-practice,False,True,0.2005913554222935,0.03647916666666667,0.4602858889141853,0.11609977324263039,0.4602858889141853,0.11609977324263039,0.5960556711344158,0.11609977324263039,0.6638826957807459,0.11609977324263039,0.6734268665313721,0.11609977324263039,0.57421875,0.11609977324263039,0.5539787782789443,0.11609977324263039,0.5701794911438351,0.11609977324263039,0.6350619849636508,0.11609977324263039,0.6177017688751221,0.11609977324263039,0.5085888585647776,0.11609977324263039,0.5556919838624802,0.11609977324263039,0.5085888585647776,0.11609977324263039,0.5475285171102662,0.4748201438848921,0.5641025641025641,16,17
2026-10-06-eric-alexander-chord-tone-lick-089e1d,sampled,own,own,16,0.8060797067586304,good,16,59.0,Eric Alexander Chord Tone Lick,2026-10-06,lick-practice,False,True,0.05160206621550216,3.7871041666666665,0.3375128244184508,5.526349206349207,0.0,2.1362358276643993,0.44463441852066254,2.1362358276643993,0.44463441852066254,2.1362358276643993,0.7564265727996826,2.1362358276643993,0.5678571428571428,2.1362358276643993,0.5992360580595876,2.1362358276643993,0.3692795156990413,2.1362358276643993,0.3692795156990413,2.1362358276643993,0.720134973526001,2.1362358276643993,0.2926829268292683,2.1362358276643993,0.2926829268292683,2.1362358276643993,0.2926829268292683,2.1362358276643993,0.33962264150943394,0.2571428571428571,0.2571428571428571,36,21
2026-10-06-eric-alexander-chord-tone-lick-0a3730,sampled,own,own,16,0.9903351191106087,perfect,16,59.0,Eric Alexander Chord Tone Lick,2026-10-06,lick-practice,False,True,0.1019135229062167,1.7099375,0.5308062751884409,2.4613151927437644,0.35633140303098176,0.046439909297052155,0.9042704359750555,0.046439909297052155,0.9042704359750555,0.046439909297052155,0.9469859004020691,0.046439909297052155,0.9439252336448598,0.046439909297052155,0.961624404935393,0.046439909297052155,0.8632574896892589,0.046439909297052155,0.8632574896892589,0.046439909297052155,0.9179487824440002,0.046439909297052155,0.8878000979911808,0.046439909297052155,0.8878000979911808,0.046439909297052155,0.8878000979911808,0.046439909297052155,0.9207317073170732,0.8571428571428571,0.8571428571428571,20,28
2026-10-06-eric-alexander-chord-tone-lick-0f039e,sampled,own,own,16,0.9903745205341412,perfect,16,59.0,Eric Alexander Chord Tone Lick,2026-10-06,lick-practice,False,True,0.08925468573579551,0.0,0.5668622936538755,0.4179591836734694,0.2795003574467858,0.046439909297052155,0.9258790034988914,0.046439909297052155,0.9258790034988914,0.046439909297052155,0.9716492295265198,0.046439909297052155,0.9878419452887538,0.046439909297052155,0.9910533556488289,0.046439909297052155,0.8564386602321808,0.023219954648526078,0.8564386602321808,0.023219954648526078,0.904478132724762,0.023219954648526078,0.911378107983483,0.046439909297052155,0.911378107983483,0.046439909297052155,0.911378107983483,0.046439909297052155,0.9315476190476191,0.8920634920634921,0.8920634920634921,29,23
2026-10-06-eric-alexander-chord-tone-lick-2ed86f,sampled,own,own,16,0.8266254905517756,good,12,59.0,Eric Alexander Chord Tone Lick,2026-10-06,lick-practice,False,True,0.060006797860578796,0.013541666666666667,0.49608503270631676,1.4628571428571429,0.1970702999198633,0.13931972789115646,0.6729799903966863,0.13931972789115646,0.6729799903966863,0.13931972789115646,0.785693883895874,0.13931972789115646,0.7558139534883721,0.13931972789115646,0.7889912123574905,0.13931972789115646,0.6248043598042745,0.13931972789115646,0.6248043598042745,0.13931972789115646,0.7332103848457336,0.13931972789115646,0.5483492104919745,0.13931972789115646,0.5483492104919745,0.13931972789115646,0.5483492104919745,0.13931972789115646,0.5753012048192772,0.5238095238095238,0.5238095238095238,24,23
2026-10-06-eric-alexander-chord-tone-lick-366cde,sampled,own,own,16,0.9473149387755113,great,16,59.0,Eric Alexander Chord Tone Lick,2026-10-06,lick-practice,False,True,0.06924434362460578,2.933,0.4323540132378931,3.5062131519274375,0.2168707851029611,3.1114739229024946,0.7195572281308453,3.1114739229024946,0.7195572281308453,3.1114739229024946,0.9752852916717529,3.1114739229024946,0.9900662251655629,3.1114739229024946,0.9907712465463383,3.1114739229024946,0.6968956795133423,3.0882539682539685,0.6968956795133423,3.0882539682539685,0.9272406101226807,3.0882539682539685,0.6835483575807485,3.1114739229024946,0.6835483575807485,3.1114739229024946,0.6835483575807485,3.1114739229024946,0.735973597359736,0.638095238095238,0.638095238095238,24,25
2026-10-06-eric-alexander-chord-tone-lick-66cc88,sampled,own,own,16,0.8523110204396565,great,13,59.0,Eric Alexander Chord Tone Lick,2026-10-06,lick-practice,False,True,0.12122193603554478,7.298416666666666,0.4764582406659615,6.524807256235828,0.05833061272256081,0.9984580498866213,0.6573508906958982,0.9984580498866213,0.6573508906958982,0.9984580498866213,0.802765429019928,0.9984580498866213,0.703125,0.9984580498866213,0.744668140271223,0.9984580498866213,0.5787542019476832,0.9287981859410431,0.5787542019476832,0.9287981859410431,0.7069994211196899,0.9287981859410431,0.5321239606953893,0.9984580498866213,0.5321239606953893,0.9984580498866213,0.37099443766110435,0.9984580498866213,0.5587301587301587,0.5079365079365079,0.5079365079365079,29,27
2026-10-06-eric-alexander-chord-tone-lick-686d3e,sampled,own,own,16,0.9870164081632691,perfect,16,59.0,Eric Alexander Chord Tone Lick,2026-10-06,lick-practice,False,True,0.16221047437736488,6.060270833333333,0.45732322180567214,6.524807256235828,0.16728239530678699,0.046439909297052155,0.9064682983238288,0.046439909297052155,0.9064682983238288,0.046439909297052155,0.9538149237632751,0.046439909297052155,0.9545454545454546,0.046439909297052155,0.9726492313835097,0.046439909297052155,0.7768632676076106,0.046439909297052155,0.7768632676076106,0.046439909297052155,0.8285538554191589,0.046439909297052155,0.8665273012338387,0.046439909297052155,0.8665273012338387,0.046439909297052155,0.8665273012338387,0.046439909297052155,0.9006211180124224,0.834920634920635,0.834920634920635,33,23
2026-10-06-eric-alexander-chord-tone-lick-a09748,sampled,own,own,16,0.866423279415468,great,13,59.0,Eric Alexander Chord Tone Lick,2026-10-06,lick-practice,False,True,0.06350449362226376,0.38985416666666667,0.46449329961220986,3.4829931972789114,0.29078373611939146,0.046439909297052155,0.7864497564733028,0.046439909297052155,0.7864497564733028,0.046439909297052155,0.8421238660812378,0.046439909297052155,0.8108108108108109,0.046439909297052155,0.8306234321285887,0.046439909297052155,0.7144911853511903,0.046439909297052155,0.7144911853511903,0.046439909297052155,0.7874360084533691,0.046439909297052155,0.7239324334990923,0.046439909297052155,0.7239324334990923,0.046439909297052155,0.7239324334990923,0.046439909297052155,0.7477477477477478,0.7015873015873015,0.7015873015873015,33,25
2026-10-06-eric-alexander-chord-tone-lick-a289f0,sampled,own,own,16,0.9886232371819086,perfect,16,59.0,Eric Alexander Chord Tone Lick,2026-10-06,lick-practice,False,True,0.09113548119442054,3.23775,0.44040500558377305,4.504671201814059,0.10509229633407292,0.06965986394557823,0.8804261652432909,0.06965986394557823,0.8804261652432909,0.06965986394557823,0.9099719524383545,0.06965986394557823,0.9008746355685131,0.06965986394557823,0.9103368771615217,0.06965986394557823,0.8560631454197897,0.046439909297052155,0.8560631454197897,0.046439909297052155,0.8987315893173218,0.046439909297052155,0.8813066338516613,0.06965986394557823,0.8813066338516613,0.06965986394557823,0.8751642857526031,0.06965986394557823,0.8964497041420119,0.8666666666666667,0.8666666666666667,26,25
2026-10-06-eric-alexander-chord-tone-lick-ac704e,sampled,own,own,16,0.9900806883345887,perfect,16,59.0,Eric Alexander Chord Tone Lick,2026-10-06,lick-practice,False,True,0.1258607745311666,0.010333333333333333,0.5160363735622816,3.4829931972789114,0.32427797715006457,0.046439909297052155,0.9115355890620538,0.046439909297052155,0.9115355890620538,0.046439909297052155,0.9533371925354004,0.046439909297052155,0.9697885196374623,0.046439909297052155,0.9791058682887381,0.046439909297052155,0.8394686222226933,0.046439909297052155,0.8394686222226933,0.046439909297052155,0.887813150882721,0.046439909297052155,0.8907890600440114,0.046439909297052155,0.8907890600440114,0.046439909297052155,0.8907890600440114,0.046439909297052155,0.9058823529411765,0.8761904761904762,0.8761904761904762,27,27
2026-10-06-eric-alexander-chord-tone-lick-ad37de,sampled,own,own,16,0.9906305507999469,perfect,16,59.0,Eric Alexander Chord Tone Lick,2026-10-06,lick-practice,False,True,0.08525358854566036,0.05383333333333333,0.5309523366784596,4.504671201814059,0.25850390509706106,0.046439909297052155,0.9150017843854548,0.046439909297052155,0.9150017843854548,0.046439909297052155,0.9639911651611328,0.046439909297052155,0.9705882352941176,0.046439909297052155,0.9822780454232622,0.046439909297052155,0.8328413988153139,0.046439909297052155,0.8328413988153139,0.046439909297052155,0.8822306990623474,0.046439909297052155,0.8811905342766528,0.046439909297052155,0.8811905342766528,0.046439909297052155,0.8811905342766528,0.046439909297052155,0.9066265060240963,0.8571428571428571,0.8571428571428571,27,24
2026-10-06-eric-alexander-chord-tone-lick-e26f99,sampled,own,own,16,0.9661901295036515,perfect,16,59.0,Eric Alexander Chord Tone Lick,2026-10-06,lick-practice,False,True,0.07856374559908182,0.1696875,0.5102837949426974,2.4613151927437644,0.08601620559466455,0.16253968253968254,0.72332695629824,0.16253968253968254,0.72332695629824,0.16253968253968254,0.9073626399040222,0.16253968253968254,0.8611111111111112,0.16253968253968254,0.8895820336868372,0.16253968253968254,0.7169907566881973,0.11609977324263039,0.7169907566881973,0.11609977324263039,0.8897310495376587,0.11609977324263039,0.6701327369368847,0.16253968253968254,0.6701327369368847,0.16253968253968254,0.6545040926020921,0.16253968253968254,0.6871165644171779,0.653968253968254,0.653968253968254,31,24
2026-10-06-fats-navarro-wail-02c61b,sampled,own,own,16,0.7252035873015836,good,10,56.0,Fats Navarro - Wail,2026-10-06,lick-practice,False,True,0.05837108708176164,0.42272916666666666,0.5562158550276828,7.9412244897959186,0.14668673956571004,0.13931972789115646,0.47325452475571167,0.13931972789115646,0.5168304231807558,0.13931972789115646,0.678134560585022,0.13931972789115646,0.6116751269035533,0.13931972789115646,0.6369549441393336,0.13931972789115646,0.40231786089602345,0.18575963718820862,0.4393621178950149,0.18575963718820862,0.6028221249580383,0.18575963718820862,0.34317651565274926,0.13931972789115646,0.36448701827058216,0.13931972789115646,0.34317651565274926,0.13931972789115646,0.37628865979381443,0.31542056074766356,0.35340314136125656,36,24
2026-10-06-fats-navarro-wail-056331,sampled,own,own,16,0.9528124212648024,perfect,15,50.0,Fats Navarro - Wail,2026-10-06,lick-practice,False,True,0.20905053572220636,0.1188125,0.484623228738817,11.331337868480725,0.14143939412249126,0.16253968253968254,0.8570077853244648,0.16253968253968254,0.9113702194681809,0.16253968253968254,0.9362862706184387,0.16253968253968254,0.9246861924686193,0.16253968253968254,0.9344068219041514,0.16253968253968254,0.8479618574051481,0.16253968253968254,0.9017504826883105,0.16253968253968254,0.9286772012710571,0.16253968253968254,0.8652859420464171,0.16253968253968254,0.9010103130948401,0.16253968253968254,0.8652859420464171,0.16253968253968254,0.9164882226980728,0.8195020746887967,0.8860465116279069,30,24
2026-10-06-fats-navarro-wail-08be9b,sampled,own,own,16,0.9875775888132989,perfect,16,55.0,Fats Navarro - Wail,2026-10-06,lick-practice,False,True,0.04316806856886649,0.03635416666666667,0.5199240755756936,8.103764172335602,0.37453265330794194,0.11609977324263039,0.7557930840488566,0.11609977324263039,0.8242122474469636,0.11609977324263039,0.8773737549781799,0.11609977324263039,0.9298701298701298,0.11609977324263039,0.9283472089531868,0.11609977324263039,0.7749312116573907,0.11609977324263039,0.845082879239007,0.11609977324263039,0.9010351300239563,0.11609977324263039,0.834931601492331,0.11609977324263039,0.8873746200049931,0.11609977324263039,0.834931601492331,0.11609977324263039,0.9215189873417722,0.7632183908045977,0.8556701030927835,29,24
2026-10-06-fats-navarro-wail-0b2469,sampled,own,own,16,0.9874651433610411,perfect,16,61.0,Fats Navarro - Wail,2026-10-06,lick-practice,False,True,0.07430368186716274,0.3058125,0.46286695108427384,6.362267573696145,0.216588342861428,0.2089795918367347,0.8358893865225916,0.2089795918367347,0.9140098899359179,0.2089795918367347,0.9626429677009583,0.2089795918367347,0.9681697612732095,0.2089795918367347,0.973342806256022,0.2089795918367347,0.8142787247695203,0.2089795918367347,0.890379540168541,0.2089795918367347,0.9369523525238037,0.2089795918367347,0.8353126616852566,0.2089795918367347,0.8868572109897971,0.2089795918367347,0.8353126616852566,0.2089795918367347,0.8986666666666666,0.7803030303030303,0.8753541076487252,38,23
2026-10-06-fats-navarro-wail-107cd9,sampled,own,own,16,0.592393082640463,fair,6,52.0,Fats Navarro - Wail,2026-10-06,lick-practice,False,True,0.04801694154284236,1.1502083333333333,0.3947563776238946,5.131609977324263,0.18490799982738015,0.16253968253968254,0.39340272461519626,0.16253968253968254,0.42605670570973825,0.16253968253968254,0.611445963382721,0.16253968253968254,0.5761124121779859,0.16253968253968254,0.5371694312092571,0.16253968253968254,0.36593805434714227,0.23219954648526078,0.3986760512569264,0.23219954648526078,0.6201706528663635,0.23219954648526078,0.26667427397729215,0.16253968253968254,0.2832383953460187,0.16253968253968254,0.26667427397729215,0.16253968253968254,0.29009433962264153,0.24675324675324675,0.2766990291262136,39,25
2026-10-06-fats-navarro-wail-1b346f,sampled,own,own,16,0.8656847959183677,great,16,54.0,Fats Navarro - Wail,2026-10-06,lick-practice,False,True,0.03604670956399666,0.4880833333333333,0.5716985788870873,8.266303854875284,0.0013881369467707472,0.23219954648526078,0.5730288519778035,0.23219954648526078,0.5785071392816066,0.23219954648526078,0.8708734512329102,0.23219954648526078,0.8654708520179372,0.23219954648526078,0.9051844340220561,0.23219954648526078,0.5008665772514757,0.2089795918367347,0.5046899862381281,0.2089795918367347,0.7620465755462646,0.2089795918367347,0.44968921718764077,0.23219954648526078,0.423318147051977,0.23219954648526078,0.44968921718764077,0.23219954648526078,0.46952595936794583,0.4314606741573034,0.3853904282115869,37,23
2026-10-06-fats-navarro-wail-1cce75,sampled,own,own,16,0.98746569412951,perfect,16,58.0,Fats Navarro - Wail,2026-10-06,lick-practice,False,True,0.04596924291985431,0.012145833333333333,0.48898774642482734,9.775600907029478,0.2705899219214565,0.13931972789115646,0.8239103842042084,0.13931972789115646,0.8850740371800666,0.13931972789115646,0.9210982918739319,0.13931972789115646,0.9432989690721649,0.13931972789115646,0.9421025143624562,0.13931972789115646,0.8427444520762296,0.13931972789115646,0.9053062672958624,0.13931972789115646,0.9381312131881714,0.13931972789115646,0.8703750331986989,0.13931972789115646,0.9124537607891493,0.13931972789115646,0.8703750331986989,0.13931972789115646,0.9226932668329177,0.8236714975845411,0.9024390243902439,30,26
2026-10-06-fats-navarro-wail-24af3e,sampled,own,own,16,0.15438649533887458,try-again,0,50.0,Fats Navarro - Wail,2026-10-06,lick-practice,False,True,0.02589624133704634,6.2665625,0.6767331830607596,11.3081179138322,0.0,6.246167800453515,0.2477726075250829,6.246167800453515,0.27109238235097305,6.246167800453515,0.41948753595352173,6.246167800453515,0.3219178082191781,6.246167800453515,0.20207270510475825,6.246167800453515,0.1841143392941408,3.7616326530612247,0.20104439348210776,3.7616326530612247,0.3006199598312378,3.7616326530612247,0.23950233281493,6.246167800453515,0.26057529610829105,6.246167800453515,0.0,6.246167800453515,0.4782608695652174,0.15975103734439833,0.17906976744186046,31,24
2026-10-06-fats-navarro-wail-29dea6,sampled,own,own,16,0.5215863567649272,try-again,4,50.0,Fats Navarro - Wail,2026-10-06,lick-practice,False,True,0.02557211933974484,2.278875,0.46279197702996994,11.354557823129252,0.086533288875984,2.345215419501134,0.37971296685241296,2.345215419501134,0.4045540020670568,2.345215419501134,0.5075225234031677,2.345215419501134,0.40611353711790393,2.345215419501134,0.4005873715124817,2.345215419501134,0.328831974680029,2.1130158730158732,0.34391601021581014,2.1130158730158732,0.4307289719581604,2.1130158730158732,0.21437131063867562,2.345215419501134,0.2136116243071853,2.345215419501134,0.21241982298348083,2.345215419501134,0.21100917431192662,0.21784232365145229,0.21627906976744185,37,22
2026-10-06-fats-navarro-wail-2e0ca1,sampled,own,own,16,0.6430684681279932,fair,7,50.0,Fats Navarro - Wail,2026-10-06,lick-practice,False,True,0.040514068337169175,3.0517083333333335,0.39778897042713696,8.93968253968254,0.0,0.11609977324263039,0.3607454893032187,0.11609977324263039,0.3607454893032187,0.11609977324263039,0.4869388937950134,0.11609977324263039,0.37916666666666665,0.11609977324263039,0.39462865362115046,0.11609977324263039,0.28654135913800516,5.526349206349207,0.3122917298444798,5.526349206349207,0.449509859085083,5.526349206349207,0.25800468135847726,0.11609977324263039,0.2723924091947592,0.11609977324263039,0.25800468135847726,0.11609977324263039,0.25274725274725274,0.26348547717842324,0.29534883720930233,43,22
2026-10-06-fats-navarro-wail-304f2e,sampled,own,own,16,0.9514468379944604,perfect,15,50.0,Fats Navarro - Wail,2026-10-06,lick-practice,False,True,0.07047424559049449,0.028645833333333332,0.4420270209877004,5.340589569160998,0.1995012185304096,0.11609977324263039,0.8214549274036759,0.11609977324263039,0.895275924703815,0.11609977324263039,0.9368614554405212,0.11609977324263039,0.9323144104803494,0.11609977324263039,0.941220414798077,0.11609977324263039,0.7923641351247697,0.09287981859410431,0.8619228187425929,0.09287981859410431,0.9091464281082153,0.09287981859410431,0.8388612192522674,0.11609977324263039,0.8887592522533189,0.11609977324263039,0.8388612192522674,0.11609977324263039,0.8962472406181016,0.7883817427385892,0.8813953488372093,39,24
2026-10-06-fats-navarro-wail-388530,sampled,own,own,16,0.9569900595238028,perfect,16,63.0,Fats Navarro - Wail,2026-10-06,lick-practice,False,True,0.045378148033542696,0.19014583333333332,0.4412176002671463,8.986122448979591,0.0292555023603215,0.18575963718820862,0.7481808688179774,0.18575963718820862,0.7992332104549689,0.18575963718820862,0.9133157730102539,0.18575963718820862,0.9014084507042254,0.18575963718820862,0.9335455925363741,0.18575963718820862,0.5986586537249058,0.18575963718820862,0.6395083030378994,0.18575963718820862,0.7741462588310242,0.18575963718820862,0.6900045679166148,0.18575963718820862,0.7165936411639143,0.18575963718820862,0.5530200126777144,0.18575963718820862,0.7362637362637363,0.6492146596858639,0.6979472140762464,41,21
2026-10-06-fats-navarro-wail-3c5b7f,sampled,own,own,16,0.9849301929957122,perfect,16,58.0,Fats Navarro - Wail,2026-10-06,lick-practice,False,True,0.06410209503700327,0.09391666666666666,0.5308272297513895,2.5541950113378684,0.2358475707410841,0.11609977324263039,0.8589137548777631,0.11609977324263039,0.9107447573272832,0.11609977324263039,0.9540603160858154,0.11609977324263039,0.9799498746867168,0.11609977324263039,0.9786094700387067,0.11609977324263039,0.7357174579425132,0.11609977324263039,0.7801142010942166,0.11609977324263039,0.8192983865737915,0.11609977324263039,0.8435037939355177,0.11609977324263039,0.8771786192238054,0.11609977324263039,0.8435037939355177,0.11609977324263039,0.9081632653061225,0.7874396135265701,0.8482384823848238,34,25
2026-10-06-fats-navarro-wail-3db3e5,sampled,own,own,16,0.9835075459813557,perfect,16,55.0,Fats Navarro - Wail,2026-10-06,lick-practice,False,True,0.044335646805691485,0.019458333333333334,0.5541240193783866,9.195102040816327,0.18333807303260097,0.06965986394557823,0.7596765722230825,0.06965986394557823,0.8284472934980142,0.06965986394557823,0.9135937094688416,0.06965986394557823,0.9222797927461139,0.06965986394557823,0.9318194126035706,0.06965986394557823,0.6759017188997372,0.06965986394557823,0.7370886113475028,0.06965986394557823,0.8002227544784546,0.06965986394557823,0.7883259194965824,0.06965986394557823,0.8375856874980787,0.06965986394557823,0.6874751491053679,0.06965986394557823,0.865,0.7241379310344828,0.8118556701030928,31,24
2026-10-06-fats-navarro-wail-3e6ec4,sampled,own,own,16,0.98728077752583,perfect,16,61.0,Fats Navarro - Wail,2026-10-06,lick-practice,False,True,0.05461692705062816,0.32585416666666667,0.5346871573902908,6.315827664399093,0.1773773322328874,0.13931972789115646,0.8359566463364495,0.13931972789115646,0.9140834357136878,0.13931972789115646,0.9604420065879822,0.13931972789115646,0.9865591397849462,0.13931972789115646,0.9897065512269236,0.13931972789115646,0.7435921169698048,0.13931972789115646,0.8130867073408146,0.13931972789115646,0.8599255681037903,0.13931972789115646,0.8194657137995576,0.13931972789115646,0.8704138803542381,0.13931972789115646,0.7807939745802605,0.13931972789115646,0.8888888888888888,0.76010101010101,0.8526912181303116,35,22
2026-10-06-fats-navarro-wail-401d61,sampled,own,own,16,0.971046109347439,perfect,16,62.0,Fats Navarro - Wail,2026-10-06,lick-practice,False,True,0.07991182963773759,0.114,0.4994604394230654,9.148662131519275,0.13121772560963157,0.25541950113378686,0.7548444517280745,0.25541950113378686,0.8208710349761567,0.25541950113378686,0.9188867807388306,0.25541950113378686,0.95,0.25541950113378686,0.9424097155640779,0.25541950113378686,0.7780730359473914,0.2786394557823129,0.8481364846819905,0.2786394557823129,0.9462762475013733,0.2786394557823129,0.7773229509710381,0.25541950113378686,0.819886022795441,0.25541950113378686,0.7773229509710381,0.25541950113378686,0.8213333333333334,0.7377892030848329,0.8184438040345822,34,22
2026-10-06-fats-navarro-wail-41d1d3,sampled,own,own,16,0.9695552562358267,perfect,16,52.0,Fats Navarro - Wail,2026-10-06,lick-practice,False,True,0.05222872700814045,0.27827083333333336,0.5509101792283746,8.591383219954649,0.14464042716373032,0.18575963718820862,0.7101982735287752,0.18575963718820862,0.775276202975635,0.18575963718820862,0.9082021713256836,0.18575963718820862,0.9292682926829269,0.18575963718820862,0.9486606666808847,0.18575963718820862,0.6135780023178086,0.2089795918367347,0.6698022814146596,0.2089795918367347,0.7999614477157593,0.2089795918367347,0.7030827474310438,0.18575963718820862,0.7468402910762161,0.18575963718820862,0.612624529783804,0.18575963718820862,0.7665094339622641,0.6493506493506493,0.7281553398058253,35,24
2026-10-06-fats-navarro-wail-43204c,sampled,own,own,16,0.9893994149659877,perfect,16,51.0,Fats Navarro - Wail,2026-10-06,lick-practice,False,True,0.044461750438349545,0.1220625,0.5469951973500762,9.93814058956916,0.2846658464954975,0.09287981859410431,0.8084790650122068,0.09287981859410431,0.8826949166832492,0.09287981859410431,0.9146841168403625,0.09287981859410431,0.9641255605381166,0.09287981859410431,0.9568060168278429,0.09287981859410431,0.8172900003309433,0.09287981859410431,0.8923146683300729,0.09287981859410431,0.926235556602478,0.09287981859410431,0.8626731020045357,0.09287981859410431,0.9158303201340506,0.09287981859410431,0.8626731020045357,0.09287981859410431,0.9319727891156463,0.8029661016949152,0.9002375296912114,30,25
2026-10-06-fats-navarro-wail-48b97f,sampled,own,own,16,0.9827698903061212,perfect,16,57.0,Fats Navarro - Wail,2026-10-06,lick-practice,False,True,0.04556049331427667,0.1134375,0.4831168391837389,7.848344671201814,0.2610962286455125,0.13931972789115646,0.8717534274993066,0.13931972789115646,0.9214102683062292,0.13931972789115646,0.9685490131378174,0.13931972789115646,0.9904534606205251,0.13931972789115646,0.9929930305009261,0.13931972789115646,0.7324158898712751,0.16253968253968254,0.7757724330349024,0.16253968253968254,0.816310703754425,0.16253968253968254,0.8529473365758303,0.13931972789115646,0.8835430456421374,0.13931972789115646,0.8529473365758303,0.13931972789115646,0.8926014319809069,0.8166666666666667,0.8746666666666667,36,24
2026-10-06-fats-navarro-wail-48d5e4,sampled,own,own,16,0.9894167319224004,perfect,16,52.0,Fats Navarro - Wail,2026-10-06,lick-practice,False,True,0.04869793320433471,0.01425,0.5272419189697443,10.890158730158731,0.23498620402850276,0.06965986394557823,0.8334516399152523,0.06965986394557823,0.9098237025369686,0.06965986394557823,0.9540238976478577,0.06965986394557823,0.9699074074074074,0.06965986394557823,0.9776745071526027,0.06965986394557823,0.7975075200920666,0.046439909297052155,0.8705858984271962,0.046439909297052155,0.9183881878852844,0.046439909297052155,0.8091072153783673,0.06965986394557823,0.8565772737858512,0.06965986394557823,0.8091072153783673,0.06965986394557823,0.8291139240506329,0.79004329004329,0.8859223300970874,36,25
2026-10-06-fats-navarro-wail-49d424,sampled,own,own,16,0.6783396321491562,fair,8,50.0,Fats Navarro - Wail,2026-10-06,lick-practice,False,True,0.07694474196911767,3.578375,0.4636898123434725,5.340589569160998,0.08602108752049333,0.09287981859410431,0.443189298877852,0.09287981859410431,0.48301701789746776,0.09287981859410431,0.5968272089958191,0.09287981859410431,0.5339366515837104,0.09287981859410431,0.519124758435822,0.09287981859410431,0.3830895728725744,0.09287981859410431,0.4175163604920983,0.09287981859410431,0.5137833952903748,0.09287981859410431,0.3231415567744194,0.09287981859410431,0.3434631605060779,0.09287981859410431,0.283828163874606,0.09287981859410431,0.3577981651376147,0.2946058091286307,0.3302325581395349,36,22
2026-10-06-fats-navarro-wail-4c7d0c,sampled,own,own,16,0.7844315389581762,good,12,55.0,Fats Navarro - Wail,2026-10-06,lick-practice,False,True,0.03828461259446185,0.0014583333333333334,0.390031037061682,10.309659863945578,0.04586887154656746,0.2089795918367347,0.5806793972677246,0.2089795918367347,0.5806793972677246,0.2089795918367347,0.692438542842865,0.2089795918367347,0.6895734597156398,0.2089795918367347,0.703207381370826,0.2089795918367347,0.5820934846111785,0.2089795918367347,0.5820934846111785,0.2089795918367347,0.6998910903930664,0.2089795918367347,0.49937779788936115,0.2089795918367347,0.4679784098304176,0.2089795918367347,0.49937779788936115,0.2089795918367347,0.528169014084507,0.4735632183908046,0.42010309278350516,43,24
2026-10-06-fats-navarro-wail-4eca66,sampled,own,own,16,0.643538989669942,fair,8,50.0,Fats Navarro - Wail,2026-10-06,lick-practice,False,True,0.03442490463582086,0.7605,0.4463742859146068,12.538775510204083,0.0,0.11609977324263039,0.4510722853733521,0.11609977324263039,0.47968507959479606,0.11609977324263039,0.6385949850082397,0.11609977324263039,0.5531914893617021,0.11609977324263039,0.46776266229450086,0.11609977324263039,0.3696561889510536,0.16253968253968254,0.39457683090281004,0.16253968253968254,0.5562319755554199,0.16253968253968254,0.30424504407145997,0.11609977324263039,0.32462525223407324,0.11609977324263039,0.25388190878275524,0.11609977324263039,0.3638676844783715,0.26141078838174275,0.2930232558139535,35,22
2026-10-06-fats-navarro-wail-53d686,sampled,own,own,16,0.9826734744268095,perfect,16,56.0,Fats Navarro - Wail,2026-10-06,lick-practice,False,True,0.028101538188308267,0.008916666666666666,0.5068057642769337,10.12390022675737,0.22613917865280847,0.13931972789115646,0.8128333282821318,0.13931972789115646,0.8708928517308556,0.13931972789115646,0.9154840111732483,0.13931972789115646,0.9445843828715366,0.13931972789115646,0.9458005573388832,0.13931972789115646,0.815424768151898,0.13931972789115646,0.8736693944484621,0.13931972789115646,0.9209237694740295,0.13931972789115646,0.8456164873940984,0.13931972789115646,0.8850564598914796,0.13931972789115646,0.8456164873940984,0.13931972789115646,0.913151364764268,0.7873831775700935,0.8586387434554974,27,26
2026-10-06-fats-navarro-wail-5742ea,sampled,own,own,16,0.9874333333333236,perfect,16,60.0,Fats Navarro - Wail,2026-10-06,lick-practice,False,True,0.09920103925964431,0.04547916666666667,0.42869405567587004,6.455147392290249,0.38848348105514563,0.18575963718820862,0.8856344911418542,0.18575963718820862,0.9326593313794748,0.18575963718820862,0.9673559069633484,0.18575963718820862,0.9925187032418953,0.18575963718820862,0.992746418801659,0.18575963718820862,0.863686221557818,0.18575963718820862,0.9095456669502685,0.18575963718820862,0.9440765976905823,0.18575963718820862,0.8784634222741122,0.18575963718820862,0.9080742079490863,0.18575963718820862,0.8784634222741122,0.18575963718820862,0.9191919191919192,0.8411910669975186,0.8972222222222223,34,22
2026-10-06-fats-navarro-wail-5ae668,sampled,own,own,16,0.9800277147896199,perfect,16,50.0,Fats Navarro - Wail,2026-10-06,lick-practice,False,True,0.05544042196424799,0.3123125,0.5551778356248648,11.331337868480725,0.13795145384821247,0.11609977324263039,0.8072182825782843,0.11609977324263039,0.8797598873224131,0.11609977324263039,0.9350535869598389,0.11609977324263039,0.9601873536299765,0.11609977324263039,0.9680526685545842,0.11609977324263039,0.6793775359397395,0.11609977324263039,0.7404305841025841,0.11609977324263039,0.7893418073654175,0.11609977324263039,0.8093737793073167,0.11609977324263039,0.8591819995096719,0.11609977324263039,0.7679177192349332,0.11609977324263039,0.8747203579418344,0.7531120331950207,0.8441860465116279,41,22
2026-10-06-fats-navarro-wail-603ec6,sampled,own,own,16,0.7609087346938728,good,10,54.0,Fats Navarro - Wail,2026-10-06,lick-practice,False,True,0.04866688529146784,0.35010416666666666,0.46408933791664586,9.380861678004536,0.05421592689912782,0.13931972789115646,0.5493371271824633,0.13931972789115646,0.5992768660172327,0.13931972789115646,0.6729525923728943,0.13931972789115646,0.5657276995305164,0.13931972789115646,0.5403186955716138,0.13931972789115646,0.37008255623478553,0.16253968253968254,0.40372642498340244,0.16253968253968254,0.45570576190948486,0.16253968253968254,0.4594740164594277,0.13931972789115646,0.48810439340712075,0.13931972789115646,0.0,0.13931972789115646,0.5035799522673031,0.42247191011235957,0.473551637279597,41,24
2026-10-06-fats-navarro-wail-6193df,sampled,own,own,16,0.877630070546734,great,14,50.0,Fats Navarro - Wail,2026-10-06,lick-practice,False,True,0.037288896097111626,3.494854166666667,0.43099257367023713,7.732244897959184,0.037410383053846426,0.2089795918367347,0.5941357581631134,0.2089795918367347,0.5941357581631134,0.2089795918367347,0.7232402563095093,0.2089795918367347,0.6438631790744467,0.2089795918367347,0.6981671968792659,0.2089795918367347,0.4611870561089171,0.23219954648526078,0.4611870561089171,0.23219954648526078,0.5935317873954773,0.23219954648526078,0.5158903236872412,0.2089795918367347,0.5303601507981069,0.2089795918367347,0.4624172140182744,0.2089795918367347,0.5304878048780488,0.5020746887966805,0.5302325581395348,43,22
2026-10-06-fats-navarro-wail-650af6,sampled,own,own,16,0.8545773494583069,great,13,50.0,Fats Navarro - Wail,2026-10-06,lick-practice,False,True,0.043011596103756995,7.78125,0.47534854266598103,5.340589569160998,0.2873863729685331,0.09287981859410431,0.5735182888283018,0.09287981859410431,0.5890187831209587,0.09287981859410431,0.7400297522544861,0.09287981859410431,0.6043956043956044,0.09287981859410431,0.6557186503719447,0.09287981859410431,0.5204415851599422,0.09287981859410431,0.5345075739480488,0.09287981859410431,0.663987398147583,0.09287981859410431,0.4440199284775499,0.09287981859410431,0.47136506700412084,0.09287981859410431,0.4440199284775499,0.09287981859410431,0.48026315789473684,0.41286307053941906,0.4627906976744186,30,22
2026-10-06-fats-navarro-wail-68273c,sampled,own,own,16,0.900440079365074,great,15,60.0,Fats Navarro - Wail,2026-10-06,lick-practice,False,True,0.039157489440717695,0.28275,0.5470034643235473,6.455147392290249,0.2763689995097797,0.16253968253968254,0.7098752661302936,0.16253968253968254,0.7714626179863465,0.16253968253968254,0.8930472731590271,0.16253968253968254,0.9186351706036745,0.16253968253968254,0.8930505741039405,0.16253968253968254,0.712204923985346,0.16253968253968254,0.7739943922763121,0.16253968253968254,0.9272297024726868,0.16253968253968254,0.7225676847920376,0.16253968253968254,0.763617627329555,0.16253968253968254,0.7225676847920376,0.16253968253968254,0.7807486631016043,0.6724565756823822,0.7472222222222222,30,22
2026-10-06-fats-navarro-wail-6bb777,sampled,own,own,16,0.9853635338876259,perfect,16,62.0,Fats Navarro - Wail,2026-10-06,lick-practice,False,True,0.05488878575650116,0.3258125,0.5445229747291026,9.148662131519275,0.14860611857234654,0.13931972789115646,0.8631622607293337,0.13931972789115646,0.9191079628136423,0.13931972789115646,0.9640241861343384,0.13931972789115646,0.983957219251337,0.13931972789115646,0.9835243129658208,0.13931972789115646,0.7314442596438786,0.13931972789115646,0.7788526838800559,0.13931972789115646,0.8212127089500427,0.13931972789115646,0.8403597960019962,0.13931972789115646,0.8749687980346045,0.13931972789115646,0.8403597960019962,0.13931972789115646,0.8856382978723404,0.7994858611825193,0.8645533141210374,40,23
2026-10-06-fats-navarro-wail-7c6464,sampled,own,own,16,0.7168332703451754,good,9,50.0,Fats Navarro - Wail,2026-10-06,lick-practice,False,True,0.041631149970818314,4.1231875,0.49705590343002887,8.962902494331066,0.04084195468170347,0.18575963718820862,0.5036346023608195,0.18575963718820862,0.506299335706644,0.18575963718820862,0.7263773679733276,0.18575963718820862,0.6407766990291263,0.18575963718820862,0.6946791125391242,0.18575963718820862,0.3980514293626408,0.2089795918367347,0.40015752158149076,0.2089795918367347,0.6338980197906494,0.2089795918367347,0.4265304235250601,0.18575963718820862,0.4445845579474144,0.18575963718820862,0.35928616897513,0.18575963718820862,0.42775665399239543,0.42531120331950206,0.4627906976744186,41,22
2026-10-06-fats-navarro-wail-7e5c0a,sampled,own,own,16,0.9871586267006778,perfect,16,57.0,Fats Navarro - Wail,2026-10-06,lick-practice,False,True,0.04851039463115911,0.0421875,0.47090429318638405,8.870022675736962,0.38884622054705736,0.11609977324263039,0.8639769323185057,0.11609977324263039,0.9348864861589014,0.11609977324263039,0.9728756546974182,0.11609977324263039,0.9853300733496333,0.11609977324263039,0.9904115237650163,0.11609977324263039,0.8344686730298215,0.11609977324263039,0.9029563826953361,0.11609977324263039,0.9440294504165649,0.11609977324263039,0.8787878787878788,0.11609977324263039,0.9263196991503784,0.11609977324263039,0.8787878787878788,0.11609977324263039,0.9354838709677419,0.8285714285714286,0.9173333333333333,34,24
2026-10-06-fats-navarro-wail-83e243,sampled,own,own,16,0.9904938271604908,perfect,16,50.0,Fats Navarro - Wail,2026-10-06,lick-practice,False,True,0.0439596038747362,0.020291666666666666,0.5429973159424364,7.732244897959184,0.24413118947234969,0.09287981859410431,0.825553094007467,0.09287981859410431,0.8963147877795355,0.09287981859410431,0.9304004311561584,0.09287981859410431,0.9685393258426966,0.09287981859410431,0.9692990067121549,0.09287981859410431,0.6886950442240688,0.09287981859410431,0.7477260480147032,0.09287981859410431,0.7691640257835388,0.09287981859410431,0.8495709701390763,0.09287981859410431,0.9002475797963027,0.09287981859410431,0.6787953913167617,0.09287981859410431,0.9356321839080459,0.7780082987551867,0.8674418604651163,35,22
2026-10-06-fats-navarro-wail-89392a,sampled,own,own,16,0.9821805555555578,perfect,16,60.0,Fats Navarro - Wail,2026-10-06,lick-practice,False,True,0.06545430211993772,0.36291666666666667,0.513829779835416,8.452063492063493,0.12306584179480791,0.11609977324263039,0.7950326123533129,0.11609977324263039,0.8679713841288461,0.11609977324263039,0.9420986175537109,0.11609977324263039,0.9888579387186629,0.11609977324263039,0.9790015063626207,0.11609977324263039,0.6793920984922149,0.11609977324263039,0.7417216488126016,0.11609977324263039,0.8102594017982483,0.11609977324263039,0.7853172522286315,0.11609977324263039,0.8342245989304813,0.11609977324263039,0.7853172522286315,0.11609977324263039,0.8715083798882681,0.7146401985111662,0.8,30,26
2026-10-06-fats-navarro-wail-8da30f,sampled,own,own,16,0.9443980158730172,great,15,60.0,Fats Navarro - Wail,2026-10-06,lick-practice,False,True,0.07330982525887692,0.0053125,0.5022996141334456,8.452063492063493,0.39185681039659537,0.16253968253968254,0.8150498880026471,0.16253968253968254,0.8898251070854587,0.16253968253968254,0.9467877149581909,0.16253968253968254,0.9361702127659575,0.16253968253968254,0.9558958251537757,0.16253968253968254,0.7885041905473135,0.16253968253968254,0.8608440245424799,0.16253968253968254,0.9265056848526001,0.16253968253968254,0.7752238355159542,0.16253968253968254,0.8230201194708103,0.16253968253968254,0.7752238355159542,0.16253968253968254,0.8505434782608695,0.7121588089330024,0.7972222222222223,37,22
2026-10-06-fats-navarro-wail-993f67,sampled,own,own,16,0.9470969939531378,great,16,52.0,Fats Navarro - Wail,2026-10-06,lick-practice,False,True,0.042523597280625214,0.40770833333333334,0.48934149415523437,10.866938775510205,0.011434326837962099,0.09287981859410431,0.6748344112513927,0.09287981859410431,0.7236971768410239,0.09287981859410431,0.8547786474227905,0.09287981859410431,0.8773148148148148,0.09287981859410431,0.8949948159737307,0.09287981859410431,0.5944547370623416,0.09287981859410431,0.6374974479650943,0.09287981859410431,0.7915642261505127,0.09287981859410431,0.6188426194221375,0.09287981859410431,0.6450132191458648,0.09287981859410431,0.6188426194221375,0.09287981859410431,0.6443965517241379,0.5952380952380952,0.6456310679611651,47,24
2026-10-06-fats-navarro-wail-9d88ba,sampled,own,own,16,0.6528492693373644,fair,7,50.0,Fats Navarro - Wail,2026-10-06,lick-practice,False,True,0.1123147160323174,0.03239583333333333,0.47227078202570894,8.93968253968254,0.22426513094541017,0.2089795918367347,0.40236936919391153,0.2089795918367347,0.40236936919391153,0.2089795918367347,0.5256483554840088,0.2089795918367347,0.532,0.2089795918367347,0.5479426129870508,0.2089795918367347,0.33411108275646706,0.18575963718820862,0.33411108275646706,0.18575963718820862,0.48267662525177,0.18575963718820862,0.33985527552046413,0.2089795918367347,0.35860509609531266,0.2089795918367347,0.33985527552046413,0.2089795918367347,0.32972972972972975,0.3506224066390041,0.3930232558139535,34,22
2026-10-06-fats-navarro-wail-a08912,sampled,own,own,16,0.9876527462836996,perfect,16,50.0,Fats Navarro - Wail,2026-10-06,lick-practice,False,True,0.08718773216478598,0.006541666666666667,0.4967511461616771,7.732244897959184,0.35159958602278724,0.06965986394557823,0.8280104893864246,0.06965986394557823,0.9041493849621879,0.06965986394557823,0.940908670425415,0.06965986394557823,0.963963963963964,0.06965986394557823,0.9757986627043091,0.06965986394557823,0.803037783608102,0.09287981859410431,0.8768803384226401,0.09287981859410431,0.922631025314331,0.09287981859410431,0.8521478603256376,0.06965986394557823,0.9050562660661862,0.06965986394557823,0.8521478603256376,0.06965986394557823,0.9300225733634312,0.7863070539419087,0.8813953488372093,39,24
2026-10-06-fats-navarro-wail-a3d8e3,sampled,own,own,16,0.9339169186192942,great,15,50.0,Fats Navarro - Wail,2026-10-06,lick-practice,False,True,0.0413111413331881,0.023958333333333335,0.4239459858475848,1.7647165532879818,0.10971566509553632,0.11609977324263039,0.7463021545229773,0.11609977324263039,0.7834111014329597,0.11609977324263039,0.8585999011993408,0.11609977324263039,0.8004694835680751,0.11609977324263039,0.8447478358479246,0.11609977324263039,0.6485323437898044,0.11609977324263039,0.6807798083981372,0.11609977324263039,0.7303851842880249,0.11609977324263039,0.7054315239199177,0.11609977324263039,0.7239524297871576,0.11609977324263039,0.5515695067264573,0.11609977324263039,0.7662921348314606,0.6535269709543569,0.686046511627907,38,22
2026-10-06-fats-navarro-wail-a8ae29,sampled,own,own,16,0.5033264046359291,try-again,3,50.0,Fats Navarro - Wail,2026-10-06,lick-practice,False,True,0.05056346792718793,9.329979166666666,0.4722638346177599,5.294149659863946,0.0707948846737997,0.06965986394557823,0.36370310991218213,0.06965986394557823,0.36370310991218213,0.06965986394557823,0.4883164167404175,0.06965986394557823,0.325,0.06965986394557823,0.37505660133255714,0.06965986394557823,0.3255554169816733,0.09287981859410431,0.3255554169816733,0.09287981859410431,0.485958993434906,0.09287981859410431,0.20304031999005212,0.06965986394557823,0.21472641395710731,0.06965986394557823,0.0676923076923077,0.06965986394557823,0.20486815415821502,0.2012448132780083,0.2255813953488372,37,24
2026-10-06-fats-navarro-wail-b3b471,sampled,own,own,16,0.9855658306878261,perfect,16,56.0,Fats Navarro - Wail,2026-10-06,lick-practice,False,True,0.046263604672681626,0.0069375,0.5430102563974237,10.147120181405896,0.31589278937715715,0.18575963718820862,0.84417037478849,0.18575963718820862,0.9160146620045317,0.18575963718820862,0.9573712944984436,0.18575963718820862,0.9707317073170731,0.18575963718820862,0.983006021660492,0.18575963718820862,0.7159395209714479,0.18575963718820862,0.7768705440328476,0.18575963718820862,0.8265344500541687,0.18575963718820862,0.8365899864682004,0.18575963718820862,0.8833941875511374,0.18575963718820862,0.8365899864682004,0.18575963718820862,0.8953771289537713,0.7850467289719626,0.8717277486910995,43,24
2026-10-06-fats-navarro-wail-b437d8,sampled,own,own,16,0.983205387755103,perfect,16,54.0,Fats Navarro - Wail,2026-10-06,lick-practice,False,True,0.03401660979499449,0.15854166666666666,0.5304636472932907,7.151746031746032,0.3773622100288792,0.046439909297052155,0.8342413298193027,0.046439909297052155,0.9007759144061183,0.046439909297052155,0.941300630569458,0.046439909297052155,0.9395348837209302,0.046439909297052155,0.9637831627001097,0.046439909297052155,0.7940255471110118,0.046439909297052155,0.8573527379848962,0.046439909297052155,0.9034355282783508,0.046439909297052155,0.8327142988997418,0.046439909297052155,0.8771229246954859,0.046439909297052155,0.8327142988997418,0.046439909297052155,0.8933649289099526,0.7797752808988764,0.8614609571788413,31,24
2026-10-06-fats-navarro-wail-b4ccaa,sampled,own,own,16,0.9921284755290989,perfect,16,53.0,Fats Navarro - Wail,2026-10-06,lick-practice,False,True,0.052683182175331716,0.05345833333333333,0.486228859599886,5.038730158730159,0.30256736593005373,0.16253968253968254,0.8263811419361364,0.16253968253968254,0.9018114692933903,0.16253968253968254,0.9458636045455933,0.16253968253968254,0.973170731707317,0.16253968253968254,0.9812761988625558,0.16253968253968254,0.7925508976913989,0.13931972789115646,0.8648932717200255,0.13931972789115646,0.9095150232315063,0.13931972789115646,0.8345350172215844,0.16253968253968254,0.8856901481674031,0.16253968253968254,0.8345350172215844,0.16253968253968254,0.8953488372093024,0.7814569536423841,0.8762376237623762,32,26
2026-10-06-fats-navarro-wail-b749e4,sampled,own,own,16,0.8493873247669372,good,13,62.0,Fats Navarro - Wail,2026-10-06,lick-practice,False,True,0.04720352743011679,0.13435416666666666,0.5086435974834483,8.196643990929706,0.3172844810898972,0.2089795918367347,0.6185156031592709,0.2089795918367347,0.6774218510792014,0.2089795918367347,0.8041518330574036,0.2089795918367347,0.895774647887324,0.2089795918367347,0.871568014617493,0.2089795918367347,0.6070808559190481,0.2089795918367347,0.6648980802922909,0.2089795918367347,0.7813370227813721,0.2089795918367347,0.5571579317622231,0.2089795918367347,0.5921495327102804,0.2089795918367347,0.5571579317622231,0.2089795918367347,0.6153846153846154,0.5089974293059126,0.5706051873198847,37,22
2026-10-06-fats-navarro-wail-bbae9d,sampled,own,own,16,0.5483856135046654,try-again,6,50.0,Fats Navarro - Wail,2026-10-06,lick-practice,False,True,0.04591459110126108,3.07525,0.5109889869501842,5.340589569160998,0.12903161759991846,0.4876190476190476,0.350944214595253,0.4876190476190476,0.3824822224078283,0.4876190476190476,0.5014646053314209,0.4876190476190476,0.2818991097922849,0.4876190476190476,0.2744924692462778,0.4876190476190476,0.2734631958058137,3.320453514739229,0.2957761320859844,3.320453514739229,0.540640115737915,3.320453514739229,0.19517297075450468,0.4876190476190476,0.20821739805934944,0.4876190476190476,0.09413829991496832,0.4876190476190476,0.23273657289002558,0.16804979253112035,0.1883720930232558,39,22
2026-10-06-fats-navarro-wail-bce439,sampled,own,own,16,0.9886661864449438,perfect,16,59.0,Fats Navarro - Wail,2026-10-06,lick-practice,False,True,0.037514027729519984,0.04016666666666667,0.48392846127944444,4.504671201814059,0.37121442004197397,0.11609977324263039,0.7984619548787242,0.11609977324263039,0.8705578424524238,0.11609977324263039,0.9140454530715942,0.11609977324263039,0.9484536082474226,0.11609977324263039,0.940754674106523,0.11609977324263039,0.8152356659530761,0.09287981859410431,0.886844204178684,0.09287981859410431,0.9387633800506592,0.09287981859410431,0.8439325249193422,0.11609977324263039,0.8944888888888889,0.11609977324263039,0.8439325249193422,0.11609977324263039,0.910761154855643,0.7862407862407862,0.8787878787878788,32,26
2026-10-06-fats-navarro-wail-beba69,sampled,own,own,16,0.9931141345427056,perfect,16,50.0,Fats Navarro - Wail,2026-10-06,lick-practice,False,True,0.043685525380245886,0.052875,0.5797731279642594,7.732244897959184,0.25796874978478035,0.11609977324263039,0.8140523517079521,0.11609977324263039,0.8771452560936346,0.11609977324263039,0.9168018698692322,0.11609977324263039,0.9645390070921985,0.11609977324263039,0.9613005831418978,0.11609977324263039,0.6937287270140491,0.11609977324263039,0.7474959818487864,0.11609977324263039,0.7763656377792358,0.11609977324263039,0.8365365094403464,0.11609977324263039,0.8813872580995868,0.11609977324263039,0.6571998364407206,0.11609977324263039,0.9220183486238532,0.7655601659751037,0.8441860465116279,36,22
2026-10-06-fats-navarro-wail-bff02f,sampled,own,own,16,0.9787357755101994,perfect,16,54.0,Fats Navarro - Wail,2026-10-06,lick-practice,False,True,0.05651670602093491,0.15366666666666667,0.5606609976828194,8.266303854875284,0.052012751037664416,0.16253968253968254,0.7861511854200878,0.16253968253968254,0.8576194750037321,0.16253968253968254,0.9409506320953369,0.16253968253968254,0.9562043795620438,0.16253968253968254,0.9682705633494614,0.16253968253968254,0.6661545998332176,0.16253968253968254,0.7267141089089646,0.16253968253968254,0.784783124923706,0.16253968253968254,0.8008452912505539,0.16253968253968254,0.8503738662767553,0.16253968253968254,0.8008452912505539,0.16253968253968254,0.8704156479217604,0.7415730337078652,0.8312342569269522,32,23
2026-10-06-fats-navarro-wail-d3b63e,sampled,own,own,16,0.9834536190476323,perfect,16,63.0,Fats Navarro - Wail,2026-10-06,lick-practice,False,True,0.07835466711291023,0.23510416666666667,0.49594477138008175,8.057324263038549,0.20294704989696855,0.18575963718820862,0.8130613060479385,0.18575963718820862,0.8894694769777447,0.18575963718820862,0.9408434629440308,0.18575963718820862,0.9825581395348837,0.18575963718820862,0.9652439564331886,0.18575963718820862,0.7882300533584036,0.18575963718820862,0.8623046848788319,0.18575963718820862,0.9172511696815491,0.18575963718820862,0.8171624596794839,0.18575963718820862,0.8681934395909263,0.18575963718820862,0.8171624596794839,0.18575963718820862,0.9032258064516129,0.7460732984293194,0.8357771260997068,37,23
2026-10-06-fats-navarro-wail-d87e90,sampled,own,own,16,0.8811560408163273,great,15,54.0,Fats Navarro - Wail,2026-10-06,lick-practice,False,True,0.05955388961877404,0.03939583333333333,0.5319789870946644,10.518639455782314,0.18795395725985967,0.18575963718820862,0.63280114226015,0.18575963718820862,0.6376316853308381,0.18575963718820862,0.8264418244361877,0.18575963718820862,0.875,0.18575963718820862,0.8850331925165963,0.18575963718820862,0.6420349356040154,0.18575963718820862,0.6469359656467941,0.18575963718820862,0.8432046175003052,0.18575963718820862,0.5835312583903013,0.18575963718820862,0.5667613568774119,0.18575963718820862,0.5835312583903013,0.18575963718820862,0.5944206008583691,0.5730337078651685,0.5415617128463476,36,24
2026-10-06-fats-navarro-wail-d9814a,sampled,own,own,16,0.987167078042327,perfect,16,53.0,Fats Navarro - Wail,2026-10-06,lick-practice,False,True,0.060525344130383456,0.015583333333333333,0.5102744865602339,8.40562358276644,0.0939446702496569,0.09287981859410431,0.8332934582045087,0.09287981859410431,0.8825037017992632,0.09287981859410431,0.9219258427619934,0.09287981859410431,0.9344262295081968,0.09287981859410431,0.9631508439760651,0.09287981859410431,0.7047161735441937,0.11609977324263039,0.7463332704070398,0.11609977324263039,0.7680027484893799,0.11609977324263039,0.8337116352511595,0.09287981859410431,0.8850707176532215,0.09287981859410431,0.7334977025664015,0.09287981859410431,0.8992974238875878,0.7770419426048565,0.8712871287128713,37,22
2026-10-06-fats-navarro-wail-ec1a64,sampled,own,own,16,0.9866890294784573,perfect,16,51.0,Fats Navarro - Wail,2026-10-06,lick-practice,False,True,0.04293022037817616,0.0315,0.5371816413921131,8.753922902494331,0.14438970504653614,0.09287981859410431,0.8291477637901928,0.09287981859410431,0.8879187738672755,0.09287981859410431,0.9407548308372498,0.09287981859410431,0.9648711943793911,0.09287981859410431,0.971237131049324,0.09287981859410431,0.710781532672962,0.09287981859410431,0.7611625991651068,0.09287981859410431,0.7991334199905396,0.09287981859410431,0.8416342647274359,0.09287981859410431,0.8825333864674753,0.09287981859410431,0.6711241119933138,0.09287981859410431,0.9172413793103448,0.777542372881356,0.850356294536817,37,22
2026-10-06-fats-navarro-wail-f0f910,sampled,own,own,16,0.6484728521038057,fair,7,50.0,Fats Navarro - Wail,2026-10-06,lick-practice,False,True,0.0690502316812157,9.652354166666667,0.5158730668512277,8.93968253968254,0.05838951034524597,0.2089795918367347,0.4339012270858675,0.2089795918367347,0.4339012270858675,0.2089795918367347,0.6006179451942444,0.2089795918367347,0.4319526627218935,0.2089795918367347,0.48422798226323943,0.2089795918367347,0.3500630704012062,0.16253968253968254,0.3500630704012062,0.16253968253968254,0.523861289024353,0.16253968253968254,0.36285218291407434,0.2089795918367347,0.36208588213917997,0.2089795918367347,0.29363080244692336,0.2089795918367347,0.35471698113207545,0.37136929460580914,0.3697674418604651,33,22
2026-10-06-fats-navarro-wail-f11d49,sampled,own,own,16,0.9770228485764713,perfect,16,59.0,Fats Navarro - Wail,2026-10-06,lick-practice,False,True,0.05268590925358004,0.169375,0.4801689005611265,8.591383219954649,0.06493997651094705,0.18575963718820862,0.7690901014467945,0.18575963718820862,0.8404310384588274,0.18575963718820862,0.9273667931556702,0.18575963718820862,0.9512195121951219,0.18575963718820862,0.9456231057229454,0.18575963718820862,0.6893018705589122,0.18575963718820862,0.7532416368324765,0.18575963718820862,0.822483241558075,0.18575963718820862,0.7704468173954543,0.18575963718820862,0.8188042858048564,0.18575963718820862,0.7704468173954543,0.18575963718820862,0.8490566037735849,0.7051597051597052,0.790633608815427,35,24
2026-10-06-fats-navarro-wail-f14f56,sampled,own,own,16,0.9003911564625838,great,14,50.0,Fats Navarro - Wail,2026-10-06,lick-practice,False,True,0.0426962305687518,0.2196875,0.5468324425231019,7.75546485260771,0.15519375101505778,0.18575963718820862,0.6806041763082408,0.18575963718820862,0.7375368450488541,0.18575963718820862,0.8624335527420044,0.18575963718820862,0.882903981264637,0.18575963718820862,0.8835672604341364,0.18575963718820862,0.5795655515404385,0.2089795918367347,0.6292425988153333,0.2089795918367347,0.7261604070663452,0.2089795918367347,0.6342172018298897,0.18575963718820862,0.6696668209162425,0.18575963718820862,0.575720636741718,0.18575963718820862,0.6866666666666666,0.5892116182572614,0.6534883720930232,31,22
2026-10-06-honeysuckle-rose-0582b2,sampled,own,own,5,0.9502657596372178,perfect,5,165.0,Honeysuckle Rose,2026-10-06,lick-practice,False,True,0.2112679028748587,0.0005833333333333334,0.5376414865546382,0.023219954648526078,0.4413663291292534,0.06965986394557823,0.8760515075176954,0.06965986394557823,0.8760515075176954,0.06965986394557823,0.9177453517913818,0.06965986394557823,0.875,0.06965986394557823,0.9194915254237288,0.06965986394557823,0.8530060853809118,0.06965986394557823,0.8530060853809118,0.06965986394557823,0.8981553316116333,0.06965986394557823,0.7433044911413268,0.06965986394557823,0.7146171693735499,0.06965986394557823,0.7433044911413268,0.06965986394557823,0.8148148148148148,0.6833333333333333,0.6363636363636364,12,6
2026-10-06-honeysuckle-rose-073853,sampled,own,own,5,0.9416888888889248,great,5,165.0,Honeysuckle Rose,2026-10-06,lick-practice,False,True,0.22790047304356495,0.109375,0.7366063925701937,0.13931972789115646,0.1983296028841654,0.18575963718820862,0.8863535031676293,0.18575963718820862,0.8863535031676293,0.18575963718820862,0.9126460552215576,0.18575963718820862,0.9166666666666666,0.18575963718820862,0.9419889502762431,0.18575963718820862,0.9022864244878293,0.18575963718820862,0.9022864244878293,0.18575963718820862,0.9305441975593567,0.18575963718820862,0.8610567514677104,0.18575963718820862,0.858416945373467,0.18575963718820862,0.8610567514677104,0.18575963718820862,0.9322033898305084,0.8,0.7954545454545454,14,8
2026-10-06-honeysuckle-rose-36acc4,sampled,own,own,5,0.9740226757369788,perfect,5,165.0,Honeysuckle Rose,2026-10-06,lick-practice,False,True,0.16482674315066337,0.021708333333333333,0.6163400156022074,0.09287981859410431,0.44317987126271613,0.11609977324263039,0.9193826496601105,0.11609977324263039,0.9193826496601105,0.11609977324263039,0.9439284801483154,0.11609977324263039,0.8813559322033898,0.11609977324263039,0.9300212916962385,0.11609977324263039,0.8173299180343747,0.11609977324263039,0.8173299180343747,0.11609977324263039,0.8509724140167236,0.11609977324263039,0.7644444444444445,0.11609977324263039,0.7441285537700865,0.11609977324263039,0.7644444444444445,0.11609977324263039,0.8958333333333334,0.6666666666666666,0.6363636363636364,11,7
2026-10-06-honeysuckle-rose-375b9b,sampled,own,own,5,0.982120634920625,perfect,5,165.0,Honeysuckle Rose,2026-10-06,lick-practice,False,True,0.12890765858679037,0.1564375,0.5519694997468346,0.11609977324263039,0.3564376874737384,0.13931972789115646,0.8532433800399304,0.13931972789115646,0.8532433800399304,0.13931972789115646,0.9051766991615295,0.13931972789115646,0.8113207547169812,0.13931972789115646,0.8698583951449764,0.13931972789115646,0.7899031902663409,0.13931972789115646,0.7899031902663409,0.13931972789115646,0.8446290493011475,0.13931972789115646,0.7784336875245966,0.13931972789115646,0.7712276906435912,0.13931972789115646,0.7784336875245966,0.13931972789115646,0.8518518518518519,0.7166666666666667,0.7045454545454546,13,6
2026-10-06-honeysuckle-rose-60cca3,sampled,own,own,5,0.9505560090702784,perfect,5,165.0,Honeysuckle Rose,2026-10-06,lick-practice,False,True,0.253657201999999,0.09672916666666667,0.4929661403300043,0.4876190476190476,0.2087122018255881,0.11609977324263039,0.8748466543853283,0.11609977324263039,0.8748466543853283,0.11609977324263039,0.9427921772003174,0.11609977324263039,0.8771929824561403,0.11609977324263039,0.9276984243852157,0.11609977324263039,0.787745661381632,0.11609977324263039,0.787745661381632,0.11609977324263039,0.8630355000495911,0.11609977324263039,0.7719024390243903,0.11609977324263039,0.7648163046393134,0.11609977324263039,0.7719024390243903,0.11609977324263039,0.8363636363636363,0.7166666666666667,0.7045454545454546,15,6
2026-10-06-honeysuckle-rose-700435,sampled,own,own,5,0.9638566893424463,perfect,5,165.0,Honeysuckle Rose,2026-10-06,lick-practice,False,True,0.17231376651042735,0.13354166666666667,0.4360844784780905,0.09287981859410431,0.2594965341817135,0.11609977324263039,0.8785192493349314,0.11609977324263039,0.8785192493349314,0.11609977324263039,0.9217166304588318,0.11609977324263039,0.8571428571428571,0.11609977324263039,0.9163636363636364,0.11609977324263039,0.8038406332954764,0.13931972789115646,0.8038406332954764,0.13931972789115646,0.8562698364257812,0.13931972789115646,0.6906028368794326,0.11609977324263039,0.6645885286783042,0.11609977324263039,0.6906028368794326,0.11609977324263039,0.7592592592592593,0.6333333333333333,0.5909090909090909,12,6
2026-10-06-honeysuckle-rose-80bea5,sampled,own,own,5,0.9521591836734783,perfect,5,165.0,Honeysuckle Rose,2026-10-06,lick-practice,False,True,0.0920280480557576,0.11472916666666666,0.5394084349626911,0.06965986394557823,0.46093475699411884,0.09287981859410431,0.8616017021238804,0.09287981859410431,0.8616017021238804,0.09287981859410431,0.9447588920593262,0.09287981859410431,0.9344262295081968,0.09287981859410431,0.9512786002691791,0.09287981859410431,0.6537548237480223,0.11609977324263039,0.6537548237480223,0.11609977324263039,0.7592704892158508,0.11609977324263039,0.7188132164531355,0.09287981859410431,0.681150159744409,0.09287981859410431,0.7188132164531355,0.09287981859410431,0.803921568627451,0.65,0.5909090909090909,13,6
2026-10-06-honeysuckle-rose-a052b6,sampled,own,own,5,0.9641469387755068,perfect,5,165.0,Honeysuckle Rose,2026-10-06,lick-practice,False,True,0.1703676836141017,0.0688125,0.5261879185024593,0.023219954648526078,0.2894515879397496,0.09287981859410431,0.879822788760066,0.09287981859410431,0.879822788760066,0.09287981859410431,0.8926799297332764,0.09287981859410431,0.8412698412698413,0.09287981859410431,0.8867819297267149,0.09287981859410431,0.8918681729584932,0.09287981859410431,0.8918681729584932,0.09287981859410431,0.9007936120033264,0.09287981859410431,0.7827403482210445,0.09287981859410431,0.7660357518401683,0.09287981859410431,0.7827403482210445,0.09287981859410431,0.8392857142857143,0.7333333333333333,0.7045454545454546,12,6
2026-10-06-honeysuckle-rose-a31350,sampled,own,own,5,0.9794721088435426,perfect,5,165.0,Honeysuckle Rose,2026-10-06,lick-practice,False,True,0.20074619927284837,0.09083333333333334,0.6624507342734834,0.023219954648526078,0.03547662141123984,0.09287981859410431,0.9426973655819892,0.09287981859410431,0.9426973655819892,0.09287981859410431,0.958385169506073,0.09287981859410431,0.953125,0.09287981859410431,0.976,0.09287981859410431,0.9156397825106979,0.06965986394557823,0.9156397825106979,0.06965986394557823,0.9352894425392151,0.06965986394557823,0.8646003262642741,0.09287981859410431,0.84375710711849,0.09287981859410431,0.8646003262642741,0.09287981859410431,0.8983050847457628,0.8333333333333334,0.7954545454545454,13,7
2026-10-06-honeysuckle-rose-ac61f5,sampled,own,own,5,0.9740594104308429,perfect,5,165.0,Honeysuckle Rose,2026-10-06,lick-practice,False,True,0.2470396163839231,0.1308125,0.5071198168796196,0.11609977324263039,0.42640421742049506,0.13931972789115646,0.8324374482035637,0.13931972789115646,0.8429746310922164,0.13931972789115646,0.8825297951698303,0.13931972789115646,0.8928571428571429,0.13931972789115646,0.9071340713407134,0.13931972789115646,0.8005454055964947,0.13931972789115646,0.8106788917432858,0.13931972789115646,0.8672062158584595,0.13931972789115646,0.7739557739557739,0.13931972789115646,0.7767260579064589,0.13931972789115646,0.7739557739557739,0.13931972789115646,0.8653846153846154,0.7,0.7045454545454546,13,7
2026-10-06-honeysuckle-rose-c154ae,sampled,own,own,5,0.9642412698412499,perfect,5,165.0,Honeysuckle Rose,2026-10-06,lick-practice,False,True,0.25072163529455105,0.0935625,0.6421333378060227,0.06965986394557823,0.0,0.13931972789115646,0.877622664347291,0.13931972789115646,0.877622664347291,0.13931972789115646,0.932851254940033,0.13931972789115646,0.8571428571428571,0.13931972789115646,0.9095354523227382,0.13931972789115646,0.8260357108898461,0.13931972789115646,0.8260357108898461,0.13931972789115646,0.8952483534812927,0.13931972789115646,0.7433044911413268,0.13931972789115646,0.7287264420331239,0.13931972789115646,0.7433044911413268,0.13931972789115646,0.8148148148148148,0.6833333333333333,0.6590909090909091,13,5
2026-10-06-honeysuckle-rose-ce2fc5,sampled,own,own,5,0.9646766439909534,perfect,5,165.0,Honeysuckle Rose,2026-10-06,lick-practice,False,True,0.13476221500772573,0.056916666666666664,0.6248282166109773,0.023219954648526078,0.0,0.09287981859410431,0.8743825435638428,0.09287981859410431,0.8743825435638428,0.09287981859410431,0.902172863483429,0.09287981859410431,0.8709677419354839,0.09287981859410431,0.9242053789731052,0.09287981859410431,0.8485652508214117,0.06965986394557823,0.8485652508214117,0.06965986394557823,0.8815397024154663,0.06965986394557823,0.8345170454545455,0.09287981859410431,0.8284600389863548,0.09287981859410431,0.8345170454545455,0.09287981859410431,0.8928571428571429,0.7833333333333333,0.7727272727272727,12,6
2026-10-06-sharp-9-flat-9-dom-138d71,sampled,own,own,9,0.9785105285966482,perfect,9,141.0,Sharp 9 Flat 9 Dom,2026-10-06,lick-practice,False,True,0.11908056996608624,0.1318125,0.3700976781067554,0.18575963718820862,0.3355461769905989,0.16253968253968254,0.8692440175093137,0.16253968253968254,0.8828259552828968,0.16253968253968254,0.9341754913330078,0.16253968253968254,0.9587628865979382,0.16253968253968254,0.9658156642146258,0.16253968253968254,0.8562661828329929,0.16253968253968254,0.8696453419397585,0.16253968253968254,0.936257004737854,0.16253968253968254,0.7400712495052117,0.16253968253968254,0.7160514172709296,0.16253968253968254,0.7400712495052117,0.16253968253968254,0.79,0.696078431372549,0.6547619047619048,11,10
2026-10-06-sharp-9-flat-9-dom-26c019,sampled,own,own,9,0.973386465104561,perfect,9,141.0,Sharp 9 Flat 9 Dom,2026-10-06,lick-practice,False,True,0.09116005314925453,0.08033333333333334,0.4468258565711419,0.11609977324263039,0.4468258565711419,0.11609977324263039,0.851136031288367,0.11609977324263039,0.8644350317772478,0.11609977324263039,0.9139820337295532,0.11609977324263039,0.9081632653061225,0.11609977324263039,0.9309715300735185,0.11609977324263039,0.8581226772413804,0.11609977324263039,0.871530844073277,0.11609977324263039,0.9274110198020935,0.11609977324263039,0.7328244274809159,0.11609977324263039,0.7111111111111111,0.11609977324263039,0.7328244274809159,0.11609977324263039,0.7619047619047619,0.7058823529411765,0.6666666666666666,13,10
2026-10-06-sharp-9-flat-9-dom-440464,sampled,own,own,9,0.9624423038548773,perfect,9,141.0,Sharp 9 Flat 9 Dom,2026-10-06,lick-practice,False,True,0.10706907291280306,0.61425,0.3764943818824586,0.16253968253968254,0.34443863856129575,0.13931972789115646,0.880774923471304,0.13931972789115646,0.880774923471304,0.13931972789115646,0.9720304012298584,0.13931972789115646,0.9906542056074766,0.13931972789115646,0.9908225696804895,0.13931972789115646,0.8164050583656017,0.13931972789115646,0.8164050583656017,0.13931972789115646,0.907322108745575,0.13931972789115646,0.7896095337470482,0.13931972789115646,0.763706404347527,0.13931972789115646,0.7896095337470482,0.13931972789115646,0.8053097345132744,0.7745098039215687,0.7261904761904762,11,10
2026-10-06-sharp-9-flat-9-dom-46fb7c,sampled,own,own,9,0.9741333333333334,perfect,9,141.0,Sharp 9 Flat 9 Dom,2026-10-06,lick-practice,False,True,0.11078114025909083,0.3957291666666667,0.5493311413782481,0.06965986394557823,0.06349246427017598,0.11609977324263039,0.8790785546486194,0.11609977324263039,0.8790785546486194,0.11609977324263039,0.9289147853851318,0.11609977324263039,1.0,0.11609977324263039,1.0,0.11609977324263039,0.8836905704667934,0.09287981859410431,0.8836905704667934,0.09287981859410431,0.9466421604156494,0.09287981859410431,0.8456843940714909,0.11609977324263039,0.8268973853298556,0.11609977324263039,0.8456843940714909,0.11609977324263039,0.8584070796460177,0.8333333333333334,0.7976190476190477,17,10
2026-10-06-sharp-9-flat-9-dom-54da59,sampled,own,own,9,0.9798517631645516,perfect,9,141.0,Sharp 9 Flat 9 Dom,2026-10-06,lick-practice,False,True,0.07906751155631349,1.0419166666666666,0.583452241506045,0.09287981859410431,0.0,0.18575963718820862,0.9203145063840426,0.18575963718820862,0.9203145063840426,0.18575963718820862,0.9324037432670593,0.18575963718820862,0.9727272727272728,0.18575963718820862,0.9773327188167763,0.18575963718820862,0.8007399934988756,0.18575963718820862,0.8007399934988756,0.18575963718820862,0.8163074851036072,0.18575963718820862,0.8276729559748427,0.18575963718820862,0.8081281750683861,0.18575963718820862,0.8276729559748427,0.18575963718820862,0.831858407079646,0.8235294117647058,0.7857142857142857,18,11
2026-10-06-sharp-9-flat-9-dom-55e616,sampled,own,own,9,0.9741053257748253,perfect,9,141.0,Sharp 9 Flat 9 Dom,2026-10-06,lick-practice,False,True,0.21628587764905724,0.1305625,0.3799057924045354,0.09287981859410431,0.31876618602152496,0.11609977324263039,0.9378822904366714,0.11609977324263039,0.9378822904366714,0.11609977324263039,0.9563893675804138,0.11609977324263039,0.926605504587156,0.11609977324263039,0.9272662447633478,0.11609977324263039,0.8943684389958015,0.11609977324263039,0.8943684389958015,0.11609977324263039,0.9278536438941956,0.11609977324263039,0.7982863263120312,0.11609977324263039,0.7699194270367055,0.11609977324263039,0.7982863263120312,0.11609977324263039,0.8349514563106796,0.7647058823529411,0.7142857142857143,12,10
2026-10-06-sharp-9-flat-9-dom-5c7c40,sampled,own,own,9,0.9721695782313097,perfect,9,141.0,Sharp 9 Flat 9 Dom,2026-10-06,lick-practice,False,True,0.15078055121133296,0.08135416666666667,0.408174265886403,0.046439909297052155,0.0,0.13931972789115646,0.9314095767644736,0.13931972789115646,0.9314095767644736,0.13931972789115646,0.9640426635742188,0.13931972789115646,0.9603960396039604,0.13931972789115646,0.9621766941689072,0.13931972789115646,0.895571152980511,0.13931972789115646,0.895571152980511,0.13931972789115646,0.930298924446106,0.13931972789115646,0.7635504724017901,0.13931972789115646,0.7296703296703296,0.13931972789115646,0.7635504724017901,0.13931972789115646,0.8058252427184466,0.7254901960784313,0.6666666666666666,18,9
2026-10-06-sharp-9-flat-9-dom-616be6,sampled,own,own,9,0.8151593489544152,good,7,141.0,Sharp 9 Flat 9 Dom,2026-10-06,lick-practice,False,True,0.26226837611128784,0.8789583333333333,0.5109127101416974,0.603718820861678,0.22154239674420878,0.8823582766439909,0.7817477089437571,0.8823582766439909,0.7817477089437571,0.8823582766439909,0.829009473323822,0.8823582766439909,0.7252747252747253,0.8823582766439909,0.784621221702289,0.8823582766439909,0.6454270573685298,0.8591383219954649,0.6454270573685298,0.8591383219954649,0.7608360052108765,0.8591383219954649,0.6227819118488838,0.8823582766439909,0.5807649461567026,0.8823582766439909,0.3203559510567297,0.8823582766439909,0.6181818181818182,0.6274509803921569,0.5476190476190477,14,9
2026-10-06-sharp-9-flat-9-dom-71d847,sampled,own,own,9,0.9730359551524257,perfect,9,141.0,Sharp 9 Flat 9 Dom,2026-10-06,lick-practice,False,True,0.12875933777769047,0.1589375,0.40044795000968375,0.11609977324263039,0.16980712579891644,0.16253968253968254,0.8955598216790419,0.16253968253968254,0.8955598216790419,0.16253968253968254,0.9611551761627197,0.16253968253968254,0.9629629629629629,0.16253968253968254,0.9634632034632035,0.16253968253968254,0.7214072293960131,0.16253968253968254,0.7214072293960131,0.16253968253968254,0.7960606217384338,0.16253968253968254,0.7624845000563635,0.16253968253968254,0.7328222600795002,0.16253968253968254,0.7624845000563635,0.16253968253968254,0.7807017543859649,0.7450980392156863,0.6904761904761905,13,9
2026-10-06-sharp-9-flat-9-dom-79d107,sampled,own,own,9,0.9846074759385324,perfect,9,141.0,Sharp 9 Flat 9 Dom,2026-10-06,lick-practice,False,True,0.17541782558239874,0.110625,0.6416487489633471,0.11609977324263039,0.253020969967208,0.16253968253968254,0.9064909737843734,0.16253968253968254,0.9064909737843734,0.16253968253968254,0.953221321105957,0.16253968253968254,1.0,0.16253968253968254,1.0,0.16253968253968254,0.8150633926001879,0.13931972789115646,0.8150633926001879,0.13931972789115646,0.8687815070152283,0.13931972789115646,0.8661417322834646,0.16253968253968254,0.851063829787234,0.16253968253968254,0.8661417322834646,0.16253968253968254,0.8695652173913043,0.8627450980392157,0.8333333333333334,14,9
2026-10-06-sharp-9-flat-9-dom-8271d6,sampled,own,own,9,0.6440711997984145,fair,6,141.0,Sharp 9 Flat 9 Dom,2026-10-06,lick-practice,False,True,0.08504552393972814,0.38433333333333336,0.49574372336056033,0.16253968253968254,0.02762787932784952,0.37151927437641724,0.5737810720617954,0.37151927437641724,0.5737810720617954,0.37151927437641724,0.7266870737075806,0.37151927437641724,0.6162790697674418,0.37151927437641724,0.7101793818889128,0.37151927437641724,0.399969533071495,0.37151927437641724,0.399969533071495,0.37151927437641724,0.44645941257476807,0.37151927437641724,0.341047503045067,0.37151927437641724,0.37383177570093457,0.37151927437641724,0.0,0.37151927437641724,0.3389830508474576,0.3431372549019608,0.4166666666666667,15,10
2026-10-06-sharp-9-flat-9-dom-92bff3,sampled,own,own,9,0.9740418321995437,perfect,9,141.0,Sharp 9 Flat 9 Dom,2026-10-06,lick-practice,False,True,0.10402613394350817,0.4822916666666667,0.35897706733875184,0.09287981859410431,0.35897706733875184,0.09287981859410431,0.8214916453911708,0.09287981859410431,0.8475707452448588,0.09287981859410431,0.8879330158233643,0.09287981859410431,0.8229166666666666,0.09287981859410431,0.8347102793233293,0.09287981859410431,0.833796126796649,0.09287981859410431,0.8602658451076538,0.09287981859410431,0.9178640842437744,0.09287981859410431,0.7235955056179775,0.09287981859410431,0.710987996306556,0.09287981859410431,0.7235955056179775,0.09287981859410431,0.7777777777777778,0.6764705882352942,0.6547619047619048,13,10
2026-10-06-sharp-9-flat-9-dom-94f90d,sampled,own,own,9,0.9879711201813692,perfect,9,141.0,Sharp 9 Flat 9 Dom,2026-10-06,lick-practice,False,True,0.21354457526229542,0.14677083333333332,0.3869803031800715,0.16253968253968254,0.3869803031800715,0.16253968253968254,0.9090801264231022,0.16253968253968254,0.916127259186072,0.16253968253968254,0.9650189280509949,0.16253968253968254,1.0,0.16253968253968254,1.0,0.16253968253968254,0.883528300260122,0.16253968253968254,0.8903773568512857,0.16253968253968254,0.9461859464645386,0.16253968253968254,0.8006290407129129,0.16253968253968254,0.7938408896492729,0.16253968253968254,0.8006290407129129,0.16253968253968254,0.8285714285714286,0.7745098039215687,0.7619047619047619,14,10
2026-10-06-sharp-9-flat-9-dom-a7fe06,sampled,own,own,9,0.979226896447489,perfect,9,141.0,Sharp 9 Flat 9 Dom,2026-10-06,lick-practice,False,True,0.10261635515804814,0.5615,0.5018507659984202,0.023219954648526078,0.16817160697404215,0.16253968253968254,0.920693310865989,0.16253968253968254,0.920693310865989,0.16253968253968254,0.9522400498390198,0.16253968253968254,0.9818181818181818,0.16253968253968254,0.9863832613749585,0.16253968253968254,0.8568228020117833,0.16253968253968254,0.8568228020117833,0.16253968253968254,0.8952128887176514,0.16253968253968254,0.8869264923532313,0.16253968253968254,0.872596738865904,0.16253968253968254,0.8869264923532313,0.16253968253968254,0.9017857142857143,0.8725490196078431,0.8452380952380952,15,10
2026-10-06-sharp-9-flat-9-dom-a84932,sampled,own,own,9,0.980649465356513,perfect,9,141.0,Sharp 9 Flat 9 Dom,2026-10-06,lick-practice,False,True,0.08927282627725275,0.21591666666666667,0.40949935761716344,0.0,0.06706247099067733,0.2089795918367347,0.8580986302632552,0.2089795918367347,0.8580986302632552,0.2089795918367347,0.9272432923316956,0.2089795918367347,1.0,0.2089795918367347,1.0,0.2089795918367347,0.7858303559514193,0.18575963718820862,0.7858303559514193,0.18575963718820862,0.8685643076896667,0.18575963718820862,0.8665171060011218,0.2089795918367347,0.8541810642709052,0.2089795918367347,0.8665171060011218,0.2089795918367347,0.8512396694214877,0.8823529411764706,0.8571428571428571,10,14
2026-10-06-sharp-9-flat-9-dom-ae0395,sampled,own,own,9,0.9721772522045892,perfect,9,141.0,Sharp 9 Flat 9 Dom,2026-10-06,lick-practice,False,True,0.16869701355213182,0.16127083333333334,0.48712573828007605,0.046439909297052155,0.31093214720777684,0.09287981859410431,0.9391422872359936,0.09287981859410431,0.9391422872359936,0.09287981859410431,0.9647241830825806,0.09287981859410431,0.9716981132075472,0.09287981859410431,0.972335125213059,0.09287981859410431,0.9110598736084424,0.09287981859410431,0.9110598736084424,0.09287981859410431,0.9448562860488892,0.09287981859410431,0.771438823107284,0.09287981859410431,0.7390321121664406,0.09287981859410431,0.771438823107284,0.09287981859410431,0.8113207547169812,0.7352941176470589,0.6785714285714286,15,9
2026-10-06-sharp-9-flat-9-dom-b71428,sampled,own,own,9,0.9776213252708511,perfect,9,141.0,Sharp 9 Flat 9 Dom,2026-10-06,lick-practice,False,True,0.09730352196030773,0.07314583333333333,0.4378727982298518,0.06965986394557823,0.2146567151789223,0.11609977324263039,0.9294978581942045,0.11609977324263039,0.9294978581942045,0.11609977324263039,0.9500750303268433,0.11609977324263039,1.0,0.11609977324263039,1.0,0.11609977324263039,0.6069251081118217,0.11609977324263039,0.6069251081118217,0.11609977324263039,0.6142250299453735,0.11609977324263039,0.777586799587487,0.11609977324263039,0.7506471095772218,0.11609977324263039,0.0,0.11609977324263039,0.7909090909090909,0.7647058823529411,0.7142857142857143,16,14
2026-10-06-sharp-9-flat-9-dom-c36a96,sampled,own,own,9,0.9913091030486288,perfect,9,141.0,Sharp 9 Flat 9 Dom,2026-10-06,lick-practice,False,True,0.09009907189235591,0.5136666666666667,0.6830347540706648,0.023219954648526078,0.11116054425522999,0.06965986394557823,0.9540838640469771,0.06965986394557823,0.9540838640469771,0.06965986394557823,0.9673415422439575,0.06965986394557823,1.0,0.06965986394557823,1.0,0.06965986394557823,0.8206348709188975,0.06965986394557823,0.8206348709188975,0.06965986394557823,0.8362013101577759,0.06965986394557823,0.7854445588740131,0.06965986394557823,0.7579672695951766,0.06965986394557823,0.7854445588740131,0.06965986394557823,0.8073394495412844,0.7647058823529411,0.7142857142857143,14,11
2026-10-06-sharp-9-flat-9-dom-c93983,sampled,own,own,9,0.9769456245905765,perfect,9,141.0,Sharp 9 Flat 9 Dom,2026-10-06,lick-practice,False,True,0.08220695441981694,0.13135416666666666,0.5422315449306936,0.023219954648526078,0.0054961425005134465,0.11609977324263039,0.7956912302053891,0.11609977324263039,0.7956912302053891,0.11609977324263039,0.8598508834838867,0.11609977324263039,0.7105263157894737,0.11609977324263039,0.7065928535480623,0.11609977324263039,0.7777878028842119,0.11609977324263039,0.7777878028842119,0.11609977324263039,0.8754047751426697,0.11609977324263039,0.8476314995474202,0.11609977324263039,0.8303015200598056,0.11609977324263039,0.8476314995474202,0.11609977324263039,0.8521739130434782,0.8431372549019608,0.8095238095238095,15,11
2026-10-06-sharp-9-flat-9-dom-d142a6,sampled,own,own,9,0.8052238997228494,good,7,141.0,Sharp 9 Flat 9 Dom,2026-10-06,lick-practice,False,True,0.06262412995583672,0.7192291666666667,0.5929672706826516,0.3482993197278912,0.0,0.6965986394557824,0.6590417826022857,0.6965986394557824,0.7559596918085042,0.6965986394557824,0.9421606659889221,0.6965986394557824,1.0,0.6965986394557824,1.0,0.6965986394557824,0.39897502176463606,0.3947392290249433,0.4052090064797085,0.3947392290249433,0.5956319570541382,0.3947392290249433,0.5449159187941098,0.6965986394557824,0.5838115970710469,0.6965986394557824,0.0,0.6965986394557824,0.5728155339805825,0.5196078431372549,0.5952380952380952,16,10
2026-10-06-sharp-9-flat-9-dom-dd82a8,sampled,own,own,9,0.9861520463592837,perfect,9,141.0,Sharp 9 Flat 9 Dom,2026-10-06,lick-practice,False,True,0.18163783788484966,0.12379166666666666,0.5183933819796706,0.023219954648526078,0.0,0.13931972789115646,0.820035903270428,0.13931972789115646,0.820035903270428,0.13931972789115646,0.9147545099258423,0.13931972789115646,0.9316239316239316,0.13931972789115646,0.9297722567287784,0.13931972789115646,0.8161220520734787,0.11609977324263039,0.8161220520734787,0.11609977324263039,0.9246479868888855,0.11609977324263039,0.8205973223480946,0.13931972789115646,0.7997949243783645,0.13931972789115646,0.8205973223480946,0.13931972789115646,0.8275862068965517,0.8137254901960784,0.7738095238095238,13,10
2026-10-06-sharp-9-flat-9-dom-e0bec0,sampled,own,own,9,0.6022647533384302,fair,5,141.0,Sharp 9 Flat 9 Dom,2026-10-06,lick-practice,False,True,0.11480740153572136,0.6904375,0.3400134316118242,0.2089795918367347,0.0,0.2786394557823129,0.883667263847131,0.2786394557823129,0.8905173976754033,0.2786394557823129,0.9584867358207703,0.2786394557823129,0.9509803921568627,0.2786394557823129,0.9574281629076149,0.2786394557823129,0.8375003619835927,0.301859410430839,0.8505863051395863,0.301859410430839,0.9170562028884888,0.301859410430839,0.6589820151378376,0.2786394557823129,0.6219382321618743,0.2786394557823129,0.6589820151378376,0.2786394557823129,0.6822429906542056,0.6372549019607843,0.5714285714285714,20,10
2026-10-06-sharp-9-flat-9-dom-e45b07,sampled,own,own,9,0.961103415469899,perfect,9,141.0,Sharp 9 Flat 9 Dom,2026-10-06,lick-practice,False,True,0.11554061616017285,0.0844375,0.39189473621634124,0.0,0.0,0.11609977324263039,0.8848973611226448,0.11609977324263039,0.8848973611226448,0.11609977324263039,0.9591816067695618,0.11609977324263039,0.9252336448598131,0.11609977324263039,0.9485029940119761,0.11609977324263039,0.7866682270398506,0.09287981859410431,0.7866682270398506,0.09287981859410431,0.8769646286964417,0.09287981859410431,0.7587650444793302,0.11609977324263039,0.7273927392739273,0.11609977324263039,0.7587650444793302,0.11609977324263039,0.7837837837837838,0.7352941176470589,0.6785714285714286,17,9
2026-10-06-sharp-9-flat-9-dom-f099b5,sampled,own,own,9,0.9772123073822245,perfect,9,141.0,Sharp 9 Flat 9 Dom,2026-10-06,lick-practice,False,True,0.10194828841154614,0.18554166666666666,0.42159482494565054,0.0,0.20926254240266418,0.16253968253968254,0.9053138058919173,0.16253968253968254,0.9123317423716996,0.16253968253968254,0.9447030425071716,0.16253968253968254,0.9423076923076923,0.16253968253968254,0.9441233140655106,0.16253968253968254,0.818395826449761,0.18575963718820862,0.8311832612380385,0.18575963718820862,0.8691278100013733,0.18575963718820862,0.7156133828996284,0.16253968253968254,0.6843296721723819,0.16253968253968254,0.7156133828996284,0.16253968253968254,0.7475728155339806,0.6862745098039216,0.6309523809523809,21,11
2026-10-06-sonny-stitt-indiana-3090a9,sampled,own,own,22,0.5196926177878556,try-again,7,50.0,Sonny Stitt - Indiana,2026-10-06,lick-practice,False,True,0.025956615557763033,10.527333333333333,0.34263340635344547,4.133151927437642,0.07498910140366195,10.797278911564627,0.48170431769009137,10.797278911564627,0.48170431769009137,10.797278911564627,0.5980217456817627,10.797278911564627,0.46153846153846156,10.797278911564627,0.4673157162726008,10.797278911564627,0.5294977571230289,10.797278911564627,0.5294977571230289,10.797278911564627,0.6613253355026245,10.797278911564627,0.33693161881566186,10.797278911564627,0.33693161881566186,10.797278911564627,0.33693161881566186,10.797278911564627,0.265,0.4624624624624625,0.4624624624624625,46,30
2026-10-06-sonny-stitt-indiana-850b0c,sampled,own,own,22,0.9271687395496919,great,20,50.0,Sonny Stitt - Indiana,2026-10-06,lick-practice,False,True,0.12671451016462923,0.056479166666666664,0.4405115887348498,5.340589569160998,0.1793446231181214,0.11609977324263039,0.8116256703657133,0.11609977324263039,0.8116256703657133,0.11609977324263039,0.8808457255363464,0.11609977324263039,0.8493870402802102,0.11609977324263039,0.8740425004048806,0.11609977324263039,0.7727943171379099,0.11609977324263039,0.7727943171379099,0.11609977324263039,0.8478623032569885,0.11609977324263039,0.7783343587355959,0.11609977324263039,0.7783343587355959,0.11609977324263039,0.7639258305521202,0.11609977324263039,0.7904929577464789,0.7665441176470589,0.7665441176470589,44,35
2026-10-06-sonny-stitt-indiana-9d36a0,sampled,own,own,22,0.7039146567717985,good,12,50.0,Sonny Stitt - Indiana,2026-10-06,lick-practice,False,True,0.050051701455537286,0.21089583333333334,0.3700847310498886,5.294149659863946,0.27378431797868674,0.023219954648526078,0.561015694839075,0.023219954648526078,0.561015694839075,0.023219954648526078,0.6980981826782227,0.023219954648526078,0.6164122137404581,0.023219954648526078,0.6657451429386605,0.023219954648526078,0.5426329386594453,0.09287981859410431,0.5426329386594453,0.09287981859410431,0.6949982047080994,0.09287981859410431,0.47159592692295416,0.023219954648526078,0.47159592692295416,0.023219954648526078,0.47159592692295416,0.023219954648526078,0.48633879781420764,0.4577205882352941,0.4577205882352941,42,38
2026-10-06-wouldn-t-it-be-loverly-0f69d3,sampled,own,own,10,0.9031088435374162,great,9,150.0,Wouldn't It Be Loverly,2026-10-06,lick-practice,False,True,0.15552406988951137,0.218625,0.27401376501034247,0.023219954648526078,0.2208649750252581,0.13931972789115646,0.878608650792905,0.13931972789115646,0.878608650792905,0.13931972789115646,0.9380109310150146,0.13931972789115646,0.92,0.13931972789115646,0.9219008264462809,0.13931972789115646,0.7673944617674603,0.16253968253968254,0.7673944617674603,0.16253968253968254,0.834105908870697,0.16253968253968254,0.6386066763425254,0.13931972789115646,0.5924843423799583,0.13931972789115646,0.6386066763425254,0.13931972789115646,0.66,0.6185567010309279,0.5375,15,10
2026-10-06-wouldn-t-it-be-loverly-265fb1,sampled,own,own,10,0.9706485260770981,perfect,10,150.0,Wouldn't It Be Loverly,2026-10-06,lick-practice,False,True,0.09851107677031334,0.17827083333333332,0.43614362745146046,0.06965986394557823,0.04058755047739261,0.13931972789115646,0.9199257124730242,0.13931972789115646,0.9199257124730242,0.13931972789115646,0.9587801694869995,0.13931972789115646,1.0,0.13931972789115646,1.0,0.13931972789115646,0.8278975237191208,0.13931972789115646,0.8278975237191208,0.13931972789115646,0.881707489490509,0.13931972789115646,0.8139766664712433,0.13931972789115646,0.7920922089290925,0.13931972789115646,0.8139766664712433,0.13931972789115646,0.8240740740740741,0.8041237113402062,0.7625,15,12
2026-10-06-wouldn-t-it-be-loverly-5b7def,sampled,own,own,10,0.8920294784580509,great,9,150.0,Wouldn't It Be Loverly,2026-10-06,lick-practice,False,True,0.12345400051956198,0.15825,0.24314541130884323,1.3931972789115648,0.05138914439703582,0.13931972789115646,0.833975668118252,0.13931972789115646,0.833975668118252,0.13931972789115646,0.8893836140632629,0.13931972789115646,0.8627450980392157,0.13931972789115646,0.8551151872475161,0.13931972789115646,0.8161470148621536,0.13931972789115646,0.8161470148621536,0.13931972789115646,0.8897180557250977,0.13931972789115646,0.6604399845619451,0.13931972789115646,0.6169895678092399,0.13931972789115646,0.6604399845619451,0.13931972789115646,0.6831683168316832,0.6391752577319587,0.5625,14,11
2026-10-06-wouldn-t-it-be-loverly-6c1f1e,sampled,own,own,10,0.9515510204081642,perfect,10,150.0,Wouldn't It Be Loverly,2026-10-06,lick-practice,False,True,0.09238542945245347,0.15420833333333334,0.5266729206792955,0.023219954648526078,0.25128510124490055,0.18575963718820862,0.8888722430399763,0.18575963718820862,0.8888722430399763,0.18575963718820862,0.9606493711471558,0.18575963718820862,0.9528301886792453,0.18575963718820862,0.957345971563981,0.18575963718820862,0.7428450488704976,0.2089795918367347,0.7428450488704976,0.2089795918367347,0.7974367737770081,0.2089795918367347,0.7978301944292071,0.18575963718820862,0.7750759878419454,0.18575963718820862,0.7978301944292071,0.18575963718820862,0.8018867924528302,0.7938144329896907,0.75,12,10
2026-10-06-wouldn-t-it-be-loverly-8d7073,sampled,own,own,10,0.8088231292517009,good,8,150.0,Wouldn't It Be Loverly,2026-10-06,lick-practice,False,True,0.12058289555569508,0.113375,0.3795941505919174,0.046439909297052155,0.006027288734700633,0.11609977324263039,0.8773259922740905,0.11609977324263039,0.8773259922740905,0.11609977324263039,0.9005168080329895,0.11609977324263039,0.8613861386138614,0.11609977324263039,0.8544471419112779,0.11609977324263039,0.8487934610707973,0.11609977324263039,0.8487934610707973,0.11609977324263039,0.8831748962402344,0.11609977324263039,0.7355516637478108,0.11609977324263039,0.7035398230088494,0.11609977324263039,0.7355516637478108,0.11609977324263039,0.75,0.7216494845360825,0.6625,17,11
2026-10-06-wouldn-t-it-be-loverly-8f88d4,sampled,own,own,10,0.9628049886621315,perfect,10,150.0,Wouldn't It Be Loverly,2026-10-06,lick-practice,False,True,0.11628450351792916,0.131875,0.5136120219000507,0.023219954648526078,0.016181453883114427,0.09287981859410431,0.8727569102756376,0.09287981859410431,0.8727569102756376,0.09287981859410431,0.9259673953056335,0.09287981859410431,0.9047619047619048,0.09287981859410431,0.9279609279609279,0.09287981859410431,0.8396601576388367,0.09287981859410431,0.8396601576388367,0.09287981859410431,0.9107442498207092,0.09287981859410431,0.7558797464039813,0.09287981859410431,0.7333333333333333,0.09287981859410431,0.7558797464039813,0.09287981859410431,0.77,0.7422680412371134,0.7,14,11
2026-10-06-wouldn-t-it-be-loverly-affbd8,sampled,own,own,10,0.9813877551020416,perfect,10,150.0,Wouldn't It Be Loverly,2026-10-06,lick-practice,False,True,0.10963564369185999,0.0655,0.5018907647750347,0.023219954648526078,0.0,0.11609977324263039,0.8163203003445292,0.11609977324263039,0.8163203003445292,0.11609977324263039,0.8379191160202026,0.11609977324263039,0.6634615384615384,0.11609977324263039,0.6554445763777328,0.11609977324263039,0.5489565427831518,0.11609977324263039,0.5489565427831518,0.11609977324263039,0.5686103105545044,0.11609977324263039,0.8246035559827007,0.11609977324263039,0.8021518230723251,0.11609977324263039,0.0,0.11609977324263039,0.8461538461538461,0.8041237113402062,0.7625,18,11
2026-10-06-wouldn-t-it-be-loverly-c49eeb,sampled,own,own,10,0.9815328798185938,perfect,10,150.0,Wouldn't It Be Loverly,2026-10-06,lick-practice,False,True,0.09306493737036105,0.12958333333333333,0.32681152237174355,0.023219954648526078,0.12956962956875243,0.13931972789115646,0.9509026645644894,0.13931972789115646,0.9509026645644894,0.13931972789115646,0.975606381893158,0.13931972789115646,1.0,0.13931972789115646,1.0,0.13931972789115646,0.8199650640410137,0.13931972789115646,0.8199650640410137,0.13931972789115646,0.8383561372756958,0.13931972789115646,0.7320997586484311,0.13931972789115646,0.7003811944091486,0.13931972789115646,0.7320997586484311,0.13931972789115646,0.7428571428571429,0.7216494845360825,0.6625,15,12
2026-10-06-wouldn-t-it-be-loverly-d44657,sampled,own,own,10,0.869784580498866,great,9,150.0,Wouldn't It Be Loverly,2026-10-06,lick-practice,False,True,0.1873292931126075,0.025645833333333333,0.5610629048830111,0.09287981859410431,0.14968183095842374,0.13931972789115646,0.8857549666389217,0.13931972789115646,0.8857549666389217,0.13931972789115646,0.9315739274024963,0.13931972789115646,0.9047619047619048,0.13931972789115646,0.9047619047619048,0.13931972789115646,0.7808883730473557,0.13931972789115646,0.7808883730473557,0.13931972789115646,0.8547546863555908,0.13931972789115646,0.7746595921498435,0.13931972789115646,0.7458279845956355,0.13931972789115646,0.7746595921498435,0.13931972789115646,0.7980769230769231,0.7525773195876289,0.7,11,11
2026-10-06-wouldn-t-it-be-loverly-def5f0,sampled,own,own,10,0.9118458049886626,great,9,150.0,Wouldn't It Be Loverly,2026-10-06,lick-practice,False,True,0.21473334793238708,0.148125,0.4141651369940753,0.11609977324263039,0.13703181488638563,0.18575963718820862,0.9345262229927187,0.18575963718820862,0.9345262229927187,0.18575963718820862,0.951158344745636,0.18575963718820862,0.9223300970873787,0.18575963718820862,0.927799093128706,0.18575963718820862,0.8980944108187667,0.18575963718820862,0.8980944108187667,0.18575963718820862,0.9228323101997375,0.18575963718820862,0.7342769589960602,0.18575963718820862,0.6978550295857988,0.18575963718820862,0.7342769589960602,0.18575963718820862,0.7708333333333334,0.7010309278350515,0.6375,9,10
2026-10-06-wouldn-t-it-be-loverly-ede737,sampled,own,own,10,0.8753287981859394,great,9,150.0,Wouldn't It Be Loverly,2026-10-06,lick-practice,False,True,0.1995947740129842,0.017520833333333333,0.5451923541578537,0.023219954648526078,0.49929886340782864,0.046439909297052155,0.8714065182257474,0.046439909297052155,0.8714065182257474,0.046439909297052155,0.9456232190132141,0.046439909297052155,1.0,0.046439909297052155,0.975609756097561,0.046439909297052155,0.8247081340267891,0.06965986394557823,0.8247081340267891,0.06965986394557823,0.9092192649841309,0.06965986394557823,0.7335490830636461,0.046439909297052155,0.6971975393028024,0.046439909297052155,0.7335490830636461,0.046439909297052155,0.7692307692307693,0.7010309278350515,0.6375,15,12
2026-10-06-wouldn-t-it-be-loverly-fee8af,sampled,own,own,10,0.9650975056689339,perfect,10,150.0,Wouldn't It Be Loverly,2026-10-06,lick-practice,False,True,0.1457412000242378,0.1690625,0.5007138316231209,0.023219954648526078,0.14298754484449355,0.13931972789115646,0.9132800407525969,0.13931972789115646,0.9132800407525969,0.13931972789115646,0.9632500410079956,0.13931972789115646,0.9626168224299065,0.13931972789115646,0.9622606604384424,0.13931972789115646,0.7317730109623777,0.13931972789115646,0.7317730109623777,0.13931972789115646,0.8246159553527832,0.13931972789115646,0.813625304136253,0.13931972789115646,0.788099574984821,0.13931972789115646,0.813625304136253,0.13931972789115646,0.8461538461538461,0.7835051546391752,0.7375,19,12
