take,source,tempo,dtw_precision,dtw_f1,m5_precision,m3_hold,saved_overall,saved_grade,saved_charged,F1 gated_overall,F1 gated_grade,F1 gated_charged,F1 naive_overall,F1 naive_grade,F1 naive_charged,F3_overall,F3_grade,F3_charged,F1 gated + F3_overall,F1 gated + F3_grade,F1 gated + F3_charged,extras
2026-07-16-altissimo-shake-178424,ear-training,105,0.8557692307692307,0.9100565869155168,0.8363636363636363,0.8650795684288476,0.7531825396825396,good,0,0.7531825396825396,good,0,0.6694955908289242,fair,1,0.7449206349206349,good,0,0.7449206349206349,good,0,1
2026-07-16-apple-jump-043d9b,lick-practice,95,0.9013157894736842,0.913894496620732,0.9133333333333332,0.9247042503267686,0.9757662551440404,perfect,0,0.8781896296296363,great,1,0.7318246913580302,good,3,0.9703260267069882,perfect,0,0.8732934240362895,great,1,3
2026-07-16-apple-jump-11f497,lick-practice,95,0.8066666666666666,0.846397087006516,0.5680473372781065,0.6181484790246808,0.821080452674892,good,0,0.7389724074074029,good,1,0.5278374338624305,try-again,5,0.8058581506676683,good,0,0.7252723356009015,good,1,5
2026-07-16-apple-jump-19f2db,lick-practice,95,0.5726495726495726,0.547458432304038,0.437956204379562,0.5568666438830187,0.5756488340192131,fair,0,0.47098540965208346,try-again,2,0.3985261158594552,try-again,4,0.5651935836062927,fair,0,0.462431113859694,try-again,2,4
2026-07-16-apple-jump-40e0f2,lick-practice,95,0.9395973154362416,0.9688581314878892,0.8943661971830986,0.9184984662519988,0.9832763374485597,perfect,0,0.9832763374485597,perfect,0,0.7374572530864197,good,3,0.9795220458553792,perfect,0,0.9795220458553792,perfect,0,3
2026-07-16-apple-jump-4213c6,lick-practice,95,0.832258064516129,0.8659288824383163,0.8266666666666667,0.8386300859419076,0.8331972565157788,good,0,0.8331972565157788,good,0,0.6248979423868342,fair,3,0.8256837154614979,good,0,0.8256837154614979,good,0,3
2026-07-16-apple-jump-50816e,lick-practice,95,0.9863013698630136,0.9870525514089872,0.9245283018867924,0.9515929586709814,0.990925651577501,perfect,0,0.990925651577501,perfect,0,0.8107573512906827,good,2,0.988888552952042,perfect,0,0.988888552952042,perfect,0,2
2026-07-16-apple-jump-5377fb,lick-practice,95,0.9536423841059604,0.95547619550747,0.918918918918919,0.9513102219156596,0.9890578875171445,perfect,0,0.9890578875171445,perfect,0,0.7417934156378583,good,3,0.9866014949189524,perfect,0,0.9866014949189524,perfect,0,3
2026-07-16-apple-jump-98b4a6,lick-practice,95,0.6871165644171779,0.7540234403793705,0.5432098765432098,0.648965089297202,0.718901028806582,good,0,0.5881917508417489,fair,2,0.43134061728394923,try-again,6,0.7006951373141822,good,0,0.5732960214388763,fair,2,6
2026-07-16-apple-jump-bd7043,lick-practice,95,0.8903225806451613,0.8963398578074256,0.8758169934640523,0.8995417783421183,0.9052384773662524,great,0,0.9052384773662524,great,0,0.7406496632996611,good,2,0.8989314688838466,great,0,0.8989314688838466,great,0,2
2026-07-16-apple-jump-c77bea,lick-practice,95,0.9508196721311476,0.96895947200165,0.6240601503759399,0.6807084781513817,0.9256377914951931,great,0,0.7573400112233398,good,2,0.6942283436213947,fair,3,0.9089442344839099,great,0,0.7436816463959263,good,2,3
2026-07-16-apple-jump-ec0bf3,lick-practice,95,0.9612903225806452,0.9623513060540408,0.8888888888888888,0.933867373206514,0.9771386145404615,perfect,0,0.9771386145404615,perfect,0,0.7994770482603777,good,2,0.9720064667842385,perfect,0,0.9720064667842385,perfect,0,2
2026-07-16-apple-jump-fe3ccf,lick-practice,95,0.8620689655172413,0.8788712184622743,0.8397435897435898,0.8791045485823242,0.9061716049382649,great,0,0.9061716049382649,great,0,0.7414131313131258,good,2,0.9000740740740658,great,0,0.9000740740740658,great,0,2
2026-07-16-blue-climb-178424,ear-training,105,0.9743589743589745,0.9870129870129868,0.8051948051948052,0.7802173745150518,0.8173131746031747,good,0,0.8173131746031747,good,0,0.8173131746031747,good,0,0.8062507936507937,good,0,0.8062507936507937,good,0,0
2026-07-16-blue-monk-47cba6,lick-practice,60,0.9285714285714286,0.934944792599224,0.9615384615384616,0.923926584790868,0.8823252204585539,great,0,0.8823252204585539,great,0,0.8823252204585539,great,0,0.8795122197026961,great,0,0.8795122197026961,great,0,0
2026-07-16-blue-neighbor-178424,ear-training,105,0.6444444444444445,0.77882096069869,0.6043956043956044,0.6770326823673465,0.9497960317460319,great,0,0.9497960317460319,great,0,0.9497960317460319,great,0,0.9409365079365081,great,0,0.9409365079365081,great,0,0
2026-07-16-blue-note-wobble-178424,ear-training,105,1.0,1.0,0.935064935064935,0.87348132772544,0.9730833333333333,perfect,0,0.9730833333333333,perfect,0,0.9730833333333333,perfect,0,0.9683333333333333,perfect,0,0.9683333333333333,perfect,0,0
2026-07-16-blue-wobble-178424,ear-training,105,0.7671232876712328,0.7584650112866816,0.6444444444444445,0.7507563079906325,0.7452222222222222,good,0,0.5589166666666666,fair,1,0.5589166666666666,fair,1,0.7355555555555555,good,0,0.5516666666666666,fair,1,1
2026-07-16-blues-moan-178424,ear-training,105,0.9603174603174603,0.9672872620174608,0.944,0.9503476811698608,0.9670928571428572,perfect,0,0.9670928571428572,perfect,0,0.9670928571428572,perfect,0,0.9612857142857143,perfect,0,0.9612857142857143,perfect,0,0
2026-07-16-chromatic-below-chord-tones-094043,lick-practice,87,0.9545454545454546,0.9643504531722054,0.967391304347826,0.9155932268831464,0.9790243631606488,perfect,0,0.9790243631606488,perfect,0,0.9790243631606488,perfect,0,0.9734485609628466,perfect,0,0.9734485609628466,perfect,0,0
2026-07-16-chromatic-below-chord-tones-2e7bdf,lick-practice,87,0.9578947368421052,0.963529411764706,0.946808510638298,0.9279691492186652,0.9858715259026676,perfect,0,0.9858715259026676,perfect,0,0.9858715259026676,perfect,0,0.982115855572997,perfect,0,0.982115855572997,perfect,0,0
2026-07-16-chromatic-below-chord-tones-577a60,lick-practice,87,0.9112426035502958,0.9196456556525182,0.7469879518072289,0.7075040813618236,0.8143658845281685,good,0,0.8143658845281685,good,0,0.7561968927761564,good,1,0.8018263387406221,good,0,0.8018263387406221,good,0,1
2026-07-16-chromatic-below-chord-tones-a9c6f6,lick-practice,87,0.9197860962566844,0.9315358803791136,0.8776595744680851,0.879081472158432,0.9794238691784415,perfect,0,0.9794238691784415,perfect,0,0.8488340199546494,good,2,0.9739542647828373,perfect,0,0.9739542647828373,perfect,0,2
2026-07-16-chromatic-below-chord-tones-ac344b,lick-practice,87,0.9675675675675676,0.9785299532644104,0.96,0.9019685847229428,0.9828230050584333,perfect,0,0.9828230050584333,perfect,0,0.9828230050584333,perfect,0,0.9782569684283968,perfect,0,0.9782569684283968,perfect,0,0
2026-07-16-chromatic-below-chord-tones-f0576b,lick-practice,87,0.8797814207650273,0.8834649665366194,0.8222222222222222,0.7848053716950947,0.8934262236176498,great,0,0.8934262236176498,great,0,0.8296100647878175,good,1,0.8855443921158176,great,0,0.8855443921158176,great,0,1
2026-07-16-climb-through-the-blue-178424,ear-training,105,0.4230769230769231,0.466557911908646,0.1081081081081081,0.4527462957799434,0.548588492063492,try-again,0,0.548588492063492,try-again,0,0.548588492063492,try-again,0,0.539515873015873,try-again,0,0.539515873015873,try-again,0,0
2026-07-16-cry-me-a-river-1a3fd0,lick-practice,94,0.8990825688073395,0.9219190968955786,0.9803921568627452,0.9298781926254576,0.9860945205341428,perfect,0,0.9860945205341428,perfect,0,0.9860945205341428,perfect,0,0.9829030990173887,perfect,0,0.9829030990173887,perfect,0,0
2026-07-16-cry-me-a-river-1bc999,lick-practice,94,0.6203703703703703,0.5777107135158439,0.6568627450980392,0.7076409783433465,0.8558233153607108,great,0,0.8558233153607108,great,0,0.8558233153607108,great,0,0.8456844041320215,good,0,0.8456844041320215,good,0,0
2026-07-16-cry-me-a-river-24360d,lick-practice,94,0.8018867924528302,0.8321860180510939,0.7788461538461539,0.8130434269098927,0.7812314880322504,good,0,0.7812314880322504,good,0,0.7812314880322504,good,0,0.7769239606953899,good,0,0.7769239606953899,good,0,0
2026-07-16-cry-me-a-river-554b0c,lick-practice,94,0.9134615384615384,0.9464832503084868,0.9411764705882352,0.905293625118076,0.9861627184009343,perfect,0,0.9861627184009343,perfect,0,0.9861627184009343,perfect,0,0.9829869488536076,perfect,0,0.9829869488536076,perfect,0,0
2026-07-16-cry-me-a-river-591a02,lick-practice,94,0.9117647058823528,0.9455715684902756,0.9514563106796116,0.919967593048974,0.9802878656252647,perfect,0,0.8402467419645125,good,1,0.8402467419645125,good,1,0.9757637692113912,perfect,0,0.8363689450383351,good,1,1
2026-07-16-cry-me-a-river-716992,lick-practice,94,0.8703703703703703,0.906585836318545,0.9047619047619048,0.9217918118555768,0.9803304892920082,perfect,0,0.840283276536007,good,1,0.7352478669690061,good,2,0.9758161753590263,perfect,0,0.8364138645934511,good,1,2
2026-07-16-cry-me-a-river-7b9afe,lick-practice,94,0.9385964912280702,0.9597992017446406,0.6386554621848739,0.7362913504350099,0.8825386827916388,great,0,0.8825386827916388,great,0,0.7564617281071189,good,1,0.8555803476946379,great,0,0.8555803476946379,great,0,1
2026-07-16-cry-me-a-river-9d1983,lick-practice,94,0.7676767676767676,0.8053207079246985,0.7657657657657657,0.8775792532473159,0.8884802573276221,great,0,0.8884802573276221,great,0,0.8884802573276221,great,0,0.8858363819601911,great,0,0.8858363819601911,great,0,0
2026-07-16-cry-me-a-river-b5ea50,lick-practice,94,0.9252336448598132,0.9569840502658288,0.9245283018867924,0.9394698821715196,0.983930426807762,perfect,0,0.983930426807762,perfect,0,0.983930426807762,perfect,0,0.9802423280423304,perfect,0,0.9802423280423304,perfect,0,0
2026-07-16-cry-me-a-river-c67418,lick-practice,94,0.8867924528301887,0.9278859336440912,0.8807339449541285,0.9283278451549064,0.9816128878810789,perfect,0,0.9816128878810789,perfect,0,0.9816128878810789,perfect,0,0.9773928949357528,perfect,0,0.9773928949357528,perfect,0,0
2026-07-16-cry-me-a-river-c6ae3e,lick-practice,94,0.5048543689320388,0.4440993788819876,0.2,0.5139767425539701,0.55078573074662,fair,0,0.47210205492567414,try-again,1,0.47210205492567414,try-again,1,0.5394906525573195,try-again,0,0.46242055933484527,try-again,1,1
2026-07-16-cry-me-a-river-d7ee2a,lick-practice,94,0.8785046728971962,0.9192523876982132,0.8785046728971962,0.9155034294231332,0.9842754735869677,perfect,0,0.9842754735869677,perfect,0,0.9842754735869677,perfect,0,0.9806665658856161,perfect,0,0.9806665658856161,perfect,0,0
2026-07-16-eric-alexander-chord-tone-lick-101e38,lick-practice,79,0.3777777777777777,0.3808784383318545,0.3926940639269406,0.5135117991248498,0.44542885717435465,try-again,0,0.44542885717435465,try-again,0,0.44542885717435465,try-again,0,0.4285094198790673,try-again,0,0.4285094198790673,try-again,0,0
2026-07-16-eric-alexander-chord-tone-lick-103b96,lick-practice,79,0.5495495495495496,0.540797264351075,0.4017857142857143,0.5356793651055243,0.620670492850844,fair,0,0.5226698887165002,try-again,3,0.5226698887165002,try-again,3,0.6038259731670444,fair,0,0.5084850300354058,try-again,3,3
2026-07-16-eric-alexander-chord-tone-lick-205a5c,lick-practice,79,0.945945945945946,0.961312386448648,0.896,0.9090398054670644,0.9819167891156466,perfect,0,0.9819167891156466,perfect,0,0.9819167891156466,perfect,0,0.9763102040816329,perfect,0,0.9763102040816329,perfect,0,0
2026-07-16-eric-alexander-chord-tone-lick-d75f62,lick-practice,79,0.923694779116466,0.956813490703624,0.900398406374502,0.8725251758823523,0.9771613464978555,perfect,0,0.9196812672920993,great,1,0.9196812672920993,great,1,0.9700803665910771,perfect,0,0.9130168156151314,great,1,1
2026-07-16-fifth-b7-octave-178424,ear-training,105,0.8,0.8808988764044944,0.6534653465346535,0.8061218759417534,0.9296388888888889,great,0,0.6972291666666667,fair,1,0.46481944444444445,try-again,3,0.9172222222222223,great,0,0.6879166666666666,fair,1,3
2026-07-16-flat-seven-fifth-slide-178424,ear-training,105,0.8070175438596491,0.7978502503969708,0.6790123456790124,0.7840895675817283,0.9490000000000001,great,0,0.9490000000000001,great,0,0.9490000000000001,great,0,0.9400000000000001,great,0,0.9400000000000001,great,0,0
2026-07-16-flat-seven-root-178424,ear-training,105,0.85,0.8789772727272727,0.532608695652174,0.7026604891328488,0.9426249999999999,great,0,0.9426249999999999,great,0,0.9426249999999999,great,0,0.9325,great,0,0.9325,great,0,0
2026-07-16-fourth-b3-root-178424,ear-training,105,0.8676470588235294,0.7987559458470546,0.6666666666666666,0.7756478658616542,0.7480555555555555,good,0,0.7480555555555555,good,0,0.5610416666666667,fair,1,0.7388888888888889,good,0,0.7388888888888889,good,0,1
2026-07-16-honeysuckle-rose-0dd4c0,lick-practice,100,0.91,0.9484922080550496,0.989010989010989,0.9245627663517726,0.9776240866717034,perfect,0,0.9776240866717034,perfect,0,0.9776240866717034,perfect,0,0.973148904006044,perfect,0,0.973148904006044,perfect,0,0
2026-07-16-honeysuckle-rose-7ee04d,lick-practice,100,0.9175257731958762,0.9525640359536552,0.9587628865979382,0.94261892583534,0.9802645502645517,perfect,0,0.9802645502645517,perfect,0,0.8168871252204598,good,1,0.976317460317462,perfect,0,0.976317460317462,perfect,0,1
2026-07-16-honeysuckle-rose-874f2d,lick-practice,100,0.8333333333333334,0.8802177858439202,0.92,0.8785897365963186,0.9909876543209912,perfect,0,0.9909876543209912,perfect,0,0.9909876543209912,perfect,0,0.9891851851851895,perfect,0,0.9891851851851895,perfect,0,0
2026-07-16-honeysuckle-rose-994749,lick-practice,100,0.9239130434782608,0.9559947586809348,0.978494623655914,0.9231942647187285,0.9892466616276218,perfect,0,0.9892466616276218,perfect,0,0.9892466616276218,perfect,0,0.9870959939531461,perfect,0,0.9870959939531461,perfect,0,0
2026-07-16-honeysuckle-rose-ac0c4a,lick-practice,100,0.9090909090909092,0.9479981592268752,0.978494623655914,0.9214043680948156,0.9896875787351975,perfect,0,0.9896875787351975,perfect,0,0.8247396489459979,good,1,0.9876250944822371,perfect,0,0.9876250944822371,perfect,0,1
2026-07-16-honeysuckle-rose-aeb679,lick-practice,100,0.9292929292929292,0.9588666835314952,0.9292929292929292,0.9424655369219888,0.9862509448223702,perfect,0,0.9862509448223702,perfect,0,0.8218757873519751,good,1,0.9835011337868442,perfect,0,0.9835011337868442,perfect,0,1
2026-07-16-honeysuckle-rose-cd6206,lick-practice,100,0.9117647058823528,0.9494498959262564,0.978494623655914,0.9354328089997967,0.9875434618291774,perfect,0,0.9875434618291774,perfect,0,0.9875434618291774,perfect,0,0.985052154195013,perfect,0,0.985052154195013,perfect,0,0
2026-07-16-honeysuckle-rose-d7e384,lick-practice,100,0.9072164948453608,0.9335879482283048,0.946236559139785,0.92371770967054,0.9823431594860219,perfect,0,0.9823431594860219,perfect,0,0.818619299571685,good,1,0.9788117913832263,perfect,0,0.9788117913832263,perfect,0,1
2026-07-16-honeysuckle-rose-d8fbc3,lick-practice,100,0.9405940594059404,0.9693877551020408,0.968421052631579,0.931830161351424,0.9905064247921385,perfect,0,0.9905064247921385,perfect,0,0.9905064247921385,perfect,0,0.9886077097505661,perfect,0,0.9886077097505661,perfect,0,0
2026-07-16-honeysuckle-rose-ddcfae,lick-practice,100,0.898989898989899,0.9424767388063536,0.956989247311828,0.896580405817687,0.9823708742756341,perfect,0,0.9823708742756341,perfect,0,0.9823708742756341,perfect,0,0.978845049130761,perfect,0,0.978845049130761,perfect,0,0
2026-07-16-honeysuckle-rose-ea0991,lick-practice,100,0.8804347826086957,0.9278975741239892,0.967391304347826,0.9180002176124632,0.9952355757117668,perfect,0,0.9952355757117668,perfect,0,0.8293629797598057,good,1,0.9942826908541201,perfect,0,0.9942826908541201,perfect,0,1
2026-07-16-honeysuckle-rose-f44759,lick-practice,100,0.6923076923076923,0.6923076923076923,0.3557692307692308,0.5630392684167578,0.9087855883093948,great,0,0.6491325630781392,fair,2,0.5679909926933717,fair,3,0.9065427059712738,great,0,0.6475305042651955,fair,2,3
2026-07-16-minor-triad-down-178424,ear-training,105,0.631578947368421,0.6925157799819657,0.4420289855072464,0.6584385971228282,0.9008333333333333,great,0,0.7206666666666666,good,1,0.7206666666666666,good,1,0.8833333333333333,great,0,0.7066666666666667,good,1,1
2026-07-16-minor-triad-up-178424,ear-training,105,0.9722222222222222,0.9859154929577464,1.0,0.9528266491208758,0.9488886904761905,great,0,0.9488886904761905,great,0,0.9488886904761905,great,0,0.9398690476190477,great,0,0.9398690476190477,great,0,0
2026-07-16-octave-reach-through-blue-178424,ear-training,105,0.9240506329113924,0.9605263157894736,0.8314606741573034,0.8343358607101841,0.6412083333333334,fair,0,0.6412083333333334,fair,0,0.6412083333333334,fair,0,0.6308333333333332,fair,0,0.6308333333333332,fair,0,0
2026-07-16-pent-arch-178424,ear-training,105,0.9310344827586208,0.9483357157443332,0.9370629370629372,0.9091820116405204,0.9504625396825397,perfect,0,0.9504625396825397,perfect,0,0.7920521164021164,good,1,0.9417206349206348,great,0,0.9417206349206348,great,0,1
2026-07-16-repeated-tumble-178424,ear-training,105,0.6129032258064516,0.6688807705081369,0.3376623376623376,0.6148444695605172,0.7454102182539684,good,0,0.7454102182539684,good,0,0.7454102182539684,good,0,0.740188492063492,good,0,0.740188492063492,good,0,0
2026-07-16-root-b3-fourth-178424,ear-training,105,0.2222222222222222,0.3076923076923076,0.3300970873786408,0.5597114688456059,0.7286944444444444,good,0,0.4372166666666667,try-again,2,0.4372166666666667,try-again,2,0.7161111111111111,good,0,0.4296666666666667,try-again,2,2
2026-07-16-root-climb-178424,ear-training,105,0.896551724137931,0.9454545454545454,0.7978723404255319,0.8287057430804277,0.7623166666666668,good,0,0.7623166666666668,good,0,0.7623166666666668,good,0,0.7556666666666667,good,0,0.7556666666666667,good,0,0
2026-07-16-root-flat-third-178424,ear-training,105,0.9852941176470588,0.9871490545960548,0.9886363636363636,0.956439275166084,0.9575,perfect,0,0.9575,perfect,0,0.9575,perfect,0,0.95,perfect,0,0.95,perfect,0,0
2026-07-16-sharp-9-flat-9-dom-2c140c,lick-practice,119,0.9482758620689656,0.9081119885139984,0.913793103448276,0.8927300891845055,0.9685638471487368,perfect,0,0.9685638471487368,perfect,0,0.9685638471487368,perfect,0,0.9649410934744276,perfect,0,0.9649410934744276,perfect,0,0
2026-07-16-sharp-9-flat-9-dom-54f19b,lick-practice,119,0.9453125,0.9423439266423816,0.9516129032258064,0.94035708981675,0.8732166737213414,great,0,0.8732166737213414,great,0,0.8732166737213414,great,0,0.8714105820105831,great,0,0.8714105820105831,great,0,0
2026-07-16-sharp-9-flat-9-dom-56ba37,lick-practice,119,0.9421487603305784,0.948306595365419,0.934959349593496,0.930036700004107,0.7526605682931625,good,0,0.7526605682931625,good,0,0.6158131922398602,fair,2,0.7497660199882441,good,0,0.7497660199882441,good,0,2
2026-07-16-sharp-9-flat-9-dom-7399a5,lick-practice,119,0.912,0.9254943040460916,0.9,0.8777425920034384,0.9669141069958842,perfect,0,0.9669141069958842,perfect,0,0.9669141069958842,perfect,0,0.9631012345679006,perfect,0,0.9631012345679006,perfect,0,0
2026-07-16-sharp-9-flat-9-dom-831660,lick-practice,119,0.984126984126984,0.9844876022963234,0.9844961240310076,0.9126338254321704,0.8737089178914386,great,0,0.8737089178914386,great,0,0.8737089178914386,great,0,0.871959553204,great,0,0.871959553204,great,0,0
2026-07-16-sharp-9-flat-9-dom-8540c6,lick-practice,119,0.8648648648648649,0.828708842027377,0.6923076923076923,0.7512617860134546,0.5763712263374442,fair,0,0.5187341037036999,try-again,1,0.39902623361823064,try-again,4,0.5659654320987606,fair,0,0.5093688888888845,try-again,1,4
2026-07-16-sharp-9-flat-9-dom-983318,lick-practice,119,1.0,1.0,0.9242424242424242,0.9139332382322906,0.9779511722516168,perfect,0,0.9779511722516168,perfect,0,0.8801560550264551,great,1,0.975410229276896,perfect,0,0.975410229276896,perfect,0,1
2026-07-16-sharp-9-flat-9-dom-c8759e,lick-practice,119,1.0,1.0,0.9555555555555556,0.9053548036457656,0.983831850676073,perfect,0,0.983831850676073,perfect,0,0.983831850676073,perfect,0,0.9819686067019401,perfect,0,0.9819686067019401,perfect,0,0
2026-07-16-sharp-9-flat-9-dom-d82b89,lick-practice,119,1.0,1.0,0.8984375,0.9109410488760316,0.9080862363315697,great,0,0.9080862363315697,great,0,0.9080862363315697,great,0,0.9051767195767196,great,0,0.9051767195767196,great,0,0
2026-07-16-sharp-9-flat-9-dom-f6e95f,lick-practice,119,0.900763358778626,0.9123518600671776,0.8955223880597015,0.8862168502497982,0.9847764871644128,perfect,0,0.9847764871644128,perfect,0,0.8862988384479715,great,1,0.9830221046443265,perfect,0,0.9830221046443265,perfect,0,1
2026-07-16-sharp-9-flat-9-dom-fa2ff5,lick-practice,119,0.9398496240601504,0.9123233835501076,0.916030534351145,0.8934682937121237,0.6546833834999016,fair,0,0.6546833834999016,fair,0,0.6546833834999016,fair,0,0.6533024103468543,fair,0,0.6533024103468543,fair,0,0
2026-07-16-sharp-9-flat-9-dom-fed363,lick-practice,119,0.944,0.9454825165860068,0.9291338582677166,0.9014781415462494,0.9792348657652382,perfect,0,0.9792348657652382,perfect,0,0.9792348657652382,perfect,0,0.9768418577307489,perfect,0,0.9768418577307489,perfect,0,0
2026-07-16-slide-back-down-178424,ear-training,105,0.8235294117647058,0.5504121750158529,0.4,0.557026488929987,0.5183500000000001,try-again,0,0.5183500000000001,try-again,0,0.5183500000000001,try-again,0,0.511,try-again,0,0.511,try-again,0,0
2026-07-16-up-to-the-seventh-178424,ear-training,105,1.0,1.0,0.4948453608247423,0.707855390548706,0.7945948412698413,good,0,0.635675873015873,fair,1,0.635675873015873,fair,1,0.7848174603174602,good,0,0.6278539682539682,fair,1,1
2026-07-16-wouldn-t-it-be-loverly-12f45a,lick-practice,100,1.0,1.0,0.9567901234567902,0.8898590731490506,0.887894935752078,great,0,0.887894935752078,great,0,0.887894935752078,great,0,0.8854739229024936,great,0,0.8854739229024936,great,0,0
2026-07-16-wouldn-t-it-be-loverly-3f488c,lick-practice,100,1.0,1.0,0.935483870967742,0.9511667708555858,0.8848526077097533,great,0,0.8848526077097533,great,0,0.737377173091461,good,2,0.8818231292517039,great,0,0.8818231292517039,great,0,2
2026-07-16-wouldn-t-it-be-loverly-448927,lick-practice,100,0.8012048192771084,0.8230661040787624,0.6993865030674846,0.7079617165314044,0.8845502645502683,great,0,0.8041366041366076,good,1,0.7371252204585568,good,2,0.8751746031746072,great,0,0.7956132756132792,good,1,2
2026-07-16-wouldn-t-it-be-loverly-538d05,lick-practice,100,0.8766233766233766,0.896197948098974,0.9387755102040816,0.8914516034022055,0.9851851851851848,perfect,0,0.9851851851851848,perfect,0,0.9851851851851848,perfect,0,0.9822222222222218,perfect,0,0.9822222222222218,perfect,0,0
2026-07-16-wouldn-t-it-be-loverly-63549f,lick-practice,100,0.8910256410256411,0.8942192813160555,0.8354430379746836,0.8834334291069885,0.9134139581758636,great,0,0.9134139581758636,great,0,0.8303763256144214,good,1,0.9080967498110362,great,0,0.9080967498110362,great,0,1
2026-07-16-wouldn-t-it-be-loverly-788d6e,lick-practice,100,0.9473684210526316,0.9480427046263344,0.915032679738562,0.9258522694228124,0.9834479717813052,perfect,0,0.9834479717813052,perfect,0,0.9834479717813052,perfect,0,0.9801375661375662,perfect,0,0.9801375661375662,perfect,0,0
2026-07-16-wouldn-t-it-be-loverly-a0ec91,lick-practice,100,0.9731543624161074,0.9737562958381196,0.945945945945946,0.9493621183874827,0.9848488284202568,perfect,0,0.9848488284202568,perfect,0,0.9848488284202568,perfect,0,0.981818594104308,perfect,0,0.981818594104308,perfect,0,0
2026-07-16-wouldn-t-it-be-loverly-c0edad,lick-practice,100,0.9013157894736842,0.90576403761989,0.8774193548387097,0.9061469103469224,0.9257961703199804,great,0,0.9257961703199804,great,0,0.9257961703199804,great,0,0.9229554043839765,great,0,0.9229554043839765,great,0,0
2026-07-16-wouldn-t-it-be-loverly-c3ba50,lick-practice,100,1.0,1.0,0.9383561643835616,0.9410176719172616,0.9798034769463377,perfect,0,0.9798034769463377,perfect,0,0.9798034769463377,perfect,0,0.9757641723356053,perfect,0,0.9757641723356053,perfect,0,0
2026-07-16-wouldn-t-it-be-loverly-c6530a,lick-practice,100,0.9256756756756755,0.9339176405119644,0.92,0.9094821889321882,0.9856424792139091,perfect,0,0.9856424792139091,perfect,0,0.8213687326782577,good,2,0.982770975056691,perfect,0,0.982770975056691,perfect,0,2
2026-07-16-wouldn-t-it-be-loverly-e9ae70,lick-practice,100,0.925,0.9304168101963486,0.9272727272727272,0.9038018708020612,0.9884542705971295,perfect,0,0.9884542705971295,perfect,0,0.9884542705971295,perfect,0,0.9861451247165556,perfect,0,0.9861451247165556,perfect,0,0
2026-07-16-wouldn-t-it-be-loverly-edbca0,lick-practice,100,0.422680412371134,0.3010401794819498,0.3020833333333333,0.5012063924340332,0.4669538926681802,try-again,0,0.4669538926681802,try-again,0,0.4669538926681802,try-again,0,0.4443446712018162,try-again,0,0.4443446712018162,try-again,0,0
2026-07-16-zigzag-blues-178424,ear-training,105,0.7818181818181819,0.8393333947150355,0.7333333333333333,0.797578247290262,0.7670568783068783,good,0,0.7670568783068783,good,0,0.7670568783068783,good,0,0.7612433862433863,good,0,0.7612433862433863,good,0,0
2026-10-06-apple-jump-160e9c,lick-practice,110,1.0,1.0,0.9696969696969696,0.954949456166072,0.9824881946194128,perfect,0,0.9824881946194128,perfect,0,0.6315995536839083,fair,5,0.9797940707147071,perfect,0,0.9797940707147071,perfect,0,5
2026-10-06-apple-jump-1d4acd,lick-practice,111,0.962406015037594,0.9669966086740744,0.9097744360902256,0.9212999136551566,0.9801577309145767,perfect,0,0.8821419578231191,great,1,0.7351182981859326,good,3,0.977192794154686,perfect,0,0.8794735147392174,great,1,3
2026-10-06-apple-jump-3176c5,lick-practice,110,0.9217391304347826,0.9291198471018552,0.8780487804878049,0.865279937585195,0.9815156238627123,perfect,0,0.8833640614764412,great,1,0.6309743296260294,fair,5,0.9786718736877451,perfect,0,0.8808046863189707,great,1,5
2026-10-06-apple-jump-3509b3,lick-practice,110,0.9285714285714286,0.9255434782608696,0.8222222222222222,0.8369825068995895,0.7717391114470471,good,0,0.7717391114470471,good,0,0.7717391114470471,good,0,0.7673912824389006,good,0,0.7673912824389006,good,0,0
2026-10-06-apple-jump-3717dd,lick-practice,111,0.9426229508196722,0.9534550553235592,0.8709677419354839,0.9099062822367016,0.9716001662887133,perfect,0,0.9716001662887133,perfect,0,0.6726462689691091,fair,4,0.9673565129755324,perfect,0,0.9673565129755324,perfect,0,4
2026-10-06-apple-jump-467206,lick-practice,110,0.9743589743589745,0.9326504976326214,0.8057553956834532,0.8451422497630119,0.9647609417429541,perfect,0,0.7893498614260535,good,2,0.7893498614260535,good,2,0.9593395481649472,perfect,0,0.7849141757713204,good,2,2
2026-10-06-apple-jump-568744,lick-practice,111,0.7573529411764706,0.7919172005914243,0.816,0.849610261573936,0.842071554043857,good,0,0.842071554043857,good,0,0.7578643986394713,good,1,0.8383964222726327,good,0,0.8383964222726327,good,0,1
2026-10-06-apple-jump-60d5eb,lick-practice,111,0.9508196721311476,0.957630205171786,0.8671875,0.8876923522017649,0.9699083900226474,perfect,0,0.9699083900226474,perfect,0,0.7935614100185298,good,2,0.9654119425547671,perfect,0,0.9654119425547671,perfect,0,2
2026-10-06-apple-jump-642100,lick-practice,111,0.9663865546218487,0.976004396141165,0.864,0.9198319815300606,0.9816321934995735,perfect,0,0.9816321934995735,perfect,0,0.73622414512468,good,3,0.978887578735142,perfect,0,0.978887578735142,perfect,0,3
2026-10-06-apple-jump-6bc44e,lick-practice,110,0.9838709677419356,0.9848921692999656,0.9692307692307692,0.9522084081831154,0.9876076929537241,perfect,0,0.9876076929537241,perfect,0,0.9876076929537241,perfect,0,0.9857011841773738,perfect,0,0.9857011841773738,perfect,0,0
2026-10-06-apple-jump-6e2295,lick-practice,110,0.9689922480620154,0.9704095409540954,0.875,0.906989982422394,0.9738248761232897,perfect,0,0.9738248761232897,perfect,0,0.796765807737237,good,2,0.9697979339884112,perfect,0,0.9697979339884112,perfect,0,2
2026-10-06-apple-jump-78e1fd,lick-practice,111,0.9243697478991596,0.930232558139535,0.7751937984496124,0.841003711591631,0.4733318578986391,try-again,0,0.3872715200988865,try-again,2,0.3872715200988865,try-again,2,0.4544044343662518,try-again,0,0.37178544629966054,try-again,2,2
2026-10-06-apple-jump-8787ac,lick-practice,111,0.6946564885496184,0.7187993680884677,0.680327868852459,0.7593379816205441,0.40099190325016837,try-again,0,0.40099190325016837,try-again,0,0.3280842844774105,try-again,2,0.39117843285459963,try-again,0,0.39117843285459963,try-again,0,2
2026-10-06-apple-jump-88f772,lick-practice,110,0.9492753623188406,0.9569691799082862,0.950354609929078,0.9130857989012476,0.9831869432546709,perfect,0,0.9831869432546709,perfect,0,0.8848682489292039,great,1,0.980600319140005,perfect,0,0.980600319140005,perfect,0,1
2026-10-06-apple-jump-8ea76c,lick-practice,110,0.8695652173913043,0.8852005532503457,0.9508196721311476,0.9078637805852025,0.9114102404747901,great,0,0.9114102404747901,great,0,0.6835576803560925,fair,3,0.9080374569580911,great,0,0.9080374569580911,great,0,3
2026-10-06-apple-jump-961f94,lick-practice,111,0.9814814814814816,0.9871615778620368,0.75,0.7977899663619228,0.9455334845049351,great,0,0.8509801360544416,great,1,0.7736183055040378,good,2,0.9373948097757876,great,0,0.8436553287982089,good,1,2
2026-10-06-apple-jump-9b78ca,lick-practice,110,0.9343065693430656,0.9458813301456204,0.9473684210526316,0.9383600056171416,0.9757346434870255,perfect,0,0.878161179138323,great,1,0.627257985098802,fair,5,0.9720015117157986,perfect,0,0.8748013605442189,great,1,5
2026-10-06-apple-jump-a37338,lick-practice,111,0.9655172413793104,0.9650278763304612,0.8559322033898306,0.8693006663486875,0.9704568253968242,perfect,0,0.9704568253968242,perfect,0,0.8734111428571418,great,1,0.9660423280423266,perfect,0,0.9660423280423266,perfect,0,1
2026-10-06-apple-jump-a65f74,lick-practice,110,0.9767441860465116,0.977807553806214,0.9481481481481482,0.9234761897428536,0.9834534867444904,perfect,0,0.9834534867444904,perfect,0,0.8046437618818558,good,2,0.980907869320566,perfect,0,0.980907869320566,perfect,0,2
2026-10-06-apple-jump-b78ac7,lick-practice,111,0.8473282442748091,0.8561944804476338,0.873015873015873,0.8738266067280446,0.9153751655328296,great,0,0.9153751655328296,great,0,0.7489433172541333,good,2,0.9126917611488463,great,0,0.9126917611488463,great,0,2
2026-10-06-apple-jump-ce41bf,lick-practice,110,0.5075757575757576,0.5402694463565739,0.4863013698630137,0.6698225582669298,0.5854556927297663,fair,0,0.5269101234567897,try-again,1,0.47900920314253603,try-again,2,0.5832181069958842,fair,0,0.5248962962962958,try-again,1,2
2026-10-06-apple-jump-f59166,lick-practice,110,0.9142857142857144,0.9183919377806988,0.9432624113475178,0.9028931480933384,0.8764719800677466,great,0,0.788824782060972,good,1,0.7171134382372473,good,2,0.8745616864029555,great,0,0.78710551776266,good,1,2
2026-10-06-art-pepper-stardust-116901,lick-practice,79,0.9207920792079208,0.9258849557522124,0.940677966101695,0.8793367671486515,0.9772457814730797,perfect,0,0.9772457814730797,perfect,0,0.9772457814730797,perfect,0,0.9701909800957376,perfect,0,0.9701909800957376,perfect,0,0
2026-10-06-art-pepper-stardust-11a422,lick-practice,77,0.981981981981982,0.9867658905213088,0.9739130434782608,0.904318441362942,0.9772492886537373,perfect,0,0.9772492886537373,perfect,0,0.7329369664903029,good,2,0.9699329805996528,perfect,0,0.9699329805996528,perfect,0,2
2026-10-06-art-pepper-stardust-3894fd,lick-practice,77,0.9565217391304348,0.9572519083969466,0.8780487804878049,0.8355727696340848,0.9713519594356477,perfect,0,0.9713519594356477,perfect,0,0.7285139695767358,good,2,0.9621391534391821,perfect,0,0.9621391534391821,perfect,0,2
2026-10-06-art-pepper-stardust-43ffae,lick-practice,79,0.732824427480916,0.7885500933416304,0.6074074074074074,0.6310492304947553,0.7808967996136733,good,0,0.669340113954577,fair,1,0.5205978664091155,try-again,3,0.7749739732930216,good,0,0.6642634056797329,fair,1,3
2026-10-06-art-pepper-stardust-4cfc03,lick-practice,79,0.991150442477876,0.9955555555555556,0.9655172413793104,0.9081003061877,0.9887858274964305,perfect,0,0.9887858274964305,perfect,0,0.9887858274964305,perfect,0,0.9853089443184679,perfect,0,0.9853089443184679,perfect,0,0
2026-10-06-art-pepper-stardust-4d4921,lick-practice,79,0.6587301587301587,0.6779267923767267,0.5467625899280576,0.5981708988047286,0.8720613460989319,great,0,0.6540460095741989,fair,2,0.43603067304946597,try-again,6,0.8633991433610462,great,0,0.6475493575207847,fair,2,6
2026-10-06-art-pepper-stardust-50ee81,lick-practice,77,0.923728813559322,0.9323710237904304,0.859504132231405,0.8502129333860734,0.9748194144620664,perfect,0,0.9748194144620664,perfect,0,0.7311145608465498,good,2,0.9667216931216738,perfect,0,0.9667216931216738,perfect,0,2
2026-10-06-art-pepper-stardust-537534,lick-practice,79,0.7899159663865546,0.8041784861992886,0.7391304347826086,0.7578324472544177,0.7918950116738056,good,0,0.7918950116738056,good,0,0.5939212587553542,fair,2,0.7893821113630641,good,0,0.7893821113630641,good,0,2
2026-10-06-art-pepper-stardust-552dd9,lick-practice,77,0.8362068965517241,0.8818542937876244,0.7461538461538462,0.7865210367378845,0.9612949653145147,perfect,0,0.9612949653145147,perfect,0,0.5767769791887088,fair,4,0.948847971781297,great,0,0.948847971781297,great,0,4
2026-10-06-art-pepper-stardust-89d530,lick-practice,79,0.9813084112149532,0.9820329805562392,0.9739130434782608,0.9019277699841748,0.9842469847988584,perfect,0,0.9842469847988584,perfect,0,0.9842469847988584,perfect,0,0.9793628621819106,perfect,0,0.9793628621819106,perfect,0,0
2026-10-06-art-pepper-stardust-9bc215,lick-practice,77,1.0,1.0,0.9256198347107438,0.9417301546903996,0.9719923903585856,perfect,0,0.9719923903585856,perfect,0,0.9719923903585856,perfect,0,0.9629855379188358,perfect,0,0.9629855379188358,perfect,0,0
2026-10-06-art-pepper-stardust-a1cb9a,lick-practice,77,1.0,1.0,0.9426229508196722,0.934330583397859,0.9886983092298929,perfect,0,0.9886983092298929,perfect,0,0.9886983092298929,perfect,0,0.9850638447972152,perfect,0,0.9850638447972152,perfect,0,0
2026-10-06-art-pepper-stardust-a5c1cf,lick-practice,77,0.9903846153846154,0.9951690821256038,0.970873786407767,0.8759310892204833,0.9892748171663541,perfect,0,0.9892748171663541,perfect,0,0.9892748171663541,perfect,0,0.9858257495590583,perfect,0,0.9858257495590583,perfect,0,0
2026-10-06-art-pepper-stardust-bada94,lick-practice,79,1.0,1.0,0.9256198347107438,0.9262973658190478,0.9900819363399666,perfect,0,0.9900819363399666,perfect,0,0.8486416597199713,good,1,0.9870069035021396,perfect,0,0.9870069035021396,perfect,0,1
2026-10-06-art-pepper-stardust-c01679,lick-practice,77,0.8936170212765957,0.7672984699703129,0.4921875,0.6271920196614624,0.8032517907113133,good,0,0.8032517907113133,good,0,0.6885015348954113,fair,1,0.776660317460286,good,0,0.776660317460286,good,0,1
2026-10-06-art-pepper-stardust-cc9d78,lick-practice,79,0.9256198347107438,0.9409983726299058,0.8951612903225806,0.8982765383568386,0.9797118347190723,perfect,0,0.9797118347190723,perfect,0,0.6531412231460482,fair,3,0.9734216175359025,perfect,0,0.9734216175359025,perfect,0,3
2026-10-06-art-pepper-stardust-d470e8,lick-practice,77,0.991150442477876,0.9913734903608132,0.9473684210526316,0.9259223815272836,0.9800805831863345,perfect,0,0.8400690713025725,good,1,0.8400690713025725,good,1,0.9736747795414112,perfect,0,0.8345783824640667,good,1,1
2026-10-06-art-pepper-stardust-e2384e,lick-practice,79,1.0,1.0,0.912280701754386,0.9198306088879604,0.9773744076593562,perfect,0,0.9773744076593562,perfect,0,0.8377494922794482,good,1,0.9703594860166239,perfect,0,0.9703594860166239,perfect,0,1
2026-10-06-basis-of-everything-18b18b,lick-practice,169,0.9545454545454546,0.9684466019417476,0.9090909090909092,0.9420669476191202,0.9662245329878033,perfect,0,0.9662245329878033,perfect,0,0.9662245329878033,perfect,0,0.9662245329878033,perfect,0,0.9662245329878033,perfect,0,0
2026-10-06-basis-of-everything-18bc6e,lick-practice,169,0.8,0.810126582278481,0.8736842105263158,0.8016735687050768,0.9606228269085324,perfect,0,0.9606228269085324,perfect,0,0.9606228269085324,perfect,0,0.9606228269085324,perfect,0,0.9606228269085324,perfect,0,0
2026-10-06-basis-of-everything-1ddd66,lick-practice,169,0.9411764705882352,0.9484083424807904,0.9318181818181818,0.8658808592868887,0.9563394665802849,perfect,0,0.9563394665802849,perfect,0,0.8367970332577493,good,1,0.9563394665802849,perfect,0,0.9563394665802849,perfect,0,1
2026-10-06-basis-of-everything-1f4c06,lick-practice,169,0.9574468085106383,0.9782608695652174,0.9767441860465116,0.9494480080902576,0.9819091674765145,perfect,0,0.9819091674765145,perfect,0,0.9819091674765145,perfect,0,0.9819091674765145,perfect,0,0.9819091674765145,perfect,0,0
2026-10-06-basis-of-everything-24fb6c,lick-practice,169,0.7159090909090909,0.7273344651952461,0.9111111111111112,0.7836118434434352,0.9697494439045395,perfect,0,0.9697494439045395,perfect,0,0.7542495674813086,good,2,0.9697494439045395,perfect,0,0.9697494439045395,perfect,0,2
2026-10-06-basis-of-everything-402702,lick-practice,169,0.926829268292683,0.936049265750829,0.9111111111111112,0.8266120034715404,0.9804426087895498,perfect,0,0.9804426087895498,perfect,0,0.9804426087895498,perfect,0,0.9804426087895498,perfect,0,0.9804426087895498,perfect,0,0
2026-10-06-basis-of-everything-433b3b,lick-practice,170,0.5333333333333333,0.4713178294573644,0.3333333333333333,0.3447936239341895,0.27413713421880315,try-again,0,0.23986999244145274,try-again,1,0.21321777105906908,try-again,2,0.27413713421880315,try-again,0,0.23986999244145274,try-again,1,2
2026-10-06-basis-of-everything-591514,lick-practice,169,0.896551724137931,0.9016366877329444,0.946808510638298,0.8711327034980059,0.833139704135617,good,0,0.833139704135617,good,0,0.7289972411186649,good,1,0.833139704135617,good,0,0.833139704135617,good,0,1
2026-10-06-basis-of-everything-705b0f,lick-practice,169,0.9666666666666668,0.9789029535864978,0.9438202247191012,0.9054114785121412,0.9627081308713914,perfect,0,0.9627081308713914,perfect,0,0.9627081308713914,perfect,0,0.9627081308713914,perfect,0,0.9627081308713914,perfect,0,0
2026-10-06-basis-of-everything-72f705,lick-practice,169,0.9444444444444444,0.950990099009901,0.9213483146067416,0.9117673576499024,0.9730534499514127,perfect,0,0.9730534499514127,perfect,0,0.9730534499514127,perfect,0,0.9730534499514127,perfect,0,0.9730534499514127,perfect,0,0
2026-10-06-basis-of-everything-857de2,lick-practice,169,0.8888888888888888,0.8840736728060671,0.8875,0.8977573693439524,0.8138886729294885,good,0,0.8138886729294885,good,0,0.8138886729294885,good,0,0.8138886729294885,good,0,0.8138886729294885,good,0,0
2026-10-06-basis-of-everything-891f14,lick-practice,170,0.7415730337078652,0.7688664149011074,0.9431818181818182,0.8146529796978702,0.9717265954000717,perfect,0,0.9717265954000717,perfect,0,0.9717265954000717,perfect,0,0.9717265954000717,perfect,0,0.9717265954000717,perfect,0,0
2026-10-06-basis-of-everything-929df5,lick-practice,170,0.8695652173913043,0.887400586019255,0.9347826086956522,0.8368340339146408,0.9721049562682118,perfect,0,0.8505918367346853,great,1,0.8505918367346853,great,1,0.9721049562682118,perfect,0,0.8505918367346853,great,1,1
2026-10-06-basis-of-everything-969870,lick-practice,170,0.8045977011494253,0.8136991438035124,0.9318181818181818,0.8583072810382634,0.9706515495087034,perfect,0,0.9706515495087034,perfect,0,0.9706515495087034,perfect,0,0.9706515495087034,perfect,0,0.9706515495087034,perfect,0,0
2026-10-06-basis-of-everything-a76ec2,lick-practice,170,0.8404255319148937,0.840380830806872,0.946808510638298,0.8489165944712502,0.8164152899254986,good,0,0.8164152899254986,good,0,0.7143633786848114,good,1,0.8164152899254986,good,0,0.8164152899254986,good,0,1
2026-10-06-basis-of-everything-b42a0c,lick-practice,170,0.989010989010989,0.994475138121547,0.946808510638298,0.9229343312302816,0.9740112298887812,perfect,0,0.9740112298887812,perfect,0,0.9740112298887812,perfect,0,0.9740112298887812,perfect,0,0.9740112298887812,perfect,0,0
2026-10-06-basis-of-everything-bd4543,lick-practice,170,0.8804347826086957,0.8808951165952107,0.872093023255814,0.8697166709523452,0.7353374365619348,good,0,0.7353374365619348,good,0,0.7353374365619348,good,0,0.7353374365619348,good,0,0.7353374365619348,good,0,0
2026-10-06-basis-of-everything-ca34e4,lick-practice,170,0.8764044943820225,0.8783687749412344,0.9318181818181818,0.8429726958274841,0.9736857790735127,perfect,0,0.9736857790735127,perfect,0,0.9736857790735127,perfect,0,0.9736857790735127,perfect,0,0.9736857790735127,perfect,0,0
2026-10-06-basis-of-everything-cda9dc,lick-practice,170,0.9893617021276596,0.9904423812124522,0.9587628865979382,0.8965816580757653,0.9668407299427731,perfect,0,0.9668407299427731,perfect,0,0.8459856386999266,good,1,0.9668407299427731,perfect,0,0.9668407299427731,perfect,0,1
2026-10-06-basis-of-everything-d7517d,lick-practice,169,0.9310344827586208,0.9642857142857144,0.8764044943820225,0.8895990710745576,0.9615479321887529,perfect,0,0.9615479321887529,perfect,0,0.9615479321887529,perfect,0,0.9615479321887529,perfect,0,0.9615479321887529,perfect,0,0
2026-10-06-basis-of-everything-d9cca3,lick-practice,169,0.6363636363636364,0.6831183398766124,0.875,0.7811966459167764,0.9676598855415138,perfect,0,0.8467023998488247,good,1,0.8467023998488247,good,1,0.9676598855415138,perfect,0,0.8467023998488247,good,1,1
2026-10-06-basis-of-everything-e60e64,lick-practice,170,0.8837209302325582,0.9026529026529028,0.9506172839506172,0.8643731436830886,0.9753639995680987,perfect,0,0.9753639995680987,perfect,0,0.9753639995680987,perfect,0,0.9753639995680987,perfect,0,0.9753639995680987,perfect,0,0
2026-10-06-basis-of-everything-e780ed,lick-practice,170,0.9540229885057472,0.9639755383113212,0.9534883720930232,0.9467426406709772,0.96954799697658,perfect,0,0.96954799697658,perfect,0,0.96954799697658,perfect,0,0.96954799697658,perfect,0,0.96954799697658,perfect,0,0
2026-10-06-basis-of-everything-fb730a,lick-practice,170,0.9285714285714286,0.9415784079262044,0.9080459770114944,0.8723374395580082,0.9642854983263132,perfect,0,0.9642854983263132,perfect,0,0.9642854983263132,perfect,0,0.9642854983263132,perfect,0,0.9642854983263132,perfect,0,0
2026-10-06-blue-monk-01ee15,lick-practice,50,0.9779735682819384,0.98709583877048,0.905829596412556,0.8604049513285811,0.9841471403376242,perfect,0,0.9841471403376242,perfect,0,0.9841471403376242,perfect,0,0.9762207105064362,perfect,0,0.9762207105064362,perfect,0,0
2026-10-06-blue-monk-22eb55,lick-practice,50,0.9836065573770492,0.9917355371900828,0.8571428571428571,0.779457384018929,0.9783339632149263,perfect,0,0.9783339632149263,perfect,0,0.869630189524379,great,1,0.9675009448223894,perfect,0,0.9675009448223894,perfect,0,1
2026-10-06-blue-monk-2a81e7,lick-practice,50,0.9710144927536232,0.9852941176470588,0.9408866995073892,0.8318447504421654,0.9868764172335583,perfect,0,0.9868764172335583,perfect,0,0.9868764172335583,perfect,0,0.9803146258503375,perfect,0,0.9803146258503375,perfect,0,0
2026-10-06-blue-monk-2b5868,lick-practice,52,0.8586387434554974,0.8848572134865275,0.8960396039603961,0.7765079124608024,0.9822285296044346,perfect,0,0.9822285296044346,perfect,0,0.9822285296044346,perfect,0,0.9736067271352988,perfect,0,0.9736067271352988,perfect,0,0
2026-10-06-blue-monk-4d17bc,lick-practice,52,0.9081081081081082,0.9178473868262454,0.7932960893854749,0.709067889335581,0.9622420826404643,perfect,0,0.9622420826404643,perfect,0,0.9622420826404643,perfect,0,0.9439238851096005,great,0,0.9439238851096005,great,0,0
2026-10-06-blue-monk-56a943,lick-practice,52,0.961206896551724,0.97517110763806,0.6899563318777293,0.6816756018495138,0.9006919853867474,great,0,0.9006919853867474,great,0,0.7205535883093979,good,2,0.8607028722600143,great,0,0.8607028722600143,great,0,2
2026-10-06-blue-monk-5a06c1,lick-practice,52,0.9411764705882352,0.953811149032992,0.9595959595959596,0.8571003460723543,0.9855219591836746,perfect,0,0.9855219591836746,perfect,0,0.9855219591836746,perfect,0,0.978497959183675,perfect,0,0.978497959183675,perfect,0,0
2026-10-06-blue-monk-861c71,lick-practice,50,0.8914728682170543,0.9114927344782036,0.7047244094488189,0.6917197935554493,0.9077815570672834,great,0,0.9077815570672834,great,0,0.806916939615363,good,1,0.8693811413454531,great,0,0.8693811413454531,great,0,1
2026-10-06-blue-monk-8894ed,lick-practice,50,0.8478260869565217,0.8973507251073484,0.6150943396226415,0.6189932273291461,0.8885563114134507,great,0,0.7108450491307605,good,2,0.646222771937055,fair,3,0.8730461073318149,great,0,0.6984368858654519,fair,2,3
2026-10-06-blue-monk-8a9bcc,lick-practice,52,0.9759615384615384,0.9878345498783456,0.9627906976744186,0.892476329398075,0.9820110068027214,perfect,0,0.9820110068027214,perfect,0,0.9820110068027214,perfect,0,0.9732836734693882,perfect,0,0.9732836734693882,perfect,0,0
2026-10-06-blue-monk-93e204,lick-practice,52,0.978494623655914,0.9873285957361626,0.9227053140096618,0.8249694714040468,0.9873378216175351,perfect,0,0.9873378216175351,perfect,0,0.8776336192155868,great,1,0.9811947845804978,perfect,0,0.9811947845804978,perfect,0,1
2026-10-06-blue-monk-a0ada5,lick-practice,52,0.9303482587064676,0.9234567901234568,0.9270833333333334,0.8082388861211462,0.9922619596875805,perfect,0,0.9922619596875805,perfect,0,0.7216450615909675,good,3,0.9885078609221493,perfect,0,0.9885078609221493,perfect,0,3
2026-10-06-blue-monk-ab1a25,lick-practice,52,0.9552238805970148,0.9700780328973222,0.9371980676328504,0.8323415017087853,0.9830272668178375,perfect,0,0.9830272668178375,perfect,0,0.6553515112118916,fair,4,0.9747929705215407,perfect,0,0.9747929705215407,perfect,0,4
2026-10-06-blue-monk-af564c,lick-practice,50,0.84472049689441,0.8584625804266848,0.7514792899408284,0.6045118404678929,0.9522115142353262,perfect,0,0.9522115142353262,perfect,0,0.6925174648984191,fair,3,0.9283172713529894,great,0,0.9283172713529894,great,0,3
2026-10-06-blue-monk-b655f7,lick-practice,50,0.9658536585365852,0.9791060997147126,0.96,0.812883189165747,0.984808515999013,perfect,0,0.984808515999013,perfect,0,0.7162243752720094,good,3,0.9772127739985195,perfect,0,0.9772127739985195,perfect,0,3
2026-10-06-blue-monk-c29574,lick-practice,50,0.8691099476439791,0.9140535579867808,0.8431372549019608,0.7830755682541178,0.9721926177878569,perfect,0,0.8641712158114284,great,1,0.7777540942302856,good,2,0.9582889266817854,perfect,0,0.8518123792726982,great,1,2
2026-10-06-blue-monk-d0d94d,lick-practice,52,0.9854368932038836,0.9908503088921308,0.9366515837104072,0.9033054140982804,0.9847210335097003,perfect,0,0.9847210335097003,perfect,0,0.9847210335097003,perfect,0,0.9773084656084658,perfect,0,0.9773084656084658,perfect,0,0
2026-10-06-blue-monk-d5a938,lick-practice,52,0.9791666666666666,0.9894736842105264,0.9574468085106383,0.8287254728452124,0.9890035963718827,perfect,0,0.9890035963718827,perfect,0,0.9890035963718827,perfect,0,0.9836687074829942,perfect,0,0.9836687074829942,perfect,0,0
2026-10-06-blue-monk-d6de0d,lick-practice,50,0.9432989690721648,0.9708222811671088,0.9095238095238096,0.826628008446136,0.9876864449483593,perfect,0,0.8779435066207638,great,1,0.7901491559586875,good,2,0.9815296674225389,perfect,0,0.8724708154867012,great,1,2
2026-10-06-blue-monk-e44708,lick-practice,50,0.9722222222222222,0.956558728133142,0.9073170731707316,0.7941323653250546,0.9828489543965866,perfect,0,0.9828489543965866,perfect,0,0.9828489543965866,perfect,0,0.97427343159488,perfect,0,0.97427343159488,perfect,0,0
2026-10-06-blue-monk-ee6abf,lick-practice,52,0.4551282051282051,0.457904209579042,0.3568075117370892,0.5250310472079686,0.5305347629125717,try-again,0,0.5305347629125717,try-again,0,0.471586455922286,try-again,1,0.5210912320483738,try-again,0,0.5210912320483738,try-again,0,1
2026-10-06-blue-monk-f9fc2b,lick-practice,50,0.9,0.9191647715526152,0.9153439153439152,0.7806034586452818,0.9835506424792144,perfect,0,0.9835506424792144,perfect,0,0.8742672377593017,great,1,0.9753259637188216,perfect,0,0.9753259637188216,perfect,0,1
2026-10-06-chromatic-below-chord-tones-0231fe,lick-practice,116,0.9606299212598424,0.96657925570496,0.8161764705882353,0.7744825240334815,0.9543051005291017,perfect,0,0.8270644204585549,good,2,0.7753728941798951,good,3,0.9484643990929716,great,0,0.8220024792139088,good,2,3
2026-10-06-chromatic-below-chord-tones-050f36,lick-practice,116,0.917910447761194,0.9212716378162452,0.978102189781022,0.8722598056593341,0.9729900681047328,perfect,0,0.9729900681047328,perfect,0,0.9034907775258233,great,1,0.9695376707948113,perfect,0,0.9695376707948113,perfect,0,1
2026-10-06-chromatic-below-chord-tones-109dc8,lick-practice,60,0.9485294117647058,0.954513452698132,0.9514925373134328,0.90902092896975,0.9876205128205133,perfect,0,0.8559377777777782,great,2,0.6757403508771933,fair,6,0.982315018315019,perfect,0,0.8513396825396832,great,2,6
2026-10-06-chromatic-below-chord-tones-29b258,lick-practice,116,0.8359375,0.8037625473642226,0.6690140845070423,0.7033100810395666,0.7713633037579705,good,0,0.7713633037579705,good,0,0.7713633037579705,good,0,0.7657365195650909,good,0,0.7657365195650909,good,0,0
2026-10-06-chromatic-below-chord-tones-36ed7d,lick-practice,116,0.9375,0.944721341187132,0.965034965034965,0.9347760134194728,0.984336844390176,perfect,0,0.984336844390176,perfect,0,0.9140270697908777,great,1,0.9823347869062135,perfect,0,0.9823347869062135,perfect,0,1
2026-10-06-chromatic-below-chord-tones-47ac35,lick-practice,116,0.936,0.940580216707445,0.6929824561403509,0.6370878024743154,0.9162520624067312,great,0,0.9162520624067312,great,0,0.7940851207525004,good,2,0.905547438804584,great,0,0.905547438804584,great,0,2
2026-10-06-chromatic-below-chord-tones-4fe32e,lick-practice,60,0.9962825278810408,0.9981378026070764,0.9487179487179488,0.9255890378585228,0.9925318681318681,perfect,0,0.9925318681318681,perfect,0,0.9216367346938776,great,1,0.989331240188383,perfect,0,0.989331240188383,perfect,0,1
2026-10-06-chromatic-below-chord-tones-5c01c4,lick-practice,60,0.95985401459854,0.9638956821688192,0.9555555555555556,0.9299782296327443,0.9917010989010987,perfect,0,0.9917010989010987,perfect,0,0.7162285714285712,good,5,0.9881444270015696,perfect,0,0.9881444270015696,perfect,0,5
2026-10-06-chromatic-below-chord-tones-62784a,lick-practice,116,0.9629629629629628,0.9711375212224108,0.9370629370629372,0.887620987095071,0.9740780919820906,perfect,0,0.9740780919820906,perfect,0,0.9045010854119413,great,1,0.9707647653933352,perfect,0,0.9707647653933352,perfect,0,1
2026-10-06-chromatic-below-chord-tones-6a4cb0,lick-practice,60,0.9840637450199204,0.9866678203436516,0.9298892988929888,0.9174010787560388,0.9895272283272282,perfect,0,0.9895272283272282,perfect,0,0.9188467120181405,great,1,0.985038897610326,perfect,0,0.985038897610326,perfect,0,1
2026-10-06-chromatic-below-chord-tones-6ccc6b,lick-practice,60,0.9962962962962963,0.9981447124304268,0.929368029739777,0.9116852570497072,0.9879721611721612,perfect,0,0.9879721611721612,perfect,0,0.802727380952381,good,3,0.9828173731030875,perfect,0,0.9828173731030875,perfect,0,3
2026-10-06-chromatic-below-chord-tones-6ebd00,lick-practice,116,0.723404255319149,0.7665056360708535,0.7483870967741936,0.7627259512272107,0.9570726099579441,perfect,0,0.8887102806752338,great,1,0.8294629286302182,good,2,0.9515856503285083,perfect,0,0.8836152467336149,great,1,2
2026-10-06-chromatic-below-chord-tones-741792,lick-practice,60,0.9962121212121212,0.9981024667931688,0.9304029304029304,0.9074055958711184,0.9880688644688644,perfect,0,0.9880688644688644,perfect,0,0.9174925170068027,great,1,0.9829555206698063,perfect,0,0.9829555206698063,perfect,0,1
2026-10-06-chromatic-below-chord-tones-7fc10d,lick-practice,116,0.9791666666666666,0.982721068680122,0.92,0.9400360369118008,0.9815028104734764,perfect,0,0.9815028104734764,perfect,0,0.850635769077013,great,2,0.979138508052793,perfect,0,0.979138508052793,perfect,0,2
2026-10-06-chromatic-below-chord-tones-82dea5,lick-practice,116,0.9785714285714284,0.9824211941636372,0.9347826086956522,0.8761019161819706,0.977670579297246,perfect,0,0.977670579297246,perfect,0,0.977670579297246,perfect,0,0.974816442816443,perfect,0,0.974816442816443,perfect,0,0
2026-10-06-chromatic-below-chord-tones-833937,lick-practice,60,0.9921875,0.9943035133011562,0.937956204379562,0.915572439798942,0.9905978021978022,perfect,0,0.9905978021978022,perfect,0,0.9905978021978022,perfect,0,0.9865682888540033,perfect,0,0.9865682888540033,perfect,0,0
2026-10-06-chromatic-below-chord-tones-89e4ee,lick-practice,60,0.9923076923076924,0.9943638624119352,0.8939393939393939,0.8792820018529892,0.9840786324786326,perfect,0,0.9840786324786326,perfect,0,0.8528681481481483,great,2,0.9772551892551895,perfect,0,0.9772551892551895,perfect,0,2
2026-10-06-chromatic-below-chord-tones-8ddf31,lick-practice,116,0.9854014598540146,0.9392675996494676,0.9375,0.8800734748413577,0.8515424382037742,great,0,0.8515424382037742,great,0,0.8515424382037742,great,0,0.8482982964125851,good,0,0.8482982964125851,good,0,0
2026-10-06-chromatic-below-chord-tones-91d321,lick-practice,60,0.9922178988326849,0.994318777384122,0.9315589353612168,0.9118830435092632,0.9865650793650798,perfect,0,0.9865650793650798,perfect,0,0.712519223985891,good,5,0.9808072562358282,perfect,0,0.9808072562358282,perfect,0,5
2026-10-06-chromatic-below-chord-tones-9a0243,lick-practice,116,0.986013986013986,0.9929577464788732,0.9324324324324323,0.9070187731254736,0.977198762718766,perfect,0,0.977198762718766,perfect,0,0.9073988510959972,great,1,0.9742843188557512,perfect,0,0.9742843188557512,perfect,0,1
2026-10-06-chromatic-below-chord-tones-a2bf53,lick-practice,60,0.968503937007874,0.9770583005936164,0.922509225092251,0.8903591519135695,0.9847638583638583,perfect,0,0.9847638583638583,perfect,0,0.8001206349206349,good,3,0.9782340833769404,perfect,0,0.9782340833769404,perfect,0,3
2026-10-06-chromatic-below-chord-tones-c0bde7,lick-practice,60,0.684981684981685,0.6953772391792665,0.9589552238805972,0.853273055094939,0.9878148962148965,perfect,0,0.9878148962148965,perfect,0,0.9172566893424039,great,1,0.9825927088784235,perfect,0,0.9825927088784235,perfect,0,1
2026-10-06-chromatic-below-chord-tones-d96b52,lick-practice,60,0.9814126394052044,0.9818093621149648,0.9589552238805972,0.9195204230455252,0.9889308913308915,perfect,0,0.9889308913308915,perfect,0,0.8570734391534394,great,2,0.9841869876155593,perfect,0,0.9841869876155593,perfect,0,2
2026-10-06-chromatic-below-chord-tones-e97259,lick-practice,116,0.9310344827586208,0.9346809854706254,0.9241379310344828,0.9242456008696696,0.983512815086148,perfect,0,0.983512815086148,perfect,0,0.983512815086148,perfect,0,0.9814054305482871,perfect,0,0.9814054305482871,perfect,0,0
2026-10-06-cry-me-a-river-00014d,lick-practice,126,0.9342105263157896,0.9432082364662904,0.9743589743589745,0.9239188092095512,0.9928824126984148,perfect,0,0.9928824126984148,perfect,0,0.9928824126984148,perfect,0,0.9922634920634943,perfect,0,0.9922634920634943,perfect,0,0
2026-10-06-cry-me-a-river-0bb295,lick-practice,128,0.9647058823529412,0.976118744948196,0.988095238095238,0.8952525194408825,0.9835128512639626,perfect,0,0.9835128512639626,perfect,0,0.9835128512639626,perfect,0,0.9822081128747797,perfect,0,0.9822081128747797,perfect,0,0
2026-10-06-cry-me-a-river-0e5ade,lick-practice,128,0.9529411764705882,0.9520795660036168,0.9302325581395348,0.888126159755929,0.9785287901234516,perfect,0,0.9785287901234516,perfect,0,0.9785287901234516,perfect,0,0.976829629629624,perfect,0,0.976829629629624,perfect,0,0
2026-10-06-cry-me-a-river-2599d6,lick-practice,126,0.9125,0.9204655674102812,0.9605263157894736,0.9248493347849164,0.9408629841269818,great,0,0.9408629841269818,great,0,0.9408629841269818,great,0,0.9357206349206324,great,0,0.9357206349206324,great,0,0
2026-10-06-cry-me-a-river-4ec2af,lick-practice,126,0.8333333333333334,0.867579908675799,0.9342105263157896,0.8755536045019443,0.9762932063492017,perfect,0,0.9762932063492017,perfect,0,0.9762932063492017,perfect,0,0.9742317460317409,perfect,0,0.9742317460317409,perfect,0,0
2026-10-06-cry-me-a-river-5bfe25,lick-practice,126,0.942528735632184,0.95906432748538,0.9058823529411764,0.9010420487040564,0.9572652698412678,perfect,0,0.9572652698412678,perfect,0,0.9572652698412678,perfect,0,0.9535492063492041,perfect,0,0.9535492063492041,perfect,0,0
2026-10-06-cry-me-a-river-784620,lick-practice,128,0.7758620689655172,0.5506993006993006,0.3522727272727273,0.5921847115008576,0.6251450743260262,fair,0,0.6251450743260262,fair,0,0.6251450743260262,fair,0,0.6113076341647764,fair,0,0.6113076341647764,fair,0,0
2026-10-06-cry-me-a-river-825e07,lick-practice,128,0.8181818181818182,0.8236877523553162,0.9642857142857144,0.8608767083547648,0.971347438649536,perfect,0,0.971347438649536,perfect,0,0.971347438649536,perfect,0,0.9690799697656863,perfect,0,0.9690799697656863,perfect,0,0
2026-10-06-cry-me-a-river-8533eb,lick-practice,128,0.0483870967741935,0.0617647058823529,0.4782608695652174,0.5424007647535176,0.7551451737633369,good,0,0.5663588803225027,fair,2,0.5034301158422245,try-again,3,0.7503824640967538,good,0,0.5627868480725653,fair,2,3
2026-10-06-cry-me-a-river-887298,lick-practice,126,0.4819277108433735,0.4849918675144166,0.8333333333333334,0.7885475658944675,0.8859575873015884,great,0,0.8859575873015884,great,0,0.8859575873015884,great,0,0.884736507936509,great,0,0.884736507936509,great,0,0
2026-10-06-cry-me-a-river-93ae59,lick-practice,128,0.8947368421052632,0.9221140472878998,0.5434782608695652,0.6951704970696597,0.8633977996136784,great,0,0.7400552568117242,good,1,0.6475483497102588,fair,2,0.8525875535399408,great,0,0.7307893316056635,good,1,2
2026-10-06-cry-me-a-river-9f811f,lick-practice,126,0.8846153846153846,0.900355871886121,0.925925925925926,0.9042854496410916,0.9806858412698436,perfect,0,0.9806858412698436,perfect,0,0.9806858412698436,perfect,0,0.9790063492063519,perfect,0,0.9790063492063519,perfect,0,0
2026-10-06-cry-me-a-river-ae43e5,lick-practice,126,0.9493670886075948,0.9567682494684622,0.935064935064935,0.9214673472138551,0.9874996825396858,perfect,0,0.9874996825396858,perfect,0,0.9874996825396858,perfect,0,0.9864126984127018,perfect,0,0.9864126984127018,perfect,0,0
2026-10-06-cry-me-a-river-b0af7d,lick-practice,126,0.8648648648648649,0.8786381109280617,0.922077922077922,0.8647614476772455,0.9850784761904783,perfect,0,0.9850784761904783,perfect,0,0.9850784761904783,perfect,0,0.9837809523809545,perfect,0,0.9837809523809545,perfect,0,0
2026-10-06-cry-me-a-river-b435af,lick-practice,128,0.8021978021978022,0.8439306358381503,0.5842696629213483,0.7314413751213296,0.8768639543125925,great,0,0.6576479657344443,fair,2,0.6576479657344443,fair,2,0.867119375157474,great,0,0.6503395313681054,fair,2,2
2026-10-06-cry-me-a-river-bd1115,lick-practice,126,0.825,0.8349964362081255,0.9240506329113924,0.8638632598377409,0.9886212063492021,perfect,0,0.8473896054421732,good,1,0.7414659047619017,good,2,0.9876317460317414,perfect,0,0.8465414965986355,good,1,2
2026-10-06-cry-me-a-river-c337a2,lick-practice,128,0.8493150684931506,0.8750715239366774,0.8947368421052632,0.8579342616993246,0.9876339847148723,perfect,0,0.9876339847148723,perfect,0,0.8465434154698905,good,1,0.986655379188711,perfect,0,0.986655379188711,perfect,0,1
2026-10-06-cry-me-a-river-c828e8,lick-practice,126,0.8148148148148148,0.8297476759628154,0.8846153846153846,0.8517465513376963,0.8680599365079362,great,0,0.8680599365079362,great,0,0.7440513741496597,good,1,0.8652825396825394,great,0,0.8652825396825394,great,0,1
2026-10-06-cry-me-a-river-cd285e,lick-practice,126,0.8928571428571429,0.9216589861751152,0.935897435897436,0.914051086845852,0.9616666666666678,perfect,0,0.9616666666666678,perfect,0,0.9616666666666678,perfect,0,0.9583333333333345,perfect,0,0.9583333333333345,perfect,0,0
2026-10-06-cry-me-a-river-d55a12,lick-practice,128,0.936842105263158,0.9439760674462876,0.6989247311827957,0.7917928988638433,0.8642398078441202,great,0,0.8642398078441202,great,0,0.8642398078441202,great,0,0.8581827160493776,great,0,0.8581827160493776,great,0,0
2026-10-06-cry-me-a-river-eb10e8,lick-practice,128,0.8831168831168831,0.910212950890917,0.9473684210526316,0.8932298824046422,0.9716447938187631,perfect,0,0.9716447938187631,perfect,0,0.8328383947017969,good,1,0.9694008566389529,perfect,0,0.9694008566389529,perfect,0,1
2026-10-06-cry-me-a-river-f3c754,lick-practice,128,0.8888888888888888,0.91899852724595,0.9615384615384616,0.9113446693975948,0.9706697975980584,perfect,0,0.9706697975980584,perfect,0,0.9706697975980584,perfect,0,0.9683487024439479,perfect,0,0.9683487024439479,perfect,0,0
2026-10-06-cry-me-a-river-f95a01,lick-practice,126,0.7790697674418605,0.788235294117647,0.9166666666666666,0.8455240306400117,0.9710506666666644,perfect,0,0.9710506666666644,perfect,0,0.8323291428571409,good,1,0.9685333333333308,perfect,0,0.9685333333333308,perfect,0,1
2026-10-06-cry-me-a-river-fe64e1,lick-practice,128,0.9565217391304348,0.9659714599341382,0.8888888888888888,0.8475433946813195,0.9835987704711542,perfect,0,0.9835987704711542,perfect,0,0.9835987704711542,perfect,0,0.9823008314436916,perfect,0,0.9823008314436916,perfect,0,0
2026-10-06-dexter-gordon-go-chromatic-22a9b7,lick-practice,61,0.9324894514767932,0.927305560965246,0.8632478632478633,0.8785979861804577,0.8902822689174186,great,0,0.8902822689174186,great,0,0.8902822689174186,great,0,0.8861833207356662,great,0,0.8861833207356662,great,0,0
2026-10-06-dexter-gordon-go-chromatic-28f7df,lick-practice,62,0.9722222222222222,0.9859154929577464,0.9586776859504132,0.9292577398420804,0.9915110264550265,perfect,0,0.9915110264550265,perfect,0,0.9915110264550265,perfect,0,0.9879873015873017,perfect,0,0.9879873015873017,perfect,0,0
2026-10-06-dexter-gordon-go-chromatic-34d262,lick-practice,62,0.8866396761133604,0.8956091261300043,0.9109311740890688,0.9134920419044882,0.9395154809775751,great,0,0.9395154809775751,great,0,0.8052989836950644,good,2,0.9351634164777006,great,0,0.9351634164777006,great,0,2
2026-10-06-dexter-gordon-go-chromatic-3a1999,lick-practice,64,0.7276422764227642,0.6928452817566034,0.484304932735426,0.6287106886469378,0.5712869404551955,fair,0,0.5712869404551955,fair,0,0.5712869404551955,fair,0,0.5597480473670965,fair,0,0.5597480473670965,fair,0,0
2026-10-06-dexter-gordon-go-chromatic-3be585,lick-practice,64,0.7625,0.6955123519953224,0.7522123893805309,0.7790795153722607,0.8770422050894434,great,0,0.8095774200825632,good,1,0.8095774200825632,good,1,0.8678161753590329,great,0,0.8010610849467996,good,1,1
2026-10-06-dexter-gordon-go-chromatic-404deb,lick-practice,62,0.8858267716535433,0.9359260280151352,0.7710843373493976,0.8313816359937902,0.9658443554211815,perfect,0,0.8278665903610127,good,2,0.8278665903610127,good,2,0.9516665406903513,perfect,0,0.8157141777345868,good,2,2
2026-10-06-dexter-gordon-go-chromatic-471767,lick-practice,61,0.8467432950191571,0.8771416596097753,0.7704918032786885,0.8423493862974112,0.916635525321242,great,0,0.8461251002965311,good,1,0.7333084202569937,good,3,0.9025623582766473,great,0,0.833134484563059,good,1,3
2026-10-06-dexter-gordon-go-chromatic-5283aa,lick-practice,62,0.9554655870445344,0.9559933713864852,0.9753086419753086,0.9269257773576318,0.9917267298227938,perfect,0,0.9917267298227938,perfect,0,0.9917267298227938,perfect,0,0.9882925422020666,perfect,0,0.9882925422020666,perfect,0,0
2026-10-06-dexter-gordon-go-chromatic-5e3ce6,lick-practice,61,0.983739837398374,0.9918032786885246,0.9421487603305784,0.9250689818055976,0.9887485273368506,perfect,0,0.9887485273368506,perfect,0,0.9126909483109391,great,1,0.9840026455026312,perfect,0,0.9840026455026312,perfect,0,1
2026-10-06-dexter-gordon-go-chromatic-681aee,lick-practice,62,0.8816326530612245,0.9008618760795828,0.6478260869565218,0.7866585896681629,0.9087553083060393,great,0,0.8388510538209595,good,1,0.8388510538209595,good,1,0.8916348702443955,great,0,0.8230475725332882,good,1,1
2026-10-06-dexter-gordon-go-chromatic-7331af,lick-practice,62,0.936,0.9574947807933194,0.9453781512605042,0.9113898821406262,0.9892530582010572,perfect,0,0.9892530582010572,perfect,0,0.9131566691086682,great,1,0.9847920634920622,perfect,0,0.9847920634920622,perfect,0,1
2026-10-06-dexter-gordon-go-chromatic-75541b,lick-practice,61,0.91699604743083,0.9477062733019938,0.8432203389830508,0.8741828449979914,0.9706872587133598,perfect,0,0.8320176503257369,good,2,0.7280154440350198,good,4,0.9583231166540661,perfect,0,0.8214198142749138,good,2,4
2026-10-06-dexter-gordon-go-chromatic-81dde0,lick-practice,62,0.9586776859504132,0.965456575430524,0.9694323144104804,0.9193192526235784,0.99156885596708,perfect,0,0.99156885596708,perfect,0,0.915294328584997,great,1,0.9880691358024718,perfect,0,0.9880691358024718,perfect,0,1
2026-10-06-dexter-gordon-go-chromatic-8db1af,lick-practice,64,0.9159663865546218,0.9212182136341636,0.9828326180257512,0.9169513057605386,0.989695505500966,perfect,0,0.989695505500966,perfect,0,0.9135650820008916,great,1,0.9855544469639709,perfect,0,0.9855544469639709,perfect,0,1
2026-10-06-dexter-gordon-go-chromatic-9124f2,lick-practice,64,0.8414634146341463,0.8744849535392571,0.7698744769874477,0.8201697342134462,0.9173162852103767,great,0,0.8467534940403476,good,1,0.8467534940403476,good,1,0.9041817082388459,great,0,0.8346292691435501,good,1,1
2026-10-06-dexter-gordon-go-chromatic-920070,lick-practice,64,0.7355371900826446,0.7471733880977636,0.5574468085106383,0.7601127650386887,0.7677182968002036,good,0,0.614174637440163,fair,3,0.614174637440163,fair,3,0.7547452758881361,good,0,0.6037962207105089,fair,3,3
2026-10-06-dexter-gordon-go-chromatic-a254f2,lick-practice,61,0.8571428571428571,0.88468809073724,0.7732793522267206,0.8455534147474687,0.8843058051146417,great,0,0.8843058051146417,great,0,0.8843058051146417,great,0,0.8776859788359836,great,0,0.8776859788359836,great,0,0
2026-10-06-dexter-gordon-go-chromatic-a5c677,lick-practice,61,0.8847736625514403,0.9010655847340496,0.7782426778242678,0.8504795906059619,0.9232868719240823,great,0,0.7913887473634992,good,2,0.6924651539430617,fair,4,0.9120192491811596,great,0,0.7817307850124227,good,2,4
2026-10-06-dexter-gordon-go-chromatic-aa1107,lick-practice,62,0.967741935483871,0.9816906895208416,0.950207468879668,0.9295808527805356,0.991486527252877,perfect,0,0.991486527252877,perfect,0,0.8498455947881802,good,2,0.9879526329050146,perfect,0,0.9879526329050146,perfect,0,2
2026-10-06-dexter-gordon-go-chromatic-af7294,lick-practice,61,0.8458498023715415,0.8804348777562828,0.8059071729957806,0.8570844959555097,0.8878025094482473,great,0,0.8878025094482473,great,0,0.8878025094482473,great,0,0.8826575963719154,great,0,0.8826575963719154,great,0,0
2026-10-06-dexter-gordon-go-chromatic-affb28,lick-practice,61,0.7695473251028807,0.8273457046532521,0.7957446808510639,0.8153736773231219,0.9286985425800174,great,0,0.8572601931507853,great,1,0.7960273222114436,good,2,0.9197135676493139,great,0,0.8489663701378283,good,1,2
2026-10-06-dexter-gordon-go-chromatic-b32550,lick-practice,64,0.9508196721311476,0.9747899159663864,0.9782608695652174,0.9341390815568088,0.9897811989585937,perfect,0,0.9897811989585937,perfect,0,0.9136441836540866,great,1,0.985674577979337,perfect,0,0.985674577979337,perfect,0,1
2026-10-06-dexter-gordon-go-chromatic-bbbcae,lick-practice,61,0.9838056680161944,0.987993877355783,0.9458333333333332,0.9341871202551704,0.9905453854035597,perfect,0,0.9905453854035597,perfect,0,0.9905453854035597,perfect,0,0.9865574200050613,perfect,0,0.9865574200050613,perfect,0,0
2026-10-06-dexter-gordon-go-chromatic-c0ee01,lick-practice,64,0.9375,0.942195749289292,0.9401709401709402,0.9272012216557424,0.9901357628285833,perfect,0,0.9901357628285833,perfect,0,0.9139714733802307,great,1,0.9861716301335279,perfect,0,0.9861716301335279,perfect,0,1
2026-10-06-dexter-gordon-go-chromatic-c56d4e,lick-practice,64,0.8451327433628318,0.8568284734859707,0.8968609865470852,0.8662160267970832,0.9376348366507066,great,0,0.9376348366507066,great,0,0.9376348366507066,great,0,0.9326656588561308,great,0,0.9326656588561308,great,0,0
2026-10-06-dexter-gordon-go-chromatic-e077de,lick-practice,64,0.9393939393939394,0.964887459807074,0.8904109589041096,0.894859175450109,0.9813904291593195,perfect,0,0.9813904291593195,perfect,0,0.8411917964222739,good,2,0.9739118165784854,perfect,0,0.9739118165784854,perfect,0,2
2026-10-06-dexter-gordon-go-chromatic-e1e1ad,lick-practice,61,0.9838709677419356,0.9860483017415568,0.9491525423728814,0.925680377953489,0.9887412795834496,perfect,0,0.9887412795834496,perfect,0,0.9126842580770305,great,1,0.9839923406399758,perfect,0,0.9839923406399758,perfect,0,1
2026-10-06-dexter-gordon-go-chromatic-f8738e,lick-practice,62,0.89453125,0.8816053158949477,0.7711864406779662,0.8206644939494304,0.8747270788611725,great,0,0.8074403804872362,good,1,0.699781663088938,fair,3,0.8642364323507159,great,0,0.7977567067852762,good,1,3
2026-10-06-dexter-gordon-go-chromatic-fc98cb,lick-practice,64,0.8078602620087336,0.8484988744188003,0.7467248908296943,0.8158181533492698,0.8831871161501665,great,0,0.8152496456770768,good,1,0.7065496929201331,good,3,0.8764305366591119,great,0,0.8090128030699495,good,1,3
2026-10-06-dexter-gordon-go-chromatic-ff4a08,lick-practice,62,0.8801652892561983,0.8961366795931807,0.7805907172995781,0.8408123676649568,0.8876162230620628,great,0,0.8876162230620628,great,0,0.8193380520572887,good,1,0.8824757873519757,great,0,0.8824757873519757,great,0,1
2026-10-06-do-nothing-till-you-hear-from-me-b4ed09,lick-practice,63,0.9539748953974896,0.9645450727349087,0.8777292576419214,0.7969263058076513,0.9720413679653683,perfect,0,0.9720413679653683,perfect,0,0.8224965421245424,good,2,0.9606216450216454,perfect,0,0.9606216450216454,perfect,0,2
2026-10-06-do-nothing-till-you-hear-from-me-f88ef9,lick-practice,63,0.57421875,0.5539787782789443,0.5931558935361216,0.6638826957807459,0.8179024069264069,good,0,0.749743873015873,good,1,0.6920712673992675,fair,2,0.8103619047619046,good,0,0.742831746031746,good,1,2
2026-10-06-eric-alexander-chord-tone-lick-089e1d,lick-practice,59,0.5678571428571428,0.5992360580595876,0.3735849056603773,0.4446344185206625,0.8060797067586304,good,0,0.7165152948965604,good,2,0.6141559670541945,fair,5,0.7388511763038557,good,0,0.6567566011589827,fair,2,5
2026-10-06-eric-alexander-chord-tone-lick-0a3730,lick-practice,59,0.9439252336448598,0.961624404935393,0.945121951219512,0.9042704359750556,0.9903351191106087,perfect,0,0.9903351191106087,perfect,0,0.792268095288487,good,4,0.9861269652305387,perfect,0,0.9861269652305387,perfect,0,4
2026-10-06-eric-alexander-chord-tone-lick-0f039e,lick-practice,59,0.9878419452887538,0.9910533556488288,0.9553571428571428,0.9258790034988914,0.9903745205341412,perfect,0,0.9903745205341412,perfect,0,0.8339995962392768,good,3,0.9861835222978104,perfect,0,0.9861835222978104,perfect,0,3
2026-10-06-eric-alexander-chord-tone-lick-2ed86f,lick-practice,59,0.7558139534883721,0.7889912123574905,0.6385542168674698,0.6729799903966863,0.8266254905517756,good,0,0.7780004616957888,good,1,0.6961056762541269,fair,3,0.8164480725623573,good,0,0.768421715352807,good,1,3
2026-10-06-eric-alexander-chord-tone-lick-366cde,lick-practice,59,0.9900662251655628,0.9907712465463384,0.7725752508361204,0.7195572281308453,0.9473149387755113,great,0,0.9473149387755113,great,0,0.7977388958109568,good,3,0.9243755102040833,great,0,0.9243755102040833,great,0,3
2026-10-06-eric-alexander-chord-tone-lick-66cc88,lick-practice,59,0.703125,0.744668140271223,0.6158730158730159,0.6573508906958982,0.8523110204396565,great,0,0.7576097959463612,good,2,0.7177355961597107,good,3,0.8369895030234302,good,0,0.7439906693541603,good,2,3
2026-10-06-eric-alexander-chord-tone-lick-686d3e,lick-practice,59,0.9545454545454546,0.9726492313835096,0.9192546583850932,0.9064682983238288,0.9870164081632691,perfect,0,0.9870164081632691,perfect,0,0.8773479183673503,great,2,0.9813632653061278,perfect,0,0.9813632653061278,perfect,0,2
2026-10-06-eric-alexander-chord-tone-lick-a09748,lick-practice,59,0.8108108108108109,0.8306234321285887,0.7717717717717718,0.7864497564733028,0.866423279415468,great,0,0.866423279415468,great,0,0.8154572041557344,good,1,0.8572463340891885,great,0,0.8572463340891885,great,0,1
2026-10-06-eric-alexander-chord-tone-lick-a289f0,lick-practice,59,0.9008746355685132,0.9103368771615216,0.9201183431952664,0.8804261652432909,0.9886232371819086,perfect,0,0.9886232371819086,perfect,0,0.9304689291123845,great,1,0.983669718442931,perfect,0,0.983669718442931,perfect,0,1
2026-10-06-eric-alexander-chord-tone-lick-ac704e,lick-practice,59,0.9697885196374624,0.979105868288738,0.9323529411764706,0.9115355890620538,0.9900806883345887,perfect,0,0.9900806883345887,perfect,0,0.9318406478443189,great,1,0.9857617535903187,perfect,0,0.9857617535903187,perfect,0,1
2026-10-06-eric-alexander-chord-tone-lick-ad37de,lick-practice,59,0.9705882352941176,0.9822780454232622,0.9307228915662652,0.9150017843854548,0.9906305507999469,perfect,0,0.9906305507999469,perfect,0,0.8342152006736394,good,3,0.9865510298563831,perfect,0,0.9865510298563831,perfect,0,3
2026-10-06-eric-alexander-chord-tone-lick-e26f99,lick-practice,59,0.8611111111111112,0.8895820336868372,0.7515337423312883,0.72332695629824,0.9661901295036515,perfect,0,0.8588356706699124,great,2,0.7026837305481102,good,6,0.9514690854119399,perfect,0,0.8457502981439466,good,2,6
2026-10-06-fats-navarro-wail-02c61b,lick-practice,56,0.6116751269035533,0.6369549441393336,0.4252577319587629,0.5168304231807558,0.7252035873015836,good,0,0.5525360665154923,fair,5,0.4834690582010558,try-again,8,0.702480952380947,good,0,0.5352235827664358,try-again,5,8
2026-10-06-fats-navarro-wail-056331,lick-practice,50,0.9246861924686192,0.9344068219041514,0.9229122055674518,0.9113702194681808,0.9528124212648024,perfect,0,0.9528124212648024,perfect,0,0.8023683547493072,good,3,0.9479686318972035,great,0,0.9479686318972035,great,0,3
2026-10-06-fats-navarro-wail-08be9b,lick-practice,55,0.9298701298701298,0.9283472089531868,0.9417721518987342,0.8242122474469636,0.9875775888132989,perfect,0,0.9875775888132989,perfect,0,0.7524400676672753,good,5,0.9818208616779983,perfect,0,0.9818208616779983,perfect,0,5
2026-10-06-fats-navarro-wail-0b2469,lick-practice,61,0.9681697612732096,0.973342806256022,0.928,0.914009889935918,0.9874651433610411,perfect,0,0.9874651433610411,perfect,0,0.9293789584574504,great,1,0.9821779289493475,perfect,0,0.9821779289493475,perfect,0,1
2026-10-06-fats-navarro-wail-107cd9,lick-practice,52,0.5761124121779859,0.5371694312092571,0.320754716981132,0.4260567057097382,0.592393082640463,fair,0,0.45134711058320987,try-again,5,0.3791315728898963,try-again,9,0.5765738851095984,fair,0,0.4392943886549321,try-again,5,9
2026-10-06-fats-navarro-wail-1b346f,lick-practice,54,0.8654708520179372,0.905184434022056,0.5216400911161732,0.5785071392816066,0.8656847959183677,great,0,0.7289977228786253,good,3,0.49467702623906723,try-again,12,0.8198755102040854,good,0,0.6904214822771245,fair,3,12
2026-10-06-fats-navarro-wail-1cce75,lick-practice,58,0.9432989690721648,0.9421025143624562,0.942643391521197,0.8850740371800666,0.98746569412951,perfect,0,0.98746569412951,perfect,0,0.9293794768277741,great,1,0.9819216742252548,perfect,0,0.9819216742252548,perfect,0,1
2026-10-06-fats-navarro-wail-24af3e,lick-practice,50,0.3219178082191781,0.2020727051047582,0.5689655172413793,0.271092382350973,0.15438649533887458,try-again,0,0.15438649533887458,try-again,0,0.15438649533887458,try-again,0,0.13157974300831185,try-again,0,0.13157974300831185,try-again,0,0
2026-10-06-fats-navarro-wail-29dea6,lick-practice,50,0.4061135371179039,0.4005873715124817,0.2559652928416486,0.4045540020670568,0.5215863567649272,try-again,0,0.37933553219267424,try-again,6,0.32097621954764743,try-again,10,0.5073795351473906,try-again,0,0.36900329828901135,try-again,6,10
2026-10-06-fats-navarro-wail-2e0ca1,lick-practice,50,0.3791666666666666,0.3946286536211504,0.2527472527472527,0.3607454893032187,0.6430684681279932,fair,0,0.5716164161137718,fair,2,0.3957344419249189,try-again,10,0.6333527021919898,fair,0,0.5629801797262133,fair,2,10
2026-10-06-fats-navarro-wail-304f2e,lick-practice,50,0.9323144104803494,0.941220414798077,0.9006622516556292,0.895275924703815,0.9514468379944604,perfect,0,0.9514468379944604,perfect,0,0.8954793769359627,great,1,0.9459202569916905,great,0,0.9459202569916905,great,0,1
2026-10-06-fats-navarro-wail-388530,lick-practice,63,0.9014084507042254,0.933545592536374,0.7747252747252747,0.7992332104549689,0.9569900595238028,perfect,0,0.9006965266106379,great,1,0.7655920476190423,good,4,0.9394226190476097,great,0,0.8841624649859856,great,1,4
2026-10-06-fats-navarro-wail-3c5b7f,lick-practice,58,0.9799498746867168,0.9786094700387068,0.9362244897959184,0.9107447573272832,0.9849301929957122,perfect,0,0.9849301929957122,perfect,0,0.8294148993648102,good,3,0.9782647014361232,perfect,0,0.9782647014361232,perfect,0,3
2026-10-06-fats-navarro-wail-3db3e5,lick-practice,55,0.922279792746114,0.9318194126035706,0.885,0.8284472934980142,0.9835075459813557,perfect,0,0.9835075459813557,perfect,0,0.8282168808264048,good,3,0.9758647014361302,perfect,0,0.9758647014361302,perfect,0,3
2026-10-06-fats-navarro-wail-3e6ec4,lick-practice,61,0.9865591397849462,0.9897065512269236,0.9342465753424658,0.9140834357136878,0.98728077752583,perfect,0,0.98728077752583,perfect,0,0.8775829133562933,great,2,0.98191579743009,perfect,0,0.98191579743009,perfect,0,2
2026-10-06-fats-navarro-wail-401d61,lick-practice,62,0.95,0.942409715564078,0.8853333333333333,0.8208710349761567,0.971046109347439,perfect,0,0.971046109347439,perfect,0,0.9139257499740603,great,1,0.959027513227508,perfect,0,0.959027513227508,perfect,0,1
2026-10-06-fats-navarro-wail-41d1d3,lick-practice,52,0.9292682926829268,0.9486606666808848,0.8183962264150944,0.775276202975635,0.9695552562358267,perfect,0,0.9125225941043075,great,1,0.7387087666558678,good,5,0.9547850340136039,perfect,0,0.898621208483392,great,1,5
2026-10-06-fats-navarro-wail-43204c,lick-practice,51,0.9641255605381166,0.9568060168278428,0.947845804988662,0.8826949166832492,0.9893994149659877,perfect,0,0.9893994149659877,perfect,0,0.8794661466364335,great,2,0.984178231292519,perfect,0,0.984178231292519,perfect,0,2
2026-10-06-fats-navarro-wail-48b97f,lick-practice,57,0.9904534606205252,0.992993030500926,0.9212410501193318,0.9214102683062292,0.9827698903061212,perfect,0,0.9827698903061212,perfect,0,0.8735732358276632,great,2,0.9750288265306103,perfect,0,0.9750288265306103,perfect,0,2
2026-10-06-fats-navarro-wail-48d5e4,lick-practice,52,0.9699074074074074,0.9776745071526028,0.9439252336448598,0.9098237025369686,0.9894167319224004,perfect,0,0.9894167319224004,perfect,0,0.6596111546149337,fair,8,0.984282275132278,perfect,0,0.984282275132278,perfect,0,8
2026-10-06-fats-navarro-wail-49d424,lick-practice,50,0.5339366515837104,0.519124758435822,0.3807339449541284,0.4830170178974677,0.6783396321491562,fair,0,0.6029685619103611,fair,2,0.5168301959231666,try-again,5,0.6675094482237345,fair,0,0.5933417317544307,fair,2,5
2026-10-06-fats-navarro-wail-4c7d0c,lick-practice,55,0.6895734597156398,0.703207381370826,0.5352112676056338,0.5806793972677246,0.7844315389581762,good,0,0.6605739275437273,fair,3,0.5229543593054509,try-again,8,0.7573469860166279,good,0,0.6377658829613708,fair,3,8
2026-10-06-fats-navarro-wail-4eca66,lick-practice,50,0.5531914893617021,0.4677626622945008,0.3994910941475827,0.479685079594796,0.643538989669942,fair,0,0.4903154207009082,try-again,5,0.4476792971616988,try-again,7,0.6153084845049132,fair,0,0.46880646438469564,try-again,5,7
2026-10-06-fats-navarro-wail-53d686,lick-practice,56,0.9445843828715366,0.9458005573388832,0.9379652605459056,0.8708928517308556,0.9826734744268095,perfect,0,0.9826734744268095,perfect,0,0.8734875328238307,great,2,0.9747671957671984,perfect,0,0.9747671957671984,perfect,0,2
2026-10-06-fats-navarro-wail-5742ea,lick-practice,60,0.9925187032418952,0.992746418801659,0.9318181818181818,0.9326593313794748,0.9874333333333236,perfect,0,0.9874333333333236,perfect,0,0.9874333333333236,perfect,0,0.9820476190476052,perfect,0,0.9820476190476052,perfect,0,0
2026-10-06-fats-navarro-wail-5ae668,lick-practice,50,0.9601873536299764,0.9680526685545842,0.9029345372460496,0.8797598873224131,0.9800277147896199,perfect,0,0.9800277147896199,perfect,0,0.9223790256843482,great,1,0.97004157218443,perfect,0,0.97004157218443,perfect,0,1
2026-10-06-fats-navarro-wail-603ec6,lick-practice,54,0.5657276995305164,0.5403186955716138,0.5393794749403341,0.5992768660172327,0.7609087346938728,good,0,0.6763633197278869,fair,2,0.553388170686453,fair,6,0.7542775510204012,good,0,0.6704689342403566,fair,2,6
2026-10-06-fats-navarro-wail-6193df,lick-practice,50,0.6438631790744467,0.6981671968792659,0.5711382113821138,0.5941357581631134,0.877630070546734,great,0,0.6382764149430792,fair,6,0.46806937095825807,try-again,14,0.853945105820101,great,0,0.6210509860509824,fair,6,14
2026-10-06-fats-navarro-wail-650af6,lick-practice,50,0.6043956043956044,0.6557186503719447,0.5087719298245614,0.5890187831209587,0.8545773494583069,great,0,0.6836618795666454,fair,4,0.6215107996060414,fair,6,0.8381160241874601,good,0,0.6704928193499682,fair,4,6
2026-10-06-fats-navarro-wail-68273c,lick-practice,60,0.9186351706036744,0.8930505741039405,0.7914438502673797,0.7714626179863465,0.900440079365074,great,0,0.900440079365074,great,0,0.900440079365074,great,0,0.8845572562358199,great,0,0.8845572562358199,great,0,0
2026-10-06-fats-navarro-wail-6bb777,lick-practice,62,0.983957219251337,0.9835243129658208,0.925531914893617,0.9191079628136424,0.9853635338876259,perfect,0,0.9853635338876259,perfect,0,0.7882908271101008,good,4,0.9792880196523006,perfect,0,0.9792880196523006,perfect,0,4
2026-10-06-fats-navarro-wail-7c6464,lick-practice,50,0.6407766990291263,0.6946791125391242,0.4391634980988593,0.506299335706644,0.7168332703451754,good,0,0.5734666162761404,fair,4,0.4096190116258146,try-again,12,0.7064999055177632,good,0,0.5651999244142107,fair,4,12
2026-10-06-fats-navarro-wail-7e5c0a,lick-practice,57,0.9853300733496332,0.9904115237650164,0.9429280397022332,0.9348864861589014,0.9871586267006778,perfect,0,0.9871586267006778,perfect,0,0.8774743348450469,great,2,0.9813893140589534,perfect,0,0.9813893140589534,perfect,0,2
2026-10-06-fats-navarro-wail-83e243,lick-practice,50,0.9685393258426966,0.9692990067121549,0.9582366589327146,0.8963147877795355,0.9904938271604908,perfect,0,0.9904938271604908,perfect,0,0.9322294843863443,great,1,0.9857407407407363,perfect,0,0.9857407407407363,perfect,0,1
2026-10-06-fats-navarro-wail-89392a,lick-practice,60,0.9888579387186628,0.9790015063626208,0.9022346368715084,0.8679713841288461,0.9821805555555578,perfect,0,0.9821805555555578,perfect,0,0.8270994152046802,good,3,0.974543650793654,perfect,0,0.974543650793654,perfect,0,3
2026-10-06-fats-navarro-wail-8da30f,lick-practice,60,0.9361702127659576,0.9558958251537756,0.8791208791208791,0.8898251070854587,0.9443980158730172,great,0,0.8888451914098986,great,1,0.7555184126984138,good,4,0.936640022675739,great,0,0.8815435507536367,great,1,4
2026-10-06-fats-navarro-wail-993f67,lick-practice,52,0.8773148148148148,0.8949948159737307,0.735981308411215,0.7236971768410239,0.9470969939531378,great,0,0.8913854060735416,great,1,0.6887978137841002,fair,6,0.9214311791383236,great,0,0.8672293450713634,great,1,6
2026-10-06-fats-navarro-wail-9d88ba,lick-practice,50,0.532,0.5479426129870508,0.3539019963702359,0.4023693691939115,0.6528492693373644,fair,0,0.5803104616332129,fair,2,0.4178235323759133,try-again,9,0.6480239040060467,fair,0,0.5760212480053748,fair,2,9
2026-10-06-fats-navarro-wail-a08912,lick-practice,50,0.963963963963964,0.9757986627043091,0.9567198177676538,0.904149384962188,0.9876527462836996,perfect,0,0.9876527462836996,perfect,0,0.8779135522521775,great,2,0.9814791194255494,perfect,0,0.9814791194255494,perfect,0,2
2026-10-06-fats-navarro-wail-a3d8e3,lick-practice,50,0.8004694835680751,0.8447478358479246,0.8255813953488372,0.7834111014329597,0.9339169186192942,great,0,0.8789806292887474,great,1,0.6792123044503957,fair,6,0.9196253779289412,great,0,0.8655297674625329,great,1,6
2026-10-06-fats-navarro-wail-a8ae29,lick-practice,50,0.325,0.3750566013325571,0.2190669371196754,0.3637031099121821,0.5033264046359291,try-again,0,0.4026611237087433,try-again,4,0.38348678448451734,try-again,5,0.4987396069538936,try-again,0,0.39899168556311493,try-again,4,5
2026-10-06-fats-navarro-wail-b3b471,lick-practice,56,0.9707317073170731,0.983006021660492,0.9238329238329238,0.9160146620045316,0.9855658306878261,perfect,0,0.9855658306878261,perfect,0,0.8760585161669565,great,2,0.9789793650793585,perfect,0,0.9789793650793585,perfect,0,2
2026-10-06-fats-navarro-wail-b437d8,lick-practice,54,0.9395348837209302,0.9637831627001096,0.909952606635071,0.9007759144061184,0.983205387755103,perfect,0,0.9253697767106852,great,1,0.7865643102040825,good,4,0.975302040816328,perfect,0,0.9179313325330146,great,1,4
2026-10-06-fats-navarro-wail-b4ccaa,lick-practice,53,0.973170731707317,0.9812761988625558,0.938095238095238,0.9018114692933904,0.9921284755290989,perfect,0,0.9921284755290989,perfect,0,0.881891978248088,great,2,0.9883672052154171,perfect,0,0.9883672052154171,perfect,0,2
2026-10-06-fats-navarro-wail-b749e4,lick-practice,62,0.895774647887324,0.871568014617493,0.6524216524216524,0.6774218510792014,0.8493873247669372,good,0,0.8493873247669372,good,0,0.7994233644865291,good,1,0.8335669690098169,good,0,0.8335669690098169,good,0,1
2026-10-06-fats-navarro-wail-bbae9d,lick-practice,50,0.2818991097922849,0.2744924692462778,0.2467866323907455,0.3824822224078283,0.5483856135046654,try-again,0,0.4178176102892689,try-again,5,0.4178176102892689,try-again,5,0.5100784202569982,try-again,0,0.3886311773386653,try-again,5,5
2026-10-06-fats-navarro-wail-bce439,lick-practice,59,0.9484536082474226,0.940754674106523,0.931758530183727,0.8705578424524238,0.9886661864449438,perfect,0,0.9886661864449438,perfect,0,0.8788143879510611,great,2,0.98373136810279,perfect,0,0.98373136810279,perfect,0,2
2026-10-06-fats-navarro-wail-beba69,lick-practice,50,0.9645390070921984,0.9613005831418978,0.926605504587156,0.8771452560936346,0.9931141345427056,perfect,0,0.9931141345427056,perfect,0,0.8827681195935161,great,2,0.9896712018140585,perfect,0,0.9896712018140585,perfect,0,2
2026-10-06-fats-navarro-wail-bff02f,lick-practice,54,0.9562043795620438,0.9682705633494614,0.8875305623471883,0.8576194750037321,0.9787357755101994,perfect,0,0.9787357755101994,perfect,0,0.7457034480077709,good,5,0.9687290816326463,perfect,0,0.9687290816326463,perfect,0,5
2026-10-06-fats-navarro-wail-d3b63e,lick-practice,63,0.9825581395348836,0.9652439564331886,0.9237536656891496,0.8894694769777447,0.9834536190476323,perfect,0,0.9834536190476323,perfect,0,0.9834536190476323,perfect,0,0.9766952380952567,perfect,0,0.9766952380952567,perfect,0,0
2026-10-06-fats-navarro-wail-d87e90,lick-practice,54,0.875,0.8850331925165963,0.6645021645021645,0.6376316853308381,0.8811560408163273,great,0,0.7832498140589575,good,2,0.7420261396348018,good,3,0.8460438775510247,good,0,0.7520390022675776,good,2,3
2026-10-06-fats-navarro-wail-d9814a,lick-practice,53,0.9344262295081968,0.9631508439760652,0.9156908665105388,0.8825037017992632,0.987167078042327,perfect,0,0.9290984263927783,great,1,0.8312985920356436,good,3,0.9810350907029461,perfect,0,0.9233271441910083,great,1,3
2026-10-06-fats-navarro-wail-ec1a64,lick-practice,51,0.9648711943793912,0.971237131049324,0.9333333333333332,0.8879187738672755,0.9866890294784573,perfect,0,0.9866890294784573,perfect,0,0.877056915091962,great,2,0.980132879818593,perfect,0,0.980132879818593,perfect,0,2
2026-10-06-fats-navarro-wail-f0f910,lick-practice,50,0.4319526627218935,0.4842279822632394,0.3745247148288973,0.4339012270858675,0.6484728521038057,fair,0,0.6103273902153465,fair,1,0.41502262534643564,try-again,9,0.6414592781557085,fair,0,0.6037263794406668,fair,1,9
2026-10-06-fats-navarro-wail-f11d49,lick-practice,59,0.951219512195122,0.9456231057229454,0.9056603773584906,0.8404310384588274,0.9770228485764713,perfect,0,0.9770228485764713,perfect,0,0.781618278861177,good,4,0.9670184429327338,perfect,0,0.9670184429327338,perfect,0,4
2026-10-06-fats-navarro-wail-f14f56,lick-practice,50,0.882903981264637,0.8835672604341364,0.72,0.7375368450488541,0.9003911564625838,great,0,0.8003476946334078,good,2,0.6860123096857781,fair,5,0.8880867346938757,great,0,0.7894104308390006,good,2,5
2026-10-06-honeysuckle-rose-0582b2,lick-practice,165,0.875,0.9194915254237288,0.9814814814814816,0.8760515075176954,0.9502657596372178,perfect,0,0.9502657596372178,perfect,0,0.9502657596372178,perfect,0,0.9502657596372178,perfect,0,0.9502657596372178,perfect,0,0
2026-10-06-honeysuckle-rose-073853,lick-practice,165,0.9166666666666666,0.9419889502762432,0.9661016949152542,0.8863535031676293,0.9416888888889248,great,0,0.9416888888889248,great,0,0.9416888888889248,great,0,0.9416888888889248,great,0,0.9416888888889248,great,0,0
2026-10-06-honeysuckle-rose-36acc4,lick-practice,165,0.8813559322033898,0.9300212916962384,1.0,0.9193826496601104,0.9740226757369788,perfect,0,0.9740226757369788,perfect,0,0.9740226757369788,perfect,0,0.9740226757369788,perfect,0,0.9740226757369788,perfect,0,0
2026-10-06-honeysuckle-rose-375b9b,lick-practice,165,0.8113207547169812,0.8698583951449764,0.9629629629629628,0.8532433800399304,0.982120634920625,perfect,0,0.982120634920625,perfect,0,0.982120634920625,perfect,0,0.982120634920625,perfect,0,0.982120634920625,perfect,0,0
2026-10-06-honeysuckle-rose-60cca3,lick-practice,165,0.8771929824561403,0.9276984243852155,0.9636363636363636,0.8748466543853283,0.9505560090702784,perfect,0,0.9505560090702784,perfect,0,0.9505560090702784,perfect,0,0.9505560090702784,perfect,0,0.9505560090702784,perfect,0,0
2026-10-06-honeysuckle-rose-700435,lick-practice,165,0.8571428571428571,0.9163636363636364,0.9444444444444444,0.8785192493349314,0.9638566893424463,perfect,0,0.9638566893424463,perfect,0,0.9638566893424463,perfect,0,0.9638566893424463,perfect,0,0.9638566893424463,perfect,0,0
2026-10-06-honeysuckle-rose-80bea5,lick-practice,165,0.9344262295081968,0.9512786002691792,0.8823529411764706,0.8616017021238804,0.9521591836734783,perfect,0,0.9521591836734783,perfect,0,0.9521591836734783,perfect,0,0.9521591836734783,perfect,0,0.9521591836734783,perfect,0,0
2026-10-06-honeysuckle-rose-a052b6,lick-practice,165,0.8412698412698413,0.8867819297267149,0.9642857142857144,0.879822788760066,0.9641469387755068,perfect,0,0.9641469387755068,perfect,0,0.9641469387755068,perfect,0,0.9641469387755068,perfect,0,0.9641469387755068,perfect,0,0
2026-10-06-honeysuckle-rose-a31350,lick-practice,165,0.953125,0.976,0.9661016949152542,0.9426973655819892,0.9794721088435426,perfect,0,0.9794721088435426,perfect,0,0.9794721088435426,perfect,0,0.9794721088435426,perfect,0,0.9794721088435426,perfect,0,0
2026-10-06-honeysuckle-rose-ac61f5,lick-practice,165,0.8928571428571429,0.9071340713407134,1.0,0.8429746310922164,0.9740594104308429,perfect,0,0.9740594104308429,perfect,0,0.9740594104308429,perfect,0,0.9740594104308429,perfect,0,0.9740594104308429,perfect,0,0
2026-10-06-honeysuckle-rose-c154ae,lick-practice,165,0.8571428571428571,0.9095354523227382,0.9814814814814816,0.877622664347291,0.9642412698412499,perfect,0,0.9642412698412499,perfect,0,0.9642412698412499,perfect,0,0.9642412698412499,perfect,0,0.9642412698412499,perfect,0,0
2026-10-06-honeysuckle-rose-ce2fc5,lick-practice,165,0.8709677419354839,0.9242053789731052,0.9642857142857144,0.8743825435638428,0.9646766439909534,perfect,0,0.9646766439909534,perfect,0,0.8038972033257945,good,1,0.9646766439909534,perfect,0,0.9646766439909534,perfect,0,1
2026-10-06-sharp-9-flat-9-dom-138d71,lick-practice,141,0.9587628865979382,0.9658156642146258,0.94,0.8828259552828968,0.9785105285966482,perfect,0,0.9785105285966482,perfect,0,0.9785105285966482,perfect,0,0.9778459057697405,perfect,0,0.9778459057697405,perfect,0,0
2026-10-06-sharp-9-flat-9-dom-26c019,lick-practice,141,0.9081632653061223,0.9309715300735184,0.9142857142857144,0.8644350317772478,0.973386465104561,perfect,0,0.973386465104561,perfect,0,0.973386465104561,perfect,0,0.9725633660871762,perfect,0,0.9725633660871762,perfect,0,0
2026-10-06-sharp-9-flat-9-dom-440464,lick-practice,141,0.9906542056074766,0.9908225696804897,0.9203539823008848,0.880774923471304,0.9624423038548773,perfect,0,0.9624423038548773,perfect,0,0.8661980734693896,great,1,0.9612807256235849,perfect,0,0.9612807256235849,perfect,0,1
2026-10-06-sharp-9-flat-9-dom-46fb7c,lick-practice,141,1.0,1.0,0.9469026548672568,0.8790785546486194,0.9741333333333334,perfect,0,0.9741333333333334,perfect,0,0.9741333333333334,perfect,0,0.9733333333333334,perfect,0,0.9733333333333334,perfect,0,0
2026-10-06-sharp-9-flat-9-dom-54da59,lick-practice,141,0.9727272727272728,0.9773327188167764,0.9646017699115044,0.9203145063840426,0.9798517631645516,perfect,0,0.9798517631645516,perfect,0,0.9798517631645516,perfect,0,0.9792286218191253,perfect,0,0.9792286218191253,perfect,0,0
2026-10-06-sharp-9-flat-9-dom-55e616,lick-practice,141,0.926605504587156,0.9272662447633478,0.9514563106796116,0.9378822904366714,0.9741053257748253,perfect,0,0.9741053257748253,perfect,0,0.876694793197343,great,1,0.9733044595616757,perfect,0,0.9733044595616757,perfect,0,1
2026-10-06-sharp-9-flat-9-dom-5c7c40,lick-practice,141,0.9603960396039604,0.9621766941689072,0.9223300970873788,0.9314095767644736,0.9721695782313097,perfect,0,0.9721695782313097,perfect,0,0.9721695782313097,perfect,0,0.9713088435374326,perfect,0,0.9713088435374326,perfect,0,0
2026-10-06-sharp-9-flat-9-dom-616be6,lick-practice,141,0.7252747252747253,0.784621221702289,0.6909090909090909,0.7817477089437571,0.8151593489544152,good,0,0.7336434140589736,good,1,0.564341087737672,fair,4,0.8135663391282631,good,0,0.7322097052154368,good,1,4
2026-10-06-sharp-9-flat-9-dom-71d847,lick-practice,141,0.9629629629629628,0.9634632034632036,0.868421052631579,0.8955598216790419,0.9730359551524257,perfect,0,0.9730359551524257,perfect,0,0.9730359551524257,perfect,0,0.9722020156210575,perfect,0,0.9722020156210575,perfect,0,0
2026-10-06-sharp-9-flat-9-dom-79d107,lick-practice,141,1.0,1.0,0.9652173913043478,0.9064909737843734,0.9846074759385324,perfect,0,0.9846074759385324,perfect,0,0.9846074759385324,perfect,0,0.9841314184933324,perfect,0,0.9841314184933324,perfect,0,0
2026-10-06-sharp-9-flat-9-dom-8271d6,lick-practice,141,0.6162790697674418,0.7101793818889128,0.4576271186440678,0.5737810720617954,0.6440711997984145,fair,0,0.579664079818573,fair,1,0.5269673452896118,try-again,2,0.6406232300327297,fair,0,0.5765609070294567,fair,1,2
2026-10-06-sharp-9-flat-9-dom-92bff3,lick-practice,141,0.8229166666666666,0.8347102793233293,0.9292929292929292,0.8475707452448588,0.9740418321995437,perfect,0,0.9740418321995437,perfect,0,0.8766376489795893,great,1,0.9732390022675708,perfect,0,0.9732390022675708,perfect,0,1
2026-10-06-sharp-9-flat-9-dom-94f90d,lick-practice,141,1.0,1.0,0.9142857142857144,0.916127259186072,0.9879711201813692,perfect,0,0.9879711201813692,perfect,0,0.8083400074211202,good,2,0.9875990929704838,perfect,0,0.9875990929704838,perfect,0,2
2026-10-06-sharp-9-flat-9-dom-a7fe06,lick-practice,141,0.9818181818181818,0.9863832613749584,0.9910714285714286,0.920693310865989,0.979226896447489,perfect,0,0.979226896447489,perfect,0,0.979226896447489,perfect,0,0.9785844293273082,perfect,0,0.9785844293273082,perfect,0,0
2026-10-06-sharp-9-flat-9-dom-a84932,lick-practice,141,1.0,1.0,0.9173553719008264,0.8580986302632552,0.980649465356513,perfect,0,0.980649465356513,perfect,0,0.980649465356513,perfect,0,0.9800509952129,perfect,0,0.9800509952129,perfect,0,0
2026-10-06-sharp-9-flat-9-dom-ae0395,lick-practice,141,0.9716981132075472,0.972335125213059,0.9433962264150944,0.9391422872359936,0.9721772522045892,perfect,0,0.9721772522045892,perfect,0,0.9721772522045892,perfect,0,0.971316754850092,perfect,0,0.971316754850092,perfect,0,0
2026-10-06-sharp-9-flat-9-dom-b71428,lick-practice,141,1.0,1.0,0.9454545454545454,0.9294978581942044,0.9776213252708511,perfect,0,0.9776213252708511,perfect,0,0.879859192743766,great,1,0.9769292013101558,perfect,0,0.9769292013101558,perfect,0,1
2026-10-06-sharp-9-flat-9-dom-c36a96,lick-practice,141,1.0,1.0,0.9541284403669724,0.9540838640469772,0.9913091030486288,perfect,0,0.9913091030486288,perfect,0,0.892178192743766,great,1,0.9910403124212669,perfect,0,0.9910403124212669,perfect,0,1
2026-10-06-sharp-9-flat-9-dom-c93983,lick-practice,141,0.7105263157894737,0.7065928535480623,0.9304347826086956,0.7956912302053891,0.9769456245905765,perfect,0,0.9769456245905765,perfect,0,0.8792510621315188,great,1,0.9762326026706974,perfect,0,0.9762326026706974,perfect,0,1
2026-10-06-sharp-9-flat-9-dom-d142a6,lick-practice,141,1.0,1.0,0.7128712871287128,0.7559596918085042,0.8052238997228494,good,0,0.7247015097505645,good,1,0.7247015097505645,good,1,0.8033236079617004,good,0,0.7229912471655304,good,1,1
2026-10-06-sharp-9-flat-9-dom-dd82a8,lick-practice,141,0.9316239316239316,0.9297722567287784,0.9051724137931034,0.820035903270428,0.9861520463592837,perfect,0,0.9861520463592837,perfect,0,0.8875368417233553,great,1,0.9857237591332821,perfect,0,0.9857237591332821,perfect,0,1
2026-10-06-sharp-9-flat-9-dom-e0bec0,lick-practice,141,0.9509803921568628,0.9574281629076148,0.8571428571428571,0.8905173976754033,0.6022647533384302,fair,0,0.5420382780045873,try-again,1,0.4169525215419902,try-again,4,0.5982110859159074,fair,0,0.5383899773243167,try-again,1,4
2026-10-06-sharp-9-flat-9-dom-e45b07,lick-practice,141,0.9252336448598132,0.948502994011976,0.90990990990991,0.8848973611226448,0.961103415469899,perfect,0,0.8649930739229091,great,1,0.8649930739229091,great,1,0.9599004283194835,perfect,0,0.8639103854875352,great,1,1
2026-10-06-sharp-9-flat-9-dom-f099b5,lick-practice,141,0.9423076923076924,0.9441233140655106,0.9223300970873788,0.9123317423716996,0.9772123073822245,perfect,0,0.9772123073822245,perfect,0,0.8794910766440021,great,1,0.9765075333837366,perfect,0,0.9765075333837366,perfect,0,1
2026-10-06-sonny-stitt-indiana-3090a9,lick-practice,50,0.4615384615384615,0.4673157162726008,0.5808823529411765,0.4817043176900913,0.5196926177878556,try-again,0,0.45732950365331293,try-again,3,0.31758993309257844,try-again,14,0.48408438122723807,try-again,0,0.4259942554799695,try-again,3,14
2026-10-06-sonny-stitt-indiana-850b0c,lick-practice,50,0.8493870402802102,0.8740425004048806,0.8063380281690141,0.8116256703657133,0.9271687395496919,great,0,0.8868570552214444,great,1,0.7033693886239042,good,7,0.9180258365972649,great,0,0.8781116697886882,great,1,7
2026-10-06-sonny-stitt-indiana-9d36a0,lick-practice,50,0.6164122137404581,0.6657451429386605,0.5209471766848816,0.561015694839075,0.7039146567717985,good,0,0.6452551020408154,fair,2,0.573560090702947,fair,5,0.6922356215213341,fair,0,0.6345493197278897,fair,2,5
2026-10-06-wouldn-t-it-be-loverly-0f69d3,lick-practice,150,0.92,0.9219008264462808,0.92,0.878608650792905,0.9031088435374162,great,0,0.9031088435374162,great,0,0.9031088435374162,great,0,0.9031088435374162,great,0,0.9031088435374162,great,0,0
2026-10-06-wouldn-t-it-be-loverly-265fb1,lick-practice,150,1.0,1.0,0.9537037037037036,0.9199257124730242,0.9706485260770981,perfect,0,0.9706485260770981,perfect,0,0.9706485260770981,perfect,0,0.9706485260770981,perfect,0,0.9706485260770981,perfect,0,0
2026-10-06-wouldn-t-it-be-loverly-5b7def,lick-practice,150,0.8627450980392157,0.8551151872475161,0.8316831683168316,0.833975668118252,0.8920294784580509,great,0,0.8920294784580509,great,0,0.6861765218908082,fair,3,0.8920294784580509,great,0,0.8920294784580509,great,0,3
2026-10-06-wouldn-t-it-be-loverly-6c1f1e,lick-practice,150,0.9528301886792452,0.957345971563981,0.8962264150943396,0.8888722430399763,0.9515510204081642,perfect,0,0.9515510204081642,perfect,0,0.9515510204081642,perfect,0,0.9515510204081642,perfect,0,0.9515510204081642,perfect,0,0
2026-10-06-wouldn-t-it-be-loverly-8d7073,lick-practice,150,0.8613861386138614,0.8544471419112779,0.9326923076923076,0.8773259922740905,0.8088231292517009,good,0,0.8088231292517009,good,0,0.8088231292517009,good,0,0.8088231292517009,good,0,0.8088231292517009,good,0,0
2026-10-06-wouldn-t-it-be-loverly-8f88d4,lick-practice,150,0.9047619047619048,0.927960927960928,0.86,0.8727569102756376,0.9628049886621315,perfect,0,0.9628049886621315,perfect,0,0.8023374905517763,good,2,0.9628049886621315,perfect,0,0.9628049886621315,perfect,0,2
2026-10-06-wouldn-t-it-be-loverly-affbd8,lick-practice,150,0.6634615384615384,0.6554445763777328,0.9423076923076924,0.8163203003445292,0.9813877551020416,perfect,0,0.8178231292517013,good,2,0.7009912536443154,good,4,0.9813877551020416,perfect,0,0.8178231292517013,good,2,4
2026-10-06-wouldn-t-it-be-loverly-c49eeb,lick-practice,150,1.0,1.0,0.961904761904762,0.9509026645644894,0.9815328798185938,perfect,0,0.9815328798185938,perfect,0,0.9815328798185938,perfect,0,0.9815328798185938,perfect,0,0.9815328798185938,perfect,0,0
2026-10-06-wouldn-t-it-be-loverly-d44657,lick-practice,150,0.9047619047619048,0.9047619047619048,0.903846153846154,0.8857549666389217,0.869784580498866,great,0,0.869784580498866,great,0,0.7907132549989689,good,1,0.869784580498866,great,0,0.869784580498866,great,0,1
2026-10-06-wouldn-t-it-be-loverly-def5f0,lick-practice,150,0.9223300970873788,0.927799093128706,0.9270833333333334,0.9345262229927188,0.9118458049886626,great,0,0.9118458049886626,great,0,0.828950731807875,good,1,0.9118458049886626,great,0,0.9118458049886626,great,0,1
2026-10-06-wouldn-t-it-be-loverly-ede737,lick-practice,150,1.0,0.975609756097561,0.9230769230769232,0.8714065182257474,0.8753287981859394,great,0,0.8753287981859394,great,0,0.8753287981859394,great,0,0.8753287981859394,great,0,0.8753287981859394,great,0,0
2026-10-06-wouldn-t-it-be-loverly-fee8af,lick-practice,150,0.9626168224299064,0.9622606604384424,0.971153846153846,0.9132800407525968,0.9650975056689339,perfect,0,0.9650975056689339,perfect,0,0.8773613687899399,great,1,0.9650975056689339,perfect,0,0.9650975056689339,perfect,0,1
