set,take,source,tempo,swing,oi,saved,current_overall,current_charged,current_hits,current_wrong,gate_thread_overall,gate_thread_charged,gate_thread_hits,gate_thread_wrong,gate_v2_overall,gate_v2_charged,gate_v2_hits,gate_v2_wrong,sliver_only_overall,sliver_only_charged,sliver_only_hits,sliver_only_wrong,sliver_gate_thread_overall,sliver_gate_thread_charged,sliver_gate_thread_hits,sliver_gate_thread_wrong,sliver_gate_v2_overall,sliver_gate_v2_charged,sliver_gate_v2_hits,sliver_gate_v2_wrong
prod,d6ea28b3-c30c-48ba-983b-5c8f003f050a,ear-training,100,0.6,0,0.9919,0.9919,0,6,0,0.9919,0,6,0,0.9919,0,6,0,0.9919,0,6,0,0.9919,0,6,0,0.9919,0,6,0
prod,9f81a77d-79ea-4071-9d25-563cc5bb9202,ear-training,100,0.6,0,0.981547,0.9815,0,5,0,0.9815,0,5,0,0.9815,0,5,0,0.9815,0,5,0,0.9815,0,5,0,0.9815,0,5,0
prod,a55e5b32-d5ae-4621-a07d-1de7c41efbfb,ear-training,100,0.6,0,0.975125,0.9751,0,5,0,0.9751,0,5,0,0.9751,0,5,0,0.9751,0,5,0,0.9751,0,5,0,0.9751,0,5,0
prod,d1942243-a349-40b5-8a33-3f74a36e0f92,ear-training,100,0.6,0,0.615185,0.6152,0,2,3,0.5127,1,2,3,0.6152,0,2,3,0.6152,0,2,3,0.5127,1,2,3,0.6152,0,2,3
prod,8c9d343e-9cc7-4d8b-90d7-f1370f89aa2e,ear-training,100,0.6,0,0.957962,0.9580,0,2,0,0.9580,0,2,0,0.9580,0,2,0,0.9580,0,2,0,0.9580,0,2,0,0.9580,0,2,0
prod,057ad6f0-0eff-4e43-8bf0-72e99e2f1cdf,ear-training,100,0.6,0,0.997037,0.9970,0,5,0,0.9970,0,5,0,0.9970,0,5,0,0.9970,0,5,0,0.9970,0,5,0,0.9970,0,5,0
prod,3a04cc88-2141-4be3-974b-b5169964e8a2,ear-training,100,0.6,0,0.989884,0.9899,0,6,0,0.9899,0,6,0,0.9899,0,6,0,0.9899,0,6,0,0.9899,0,6,0,0.9899,0,6,0
prod,3174e315-c643-4349-ac78-7727455e843c,ear-training,100,0.6,0,0.944574,0.9446,0,4,0,0.9446,0,4,0,0.9446,0,4,0,0.9446,0,4,0,0.9446,0,4,0,0.9446,0,4,0
prod,67f8108a-95cb-4387-81d2-1e48f57aff3a,ear-training,100,0.6,0,0.987581,0.9876,0,5,0,0.9876,0,5,0,0.9876,0,5,0,0.9876,0,5,0,0.9876,0,5,0,0.9876,0,5,0
prod,5a47702c-ac3b-4aa6-ab57-bb7d79018379,ear-training,100,0.6,0,0.985076,0.9851,0,3,0,0.9851,0,3,0,0.9851,0,3,0,0.9851,0,3,0,0.9851,0,3,0,0.9851,0,3,0
prod,ef1858ae-3a88-4e33-8102-614320500684,ear-training,100,0.6,0,0.980516,0.9805,0,3,0,0.9805,0,3,0,0.9805,0,3,0,0.9805,0,3,0,0.9805,0,3,0,0.9805,0,3,0
prod,97193435-91db-4d80-bb20-a1fe9703c25c,ear-training,100,0.6,0,0.959877,0.9599,0,3,0,0.7199,1,3,0,0.7199,1,3,0,0.9599,0,3,0,0.7199,1,3,0,0.7199,1,3,0
prod,21de629e-e070-4e85-b15c-6e0cd8fc413a,ear-training,100,0.6,0,0.939815,0.9398,0,2,0,0.6265,1,2,0,0.9398,0,2,0,0.9398,0,2,0,0.6265,1,2,0,0.9398,0,2,0
prod,31db04bd-97d3-4ab1-95ad-5a861ba382ce,ear-training,100,0.6,0,0.989107,0.9891,0,3,0,0.9891,0,3,0,0.9891,0,3,0,0.9891,0,3,0,0.9891,0,3,0,0.9891,0,3,0
prod,bfec5074-9910-43ff-986e-276a42d18aa4,ear-training,100,0.6,0,0.940741,0.9407,0,2,0,0.6272,1,2,0,0.9407,0,2,0,0.9407,0,2,0,0.6272,1,2,0,0.9407,0,2,0
prod,3105a5c4-9771-4d7e-a70d-0bb775e980c5,ear-training,100,0.6,0,0.982926,0.9829,0,3,0,0.9829,0,3,0,0.9829,0,3,0,0.9829,0,3,0,0.9829,0,3,0,0.9829,0,3,0
prod,25cdf5aa-ce6c-4e0a-9e81-7b1348b4d328,ear-training,100,0.6,0,0.976499,0.9765,0,4,0,0.9765,0,4,0,0.9765,0,4,0,0.9765,0,4,0,0.9765,0,4,0,0.9765,0,4,0
prod,16f8982c-38a5-4d12-9144-26e4119538b3,ear-training,100,0.6,0,0.727823,0.7278,0,4,3,0.7278,0,4,3,0.7278,0,4,3,0.7278,0,4,3,0.7278,0,4,3,0.7278,0,4,3
prod,4d454352-9710-48fa-b4f0-b49b2416e3bf,ear-training,100,0.6,0,0.982947,0.9829,0,3,0,0.9829,0,3,0,0.9829,0,3,0,0.9829,0,3,0,0.9829,0,3,0,0.9829,0,3,0
prod,58cd39c3-20b1-4b53-8f5c-fb0f5d995885,ear-training,100,0.6,0,0.735417,0.6512,0,2,2,0.5210,1,2,2,0.6512,0,2,2,0.6512,0,2,2,0.5210,1,2,2,0.6512,0,2,2
prod,2da593f3-3726-490a-8319-6f752a4ff56a,ear-training,100,0.6,0,0.992832,0.9928,0,4,0,0.9928,0,4,0,0.9928,0,4,0,0.9928,0,4,0,0.9928,0,4,0,0.9928,0,4,0
prod,0df2b896-3796-4f44-924b-77892cc864c1,ear-training,100,0.6,0,0.986012,0.9860,0,3,0,0.9860,0,3,0,0.9860,0,3,0,0.9860,0,3,0,0.9860,0,3,0,0.9860,0,3,0
prod,540b520d-baa6-41d8-b36f-30e5d3a93caf,ear-training,100,0.6,0,0.985874,0.9859,0,3,0,0.9859,0,3,0,0.9859,0,3,0,0.9859,0,3,0,0.9859,0,3,0,0.9859,0,3,0
prod,e8e3946a-ad1e-435b-b231-05423ac41c0a,ear-training,100,0.6,0,0.92284,0.9228,0,3,0,0.6921,1,3,0,0.9228,0,3,0,0.9228,0,3,0,0.6921,1,3,0,0.9228,0,3,0
prod,d28e0d2f-d779-476a-a955-701c314fcc80,ear-training,100,0.6,0,0.839536,0.8395,0,3,0,0.5037,2,3,0,0.6297,1,3,0,0.8395,0,3,0,0.4198,3,3,0,0.6297,1,3,0
prod,f252555e-f975-429d-b328-49c2c33e51d2,ear-training,100,0.6,0,0.380621,0.3806,0,0,3,0.2855,1,0,3,0.2855,1,0,3,0.3806,0,0,3,0.2855,1,0,3,0.2855,1,0,3
prod,a81742ce-0906-44a7-a1e6-b7242af58a79,ear-training,100,0.6,0,0.95679,0.9568,0,3,0,0.9568,0,3,0,0.9568,0,3,0,0.9568,0,3,0,0.9568,0,3,0,0.9568,0,3,0
prod,bc91545b-8fe0-4a5e-a6b8-a84d42cd1c31,ear-training,100,0.6,0,0.985051,0.9851,0,3,0,0.9851,0,3,0,0.9851,0,3,0,0.9851,0,3,0,0.9851,0,3,0,0.9851,0,3,0
prod,5d053d85-e378-448c-a799-69cf684c70ad,ear-training,100,0.6,0,0.938272,0.9383,0,3,0,0.7037,1,3,0,0.9383,0,3,0,0.9383,0,3,0,0.7037,1,3,0,0.9383,0,3,0
prod,6896a60b-e4da-4175-bb8f-71e1f50d9062,ear-training,100,0.6,0,0.824074,0.7444,0,2,1,0.4467,2,2,1,0.5583,1,2,1,0.7444,0,2,1,0.4467,2,2,1,0.5583,1,2,1
prod,d7152d43-1d2f-45f5-bf81-e7fb1a31baaa,ear-training,100,0.6,0,0.826074,0.8261,0,3,1,0.8261,0,3,1,0.8261,0,3,1,0.8261,0,3,1,0.8261,0,3,1,0.8261,0,3,1
prod,2bda0407-ff15-47a1-8000-e32e8120b983,ear-training,100,0.6,0,0.543641,0.5436,0,1,3,0.5436,0,1,3,0.5436,0,1,3,0.5436,0,1,3,0.5436,0,1,3,0.5436,0,1,3
prod,b5dfd656-b8ef-46bd-8b53-e3f579ab7fd3,ear-training,100,0.6,0,0.781929,0.7819,0,4,2,0.7819,0,4,2,0.7819,0,4,2,0.7819,0,4,2,0.7819,0,4,2,0.7819,0,4,2
prod,93d0d0c2-2dc5-45e5-8623-3e89e2b0a818,ear-training,100,0.6,0,0.992798,0.9928,0,7,0,0.9928,0,7,0,0.9928,0,7,0,0.9928,0,7,0,0.9928,0,7,0,0.9928,0,7,0
prod,4eff51df-27e0-4bcb-a186-dcb5c97da329,ear-training,100,0.6,0,0.799638,0.7996,0,6,0,0.7996,0,6,0,0.7996,0,6,0,0.7996,0,6,0,0.7996,0,6,0,0.7996,0,6,0
prod,17a3646d-5a8e-4fa1-93a1-c44bf90f48df,ear-training,100,0.6,0,0.974672,0.9747,0,2,0,0.9747,0,2,0,0.9747,0,2,0,0.9747,0,2,0,0.9747,0,2,0,0.9747,0,2,0
prod,9e0f5a6f-3574-4f1c-8a8c-c9f6f8faf068,ear-training,100,0.6,0,0.988753,0.9888,0,4,0,0.9888,0,4,0,0.9888,0,4,0,0.9888,0,4,0,0.9888,0,4,0,0.9888,0,4,0
prod,8a4fe0c6-e027-4795-a073-7edf08e95d35,ear-training,100,0.6,0,0.960699,0.9673,0,7,0,0.8463,1,7,0,0.9673,0,7,0,0.9673,0,7,0,0.8463,1,7,0,0.9673,0,7,0
prod,53bab567-a419-463f-93e9-2957a3923a06,ear-training,100,0.6,0,0.984715,0.9847,0,3,0,0.9847,0,3,0,0.9847,0,3,0,0.9847,0,3,0,0.9847,0,3,0,0.9847,0,3,0
prod,f33ce379-ee7e-4867-b824-2c2e8eca98da,ear-training,100,0.6,0,0.501331,0.5908,0,1,2,0.4431,1,1,2,0.4431,1,1,2,0.3784,0,0,3,0.3784,0,0,3,0.3784,0,0,3
prod,a9b11e2e-e05a-41e0-952f-1c634162401f,ear-training,100,0.6,0,0.49915,0.4991,0,1,3,0.4991,0,1,3,0.4991,0,1,3,0.4991,0,1,3,0.4991,0,1,3,0.4991,0,1,3
prod,2035a3ad-fed2-4701-98c3-3bff0ee29952,ear-training,100,0.6,0,0.560954,0.8037,0,3,1,0.5358,2,3,1,0.6430,1,3,1,0.8037,0,3,1,0.5358,2,3,1,0.6430,1,3,1
prod,5a76dc54-58f9-4050-8241-5cdb7655b06c,ear-training,100,0.6,0,0.818519,0.8185,0,3,1,0.8185,0,3,1,0.8185,0,3,1,0.8185,0,3,1,0.8185,0,3,1,0.8185,0,3,1
prod,9a24ffca-82b7-4f5a-b639-3a9a4c65ee98,ear-training,100,0.6,0,0.518156,0.5182,0,1,3,0.4145,1,1,3,0.4145,1,1,3,0.3639,0,0,4,0.3639,0,0,4,0.3639,0,0,4
prod,b4e9490b-0e6e-4574-b864-2ca2a4d01648,ear-training,100,0.6,0,0.676987,0.6770,0,2,2,0.6770,0,2,2,0.6770,0,2,2,0.6770,0,2,2,0.6770,0,2,2,0.6770,0,2,2
prod,3a41cb00-0b5d-4e4b-98c9-b4ddee03f1d6,ear-training,100,0.6,0,0.768941,0.7689,0,3,1,0.5126,2,3,1,0.6152,1,3,1,0.6713,0,2,2,0.5370,1,2,2,0.5370,1,2,2
prod,32c501f2-2578-4725-b542-e4dec0a3d25f,ear-training,100,0.6,0,0.816667,0.8167,0,3,1,0.6533,1,3,1,0.8167,0,3,1,0.8167,0,3,1,0.6533,1,3,1,0.8167,0,3,1
prod,27cbb1b1-56d1-40c6-a427-60a4555d4e1a,ear-training,100,0.6,0,0.992085,0.9921,0,3,0,0.9921,0,3,0,0.9921,0,3,0,0.9921,0,3,0,0.9921,0,3,0,0.9921,0,3,0
prod,009897c0-41f5-4b35-8e2b-c43352277bd9,ear-training,100,0.6,0,0.993827,0.9938,0,3,0,0.9938,0,3,0,0.9938,0,3,0,0.9938,0,3,0,0.9938,0,3,0,0.9938,0,3,0
prod,aaeca7d2-2c67-486d-ace3-a9ae6ac810ed,ear-training,100,0.6,0,0.995127,0.9951,0,7,0,0.9951,0,7,0,0.9951,0,7,0,0.9951,0,7,0,0.9951,0,7,0,0.9951,0,7,0
prod,8c81ad48-74fb-4696-a6ab-6b97a6486fa7,ear-training,100,0.6,0,0.987654,0.9877,0,3,0,0.9877,0,3,0,0.9877,0,3,0,0.9877,0,3,0,0.9877,0,3,0,0.9877,0,3,0
prod,4ebeb675-4767-4af5-b754-3d613eea4c54,ear-training,100,0.6,0,0.940759,0.9408,0,7,0,0.8232,1,7,0,0.9408,0,7,0,0.8072,0,6,0,0.7063,1,6,0,0.8072,0,6,0
prod,34563c02-a8e7-4e20-8dd9-2b39f6b528e3,ear-training,100,0.6,0,0.781175,0.7812,0,2,1,0.7812,0,2,1,0.7812,0,2,1,0.7812,0,2,1,0.7812,0,2,1,0.7812,0,2,1
prod,f35f50db-2b69-4414-805b-723fa58fe455,ear-training,100,0.6,0,0.83053,0.8305,0,3,1,0.6644,1,3,1,0.6644,1,3,1,0.6828,0,2,2,0.6828,0,2,2,0.6828,0,2,2
prod,b5f7714f-87f3-479e-a975-b307446641ff,ear-training,100,0.6,0,0.990741,0.9907,0,3,0,0.9907,0,3,0,0.9907,0,3,0,0.9907,0,3,0,0.9907,0,3,0,0.9907,0,3,0
prod,f3d8b20a-821d-4903-856d-4ffa9dc49456,ear-training,100,0.6,0,0.989755,0.9898,0,4,0,0.9898,0,4,0,0.9898,0,4,0,0.9898,0,4,0,0.9898,0,4,0,0.9898,0,4,0
prod,9018bdfe-cfa4-4453-8e25-0910216576a2,ear-training,100,0.6,0,0.874364,0.8852,0,6,1,0.7745,1,6,1,0.8852,0,6,1,0.8852,0,6,1,0.7745,1,6,1,0.8852,0,6,1
prod,36cd6563-6f43-4741-97b0-1a3bbb24e8f9,ear-training,100,0.6,0,0.976902,0.9769,0,6,0,0.9769,0,6,0,0.9769,0,6,0,0.9769,0,6,0,0.9769,0,6,0,0.9769,0,6,0
prod,5aec72fc-4686-4563-a4b3-ba52a3f02d9f,ear-training,100,0.6,0,0.456301,0.4563,0,1,6,0.4563,0,1,6,0.4563,0,1,6,0.4563,0,1,6,0.4563,0,1,6,0.4563,0,1,6
prod,05cf9755-e7c8-4309-b2c4-e539326b036a,ear-training,100,0.6,0,0.695791,0.6958,0,5,2,0.6088,1,5,2,0.6958,0,5,2,0.6958,0,5,2,0.6088,1,5,2,0.6958,0,5,2
prod,18802c40-6522-4c02-add0-40f1e8401558,ear-training,100,0.6,0,0.779789,0.8656,0,5,1,0.7419,1,5,1,0.7419,1,5,1,0.7798,0,4,2,0.7798,0,4,2,0.7798,0,4,2
prod,5c919fb9-59fd-433e-96bc-e4bc984102c3,ear-training,100,0.6,0,0.641533,0.6415,0,4,2,0.5613,1,4,2,0.6415,0,4,2,0.6415,0,4,2,0.5613,1,4,2,0.6415,0,4,2
prod,3d9d1290-d21f-46d8-a4ff-3e3622b1779c,ear-training,100,0.6,0,0.640575,0.6406,0,4,2,0.5605,1,4,2,0.5605,1,4,2,0.6406,0,4,2,0.5605,1,4,2,0.5605,1,4,2
prod,4831b06f-d280-4146-8ce8-46a40786abdf,ear-training,100,0.6,0,0.982069,0.9821,0,3,0,0.9821,0,3,0,0.9821,0,3,0,0.9821,0,3,0,0.9821,0,3,0,0.9821,0,3,0
prod,af4e8561-e190-4eea-813c-d1595ef40ed0,ear-training,100,0.6,0,0.972222,0.9722,0,3,0,0.9722,0,3,0,0.9722,0,3,0,0.9550,0,3,0,0.9550,0,3,0,0.9550,0,3,0
prod,ad4254c3-4208-4dc2-800d-f725bad1fd86,ear-training,100,0.6,0,0.989846,0.9898,0,4,0,0.9898,0,4,0,0.9898,0,4,0,0.9898,0,4,0,0.9898,0,4,0,0.9898,0,4,0
prod,268b869c-52ad-460e-8f7f-880a99addfc5,ear-training,100,0.6,0,0.98393,0.9839,0,3,0,0.9839,0,3,0,0.9839,0,3,0,0.9839,0,3,0,0.9839,0,3,0,0.9839,0,3,0
prod,a9e59f7c-a08b-4a7d-bbe1-13c66cbb842b,ear-training,100,0.6,0,0.989019,0.9890,0,3,0,0.9890,0,3,0,0.9890,0,3,0,0.9890,0,3,0,0.9890,0,3,0,0.9890,0,3,0
prod,f676d493-8380-44b1-8158-b0f91bc79f18,ear-training,100,0.6,0,0.835484,0.8355,0,3,1,0.8355,0,3,1,0.8355,0,3,1,0.8355,0,3,1,0.8355,0,3,1,0.8355,0,3,1
prod,1a1f0177-b29d-4d33-9218-a2f67e90bf13,ear-training,100,0.6,0,0.990741,0.9907,0,3,0,0.7431,1,3,0,0.9907,0,3,0,0.9907,0,3,0,0.7431,1,3,0,0.9907,0,3,0
prod,0be4e8e3-dc96-4dbc-a20a-1bc62013fc8a,ear-training,100,0.6,0,0.494375,0.4944,0,2,0,0.4944,0,2,0,0.4944,0,2,0,0.4944,0,2,0,0.4944,0,2,0,0.4944,0,2,0
prod,4ff74176-56b0-49e1-9b33-ffda5b86ae97,ear-training,100,0.6,0,0.996025,0.9960,0,2,0,0.9960,0,2,0,0.9960,0,2,0,0.9960,0,2,0,0.9960,0,2,0,0.9960,0,2,0
prod,869005c2-be39-4c10-ae9e-ea2e21b0fb7f,ear-training,100,0.6,0,0.975088,0.9751,0,2,0,0.9751,0,2,0,0.9751,0,2,0,0.9751,0,2,0,0.9751,0,2,0,0.9751,0,2,0
prod,42ca4d74-dcb2-406a-beea-daab6ef3c8ed,ear-training,100,0.6,0,0.97478,0.9748,0,2,0,0.9748,0,2,0,0.9748,0,2,0,0.9748,0,2,0,0.9748,0,2,0,0.9748,0,2,0
prod,73d9da42-377e-46e0-a1e2-158355997c29,ear-training,100,0.6,0,0.983951,0.9840,0,4,0,0.9840,0,4,0,0.9840,0,4,0,0.9840,0,4,0,0.9840,0,4,0,0.9840,0,4,0
prod,fe01c354-dcee-4a71-8d7a-1eed25baccde,ear-training,100,0.6,0,0.833946,0.8794,0,3,0,0.6596,1,3,0,0.6596,1,3,0,0.8794,0,3,0,0.6596,1,3,0,0.6596,1,3,0
prod,36c33ac5-a4fc-4441-8d3f-246de9fe2457,ear-training,100,0.6,0,0.94634,0.9463,0,4,0,0.9463,0,4,0,0.9463,0,4,0,0.9463,0,4,0,0.7571,1,4,0,0.9463,0,4,0
prod,84a9e062-8149-431d-a375-7ae5b745040a,ear-training,100,0.6,0,0.664679,0.7480,0,3,0,0.7480,0,3,0,0.7480,0,3,0,0.7480,0,3,0,0.7480,0,3,0,0.7480,0,3,0
prod,3a603183-66af-4c5b-8349-db68cbdce2b5,ear-training,100,0.6,0,0.86358,0.8636,0,3,0,0.8636,0,3,0,0.8636,0,3,0,0.8636,0,3,0,0.8636,0,3,0,0.8636,0,3,0
prod,e6e74483-83f7-4505-865e-1c1de6d8ef11,ear-training,100,0.6,0,0.988876,0.9889,0,2,0,0.9889,0,2,0,0.9889,0,2,0,0.9889,0,2,0,0.9889,0,2,0,0.9889,0,2,0
prod,f840dddc-31ca-4384-adec-6383424d74e9,ear-training,100,0.6,0,0.99321,0.9932,0,3,0,0.9932,0,3,0,0.9932,0,3,0,0.9890,0,3,0,0.9890,0,3,0,0.9890,0,3,0
prod,bbe27518-0af3-4d08-9340-aac1a42a5847,ear-training,100,0.6,0,0.940653,0.9407,0,4,0,0.9407,0,4,0,0.9407,0,4,0,0.7371,0,3,0,0.7371,0,3,0,0.7371,0,3,0
prod,5d768f3d-8cd0-4626-ac52-d037ef1e72af,ear-training,100,0.6,0,0.962963,0.9630,0,2,0,0.6420,1,2,0,0.9630,0,2,0,0.9630,0,2,0,0.6420,1,2,0,0.9630,0,2,0
prod,82c8c290-5b89-4292-aa56-6f873e8881ef,ear-training,100,0.6,0,0.94069,0.9407,0,2,0,0.9407,0,2,0,0.9407,0,2,0,0.9407,0,2,0,0.9407,0,2,0,0.9407,0,2,0
prod,6df85adf-f753-4028-9b07-721ebd7c598b,ear-training,100,0.6,0,0.889747,0.8897,0,4,0,0.5932,2,4,0,0.5932,2,4,0,0.8897,0,4,0,0.5932,2,4,0,0.5932,2,4,0
prod,67a18677-edef-453b-bf31-0ea4c3fa792d,ear-training,100,0.6,0,0.952293,0.9523,0,3,0,0.9523,0,3,0,0.9523,0,3,0,0.9523,0,3,0,0.9523,0,3,0,0.9523,0,3,0
prod,afb28bd5-0cc5-4521-9d6c-12e0a43897a4,ear-training,100,0.6,0,0.491358,0.4914,0,2,0,0.4914,0,2,0,0.4914,0,2,0,0.4914,0,2,0,0.4914,0,2,0,0.4914,0,2,0
prod,9ccd3888-d065-45d0-baba-2ca5a5e8cfaa,ear-training,100,0.6,0,0.545153,0.5452,0,2,2,0.4361,1,2,2,0.4361,1,2,2,0.4449,0,1,2,0.3559,1,1,2,0.3559,1,1,2
prod,a4ac9110-df7b-4bd5-a1fc-6b0b00ebb5fb,ear-training,100,0.6,0,0.883174,0.8832,0,5,1,0.8832,0,5,1,0.8832,0,5,1,0.8832,0,5,1,0.8832,0,5,1,0.8832,0,5,1
prod,bf978fb3-b229-492e-a710-e6820abd69f3,ear-training,100,0.6,0,0.690352,0.6904,0,3,3,0.6904,0,3,3,0.6904,0,3,3,0.6904,0,3,3,0.6904,0,3,3,0.6904,0,3,3
prod,422ce39c-0aeb-4864-a41b-958cb1583cf2,ear-training,100,0.6,0,0.991553,0.9916,0,4,0,0.7932,1,4,0,0.7932,1,4,0,0.9916,0,4,0,0.7932,1,4,0,0.7932,1,4,0
prod,cd6e48dd-5467-485d-aaa5-49911c511a6c,ear-training,100,0.6,0,0.53048,0.5305,0,1,3,0.5305,0,1,3,0.5305,0,1,3,0.5077,0,1,3,0.5077,0,1,3,0.5077,0,1,3
prod,0df80bff-c76e-4ae6-8a96-d345efacea37,ear-training,100,0.6,0,0.984527,0.9845,0,4,0,0.9845,0,4,0,0.9845,0,4,0,0.9845,0,4,0,0.9845,0,4,0,0.9845,0,4,0
prod,2928f1fb-231b-4adc-9838-d88c337830ab,ear-training,100,0.6,0,0.97037,0.9704,0,3,0,0.9704,0,3,0,0.9704,0,3,0,0.9704,0,3,0,0.9704,0,3,0,0.9704,0,3,0
prod,a9890cc1-5c9f-401a-ad2a-89652cc97eff,ear-training,100,0.6,0,0.978175,0.9782,0,2,0,0.9782,0,2,0,0.9782,0,2,0,0.9782,0,2,0,0.9782,0,2,0,0.9782,0,2,0
prod,bca23ac6-f983-4366-8d8b-b92bad2e6041,ear-training,100,0.6,0,0.788458,0.7885,0,4,2,0.7885,0,4,2,0.7885,0,4,2,0.7885,0,4,2,0.7885,0,4,2,0.7885,0,4,2
prod,829330ed-113b-4aa4-bc74-da2272f11bfb,ear-training,100,0.6,0,0.606597,0.5809,0,3,3,0.4356,2,3,3,0.5809,0,3,3,0.5809,0,3,3,0.4356,2,3,3,0.5809,0,3,3
prod,e66f09de-2019-4b92-8f23-7634bfb3155b,ear-training,100,0.6,0,0.990659,0.9907,0,6,0,0.9907,0,6,0,0.9907,0,6,0,0.9907,0,6,0,0.9907,0,6,0,0.9907,0,6,0
prod,84462402-391f-4cf8-9d81-33c83d4a4076,ear-training,100,0.6,0,0.992723,0.9927,0,3,0,0.9927,0,3,0,0.9927,0,3,0,0.9927,0,3,0,0.9927,0,3,0,0.9927,0,3,0
prod,60dd4c02-aac9-4b14-8084-450fbea4acc5,ear-training,100,0.6,0,0.986004,0.9860,0,5,0,0.9860,0,5,0,0.9860,0,5,0,0.9860,0,5,0,0.9860,0,5,0,0.9860,0,5,0
prod,27b004bd-21c3-43a3-a9e8-a97bd6117ca6,ear-training,100,0.6,0,0.984866,0.9849,0,3,0,0.5909,2,3,0,0.5909,2,3,0,0.9849,0,3,0,0.5909,2,3,0,0.5909,2,3,0
prod,64f8a336-afde-451f-a8ca-9bbe6986fe84,ear-training,100,0.6,0,0.850262,0.8503,0,4,1,0.8503,0,4,1,0.8503,0,4,1,0.8503,0,4,1,0.8503,0,4,1,0.8503,0,4,1
prod,07f4a883-89ea-4f43-bdc2-c86a1546ee37,ear-training,100,0.6,0,0.486284,0.4863,0,2,2,0.4052,1,2,2,0.4052,1,2,2,0.4863,0,2,2,0.4052,1,2,2,0.4052,1,2,2
prod,fd732aec-e7dc-4b5a-b475-653ac77eb492,ear-training,100,0.6,0,0.983006,0.9830,0,3,0,0.9830,0,3,0,0.9830,0,3,0,0.9830,0,3,0,0.9830,0,3,0,0.9830,0,3,0
prod,39811ecb-7fc5-4bae-b40b-418d26e818d5,ear-training,100,0.6,0,0.789859,0.7899,0,4,0,0.6582,1,4,0,0.7899,0,4,0,0.7899,0,4,0,0.6582,1,4,0,0.7899,0,4,0
prod,d3463f89-c55a-443d-b839-e0a792b1a45c,ear-training,100,0.6,0,0.993827,0.9938,0,3,0,0.9938,0,3,0,0.9938,0,3,0,0.9938,0,3,0,0.9938,0,3,0,0.9938,0,3,0
prod,94ec45a3-f959-4674-9a0c-480876562f03,ear-training,100,0.6,0,0.776205,0.7762,0,5,2,0.6792,1,5,2,0.7762,0,5,2,0.7762,0,5,2,0.6792,1,5,2,0.7762,0,5,2
prod,f86010e0-a01f-41b7-8429-9d662da34ec2,ear-training,100,0.6,0,0.960494,0.9846,0,3,0,0.5907,2,3,0,0.7384,1,3,0,0.9846,0,3,0,0.5907,2,3,0,0.7384,1,3,0
prod,b020b574-77a4-4db9-849f-f0ff0b78a17d,ear-training,100,0.6,0,0.725582,0.7256,0,4,3,0.7256,0,4,3,0.7256,0,4,3,0.7256,0,4,3,0.7256,0,4,3,0.7256,0,4,3
prod,68ebb2bb-f0d4-4d15-b7b9-bea70f5028f7,ear-training,100,0.6,0,0.917303,0.8442,0,3,1,0.4824,3,3,1,0.4824,3,3,1,0.8442,0,3,1,0.4824,3,3,1,0.4824,3,3,1
prod,f1e9838d-37e1-484d-a6cb-3aa39e053129,ear-training,100,0.6,0,0.867037,0.8670,0,4,1,0.8670,0,4,1,0.8670,0,4,1,0.8670,0,4,1,0.8670,0,4,1,0.8670,0,4,1
prod,7a77842e-af3f-45f1-883a-ff38a42f2b69,ear-training,100,0.6,0,0.833774,0.8338,0,3,1,0.8338,0,3,1,0.8338,0,3,1,0.8338,0,3,1,0.8338,0,3,1,0.8338,0,3,1
prod,31dc5d3c-7a27-46b9-9937-a3ae4f7e3183,ear-training,100,0.6,0,0.873646,0.8736,0,2,0,0.4368,2,2,0,0.8736,0,2,0,0.8736,0,2,0,0.4368,2,2,0,0.8736,0,2,0
prod,17c8347e-84a3-432e-943f-e06fd80a4944,ear-training,100,0.6,0,0.986007,0.9860,0,4,0,0.9860,0,4,0,0.9860,0,4,0,0.9860,0,4,0,0.9860,0,4,0,0.9860,0,4,0
prod,53987e46-e1a4-4fc3-a6de-23f8cebaac56,ear-training,100,0.6,0,0.62221,0.6222,0,2,2,0.6222,0,2,2,0.6222,0,2,2,0.6222,0,2,2,0.6222,0,2,2,0.6222,0,2,2
prod,697e3e40-2992-4983-9b17-16089b17ca8a,ear-training,100,0.6,0,0.941119,0.9473,0,7,0,0.8289,1,7,0,0.9473,0,7,0,0.9411,0,7,0,0.8235,1,7,0,0.9411,0,7,0
prod,cd284cae-f0ad-4ed0-ab23-2fcf67c4174c,ear-training,100,0.6,0,0.784568,0.7846,0,2,1,0.5884,1,2,1,0.7846,0,2,1,0.7846,0,2,1,0.5884,1,2,1,0.7846,0,2,1
prod,1a9ed41a-25a0-4dcb-8adf-69adf1a062ca,ear-training,100,0.6,0,0.596914,0.5969,0,1,2,0.5969,0,1,2,0.5969,0,1,2,0.5969,0,1,2,0.5969,0,1,2,0.5969,0,1,2
prod,26a9a5af-8241-456a-ab82-8837ce24e091,ear-training,100,0.6,0,0.586827,0.5868,0,1,2,0.5868,0,1,2,0.5868,0,1,2,0.5868,0,1,2,0.5868,0,1,2,0.5868,0,1,2
prod,cd056ddf-f4e0-4157-834b-b986369d4c59,ear-training,100,0.6,0,0.422424,0.4124,0,1,3,0.4124,0,1,3,0.4124,0,1,3,0.4124,0,1,3,0.3299,1,1,3,0.3299,1,1,3
prod,6d8949ac-7e12-47c7-8219-9331c427da53,ear-training,100,0.6,0,0.990665,0.9907,0,4,0,0.9907,0,4,0,0.9907,0,4,0,0.9907,0,4,0,0.9907,0,4,0,0.9907,0,4,0
prod,90d279b5-36dd-414b-85fc-0e9d9010e591,ear-training,100,0.6,0,0.457147,0.7981,0,2,1,0.3991,3,2,1,0.5986,1,2,1,0.7926,0,2,1,0.4756,2,2,1,0.7926,0,2,1
prod,a63eb50e-aeac-4f29-8d40-d77653185b47,ear-training,100,0.6,0,0.586718,0.5867,0,1,2,0.5867,0,1,2,0.5867,0,1,2,0.5867,0,1,2,0.5867,0,1,2,0.5867,0,1,2
prod,55ff8f27-cd87-4010-a1aa-921b2b4dd359,ear-training,100,0.6,0,0.990741,0.9907,0,3,0,0.9907,0,3,0,0.9907,0,3,0,0.9907,0,3,0,0.9907,0,3,0,0.9907,0,3,0
prod,fed2470a-8733-4cce-a282-b7571eb7b97e,ear-training,100,0.6,0,0.732099,0.7321,0,2,1,0.4393,2,2,1,0.5491,1,2,1,0.7321,0,2,1,0.4393,2,2,1,0.5491,1,2,1
prod,abfc9c3a-d68d-4b91-9817-6b0a2c43ac68,ear-training,100,0.6,0,0.993682,0.9937,0,4,0,0.9937,0,4,0,0.9937,0,4,0,0.9937,0,4,0,0.9937,0,4,0,0.9937,0,4,0
prod,d9a19214-7ffd-434e-9b17-a1f242b5cffd,ear-training,100,0.6,0,0.946145,0.9461,0,4,0,0.7569,1,4,0,0.7569,1,4,0,0.9461,0,4,0,0.7569,1,4,0,0.7569,1,4,0
prod,91326d90-8458-4354-af1e-664f9c3d1fed,ear-training,100,0.6,0,0.328382,0.3789,0,0,4,0.3032,1,0,4,0.3032,1,0,4,0.3789,0,0,4,0.3032,1,0,4,0.3032,1,0,4
prod,6575b0e7-925f-46cd-9f7b-6e1548dcaa39,ear-training,100,0.6,0,0.681809,0.6818,0,2,2,0.6818,0,2,2,0.6818,0,2,2,0.6818,0,2,2,0.6818,0,2,2,0.6818,0,2,2
prod,08e11548-629d-440f-918b-6053497f3c83,ear-training,100,0.6,0,0.678411,0.6784,0,2,2,0.6784,0,2,2,0.6784,0,2,2,0.6784,0,2,2,0.6784,0,2,2,0.6784,0,2,2
prod,57ba1398-cb81-47a5-9be2-1d593cff3ef2,ear-training,100,0.6,0,0.99064,0.9906,0,3,0,0.9906,0,3,0,0.9906,0,3,0,0.9906,0,3,0,0.9906,0,3,0,0.9906,0,3,0
prod,1ed2f487-2565-4fd3-9ef6-4e96d7a7b616,ear-training,100,0.6,0,0.991417,0.9914,0,3,0,0.9914,0,3,0,0.9914,0,3,0,0.9914,0,3,0,0.9914,0,3,0,0.9914,0,3,0
prod,1cfc2483-4461-4bc0-89ba-036c32673327,ear-training,100,0.6,0,0.919375,0.9194,0,7,0,0.9194,0,7,0,0.9194,0,7,0,0.9194,0,7,0,0.9194,0,7,0,0.9194,0,7,0
prod,72c5a2c1-e732-4b11-af64-11b983af4fe0,ear-training,100,0.6,0,0.901235,0.9012,0,3,0,0.5407,2,3,0,0.6759,1,3,0,0.9012,0,3,0,0.5407,2,3,0,0.6759,1,3,0
prod,22e510e4-2361-426b-8eb9-6dfb91042e48,ear-training,100,0.6,0,0.585311,0.5853,0,1,2,0.5853,0,1,2,0.5853,0,1,2,0.5853,0,1,2,0.5853,0,1,2,0.5853,0,1,2
prod,3a0b1b76-64a3-4560-b4e5-28eb9a683231,ear-training,100,0.6,0,0.90221,0.9022,0,6,1,0.9022,0,6,1,0.9022,0,6,1,0.9022,0,6,1,0.9022,0,6,1,0.9022,0,6,1
prod,c65d8856-f449-4e7e-99c4-53b7d850fbb5,ear-training,100,0.6,0,0.981481,0.9815,0,2,0,0.3926,3,2,0,0.6543,1,2,0,0.9815,0,2,0,0.3926,3,2,0,0.6543,1,2,0
prod,aecda56c-4851-40b3-9952-65053892888f,ear-training,100,0.6,0,0.916667,0.9167,0,3,0,0.6875,1,3,0,0.9167,0,3,0,0.9167,0,3,0,0.6875,1,3,0,0.9167,0,3,0
prod,99d69475-9099-4699-ae01-f06e299b8614,ear-training,100,0.6,0,0.981809,0.9818,0,4,0,0.9818,0,4,0,0.9818,0,4,0,0.9818,0,4,0,0.9818,0,4,0,0.9818,0,4,0
prod,ff1409e7-da8d-4b07-b6f9-367173cb6c90,ear-training,100,0.6,0,0.531003,0.5310,0,1,3,0.5310,0,1,3,0.5310,0,1,3,0.5310,0,1,3,0.5310,0,1,3,0.5310,0,1,3
prod,4784cfa8-ebf8-4a98-811b-2c9056e9bea0,ear-training,100,0.6,0,0.837138,0.8371,0,3,1,0.6697,1,3,1,0.6697,1,3,1,0.8371,0,3,1,0.6697,1,3,1,0.6697,1,3,1
prod,6ef4d3b7-feeb-4fa3-8509-2ea2e052e33c,ear-training,100,0.6,0,0.732275,0.7323,0,2,1,0.5492,1,2,1,0.7323,0,2,1,0.7323,0,2,1,0.5492,1,2,1,0.7323,0,2,1
prod,c676f301-9a8e-4603-88fc-81b6d090b8ad,ear-training,100,0.6,0,0.761926,0.7815,0,2,1,0.3907,3,2,1,0.4689,2,2,1,0.7815,0,2,1,0.3907,3,2,1,0.4689,2,2,1
prod,dca2458c-484f-4e39-a506-d5b856f3bf57,ear-training,100,0.6,0,0.540186,0.7487,0,2,1,0.2808,5,2,1,0.3744,3,2,1,0.7487,0,2,1,0.2808,5,2,1,0.3744,3,2,1
prod,c60a996f-b8dc-41db-afd3-29855b03d741,ear-training,100,0.6,0,0.577757,0.5778,0,1,2,0.5778,0,1,2,0.5778,0,1,2,0.5657,0,1,2,0.5657,0,1,2,0.5657,0,1,2
prod,0fe685f0-3241-4197-a295-84718ef96ac9,ear-training,100,0.6,0,0.559259,0.5593,0,1,2,0.5593,0,1,2,0.5593,0,1,2,0.5593,0,1,2,0.5593,0,1,2,0.5593,0,1,2
prod,b97f2ebc-c7a7-41ce-aa67-662ed0c9ca7b,ear-training,100,0.6,0,0.991471,0.9915,0,4,0,0.9915,0,4,0,0.9915,0,4,0,0.9915,0,4,0,0.9915,0,4,0,0.9915,0,4,0
prod,a2120fd8-55b9-4c51-8450-985ea74ebfd5,ear-training,100,0.6,0,0.990442,0.9904,0,4,0,0.9904,0,4,0,0.9904,0,4,0,0.9904,0,4,0,0.9904,0,4,0,0.9904,0,4,0
prod,e7e2589b-f65e-40e6-9018-20f53de8b5cd,ear-training,100,0.6,0,0.531585,0.5316,0,1,3,0.5316,0,1,3,0.5316,0,1,3,0.5316,0,1,3,0.5316,0,1,3,0.5316,0,1,3
prod,1a7cbf80-0542-48d4-b590-80bf115616da,ear-training,100,0.6,0,0.951715,0.9517,0,7,0,0.8328,1,7,0,0.8328,1,7,0,0.9517,0,7,0,0.8328,1,7,0,0.8328,1,7,0
prod,56796722-d933-4605-a548-c294a305e7fa,ear-training,100,0.6,0,0.460057,0.6660,0,2,1,0.2854,4,2,1,0.4995,1,2,1,0.6427,0,2,1,0.2754,4,2,1,0.4820,1,2,1
prod,541c2a1b-7dcc-4c71-aec5-335504b3c2e5,ear-training,100,0.6,0,0.541345,0.7037,0,2,1,0.3519,3,2,1,0.3519,3,2,1,0.7037,0,2,1,0.3519,3,2,1,0.3519,3,2,1
prod,7eee1b5c-2975-4687-ade8-333f577e5622,ear-training,100,0.6,0,0.991576,0.9916,0,3,0,0.9916,0,3,0,0.9916,0,3,0,0.9916,0,3,0,0.9916,0,3,0,0.9916,0,3,0
prod,c867fad4-7a33-4e49-80d2-54ddcc79d663,ear-training,100,0.6,0,0.579743,0.5797,0,1,2,0.4348,1,1,2,0.5797,0,1,2,0.5797,0,1,2,0.4348,1,1,2,0.5797,0,1,2
prod,e125a001-08a8-4959-bc5c-425c4ea5b868,ear-training,100,0.6,0,0.62058,0.7667,0,5,3,0.7667,0,5,3,0.7667,0,5,3,0.7672,0,6,1,0.7672,0,6,1,0.7672,0,6,1
prod,2ba9d75b-9c2a-44fd-87db-a620598ea2b1,ear-training,100,0.6,0,0.86701,0.8670,0,8,0,0.7707,1,8,0,0.7707,1,8,0,0.8670,0,8,0,0.7707,1,8,0,0.7707,1,8,0
prod,78c1042f-93b6-45c0-92cd-8c34ae8a1716,ear-training,100,0.6,0,0.92424,0.9324,0,6,0,0.9324,0,6,0,0.9324,0,6,0,0.7813,0,5,0,0.7813,0,5,0,0.7813,0,5,0
prod,5d7ff2be-60ba-4d9e-bba7-79910c65bd7d,ear-training,100,0.6,0,0.981481,0.9815,0,3,0,0.9815,0,3,0,0.9815,0,3,0,0.9815,0,3,0,0.9815,0,3,0,0.9815,0,3,0
prod,bb0ed83c-439d-4318-9f0f-0a188c85886b,ear-training,100,0.6,0,0.97841,0.9784,0,6,0,0.9784,0,6,0,0.9784,0,6,0,0.9784,0,6,0,0.9784,0,6,0,0.9784,0,6,0
prod,0a3d0843-c91a-471e-8223-fafba0fe3134,ear-training,100,0.6,0,0.713747,0.7534,0,5,3,0.6697,1,5,3,0.6697,1,5,3,0.7534,0,5,3,0.6697,1,5,3,0.6697,1,5,3
prod,2d74e27b-82fe-4771-bc7a-c72af3f6007b,ear-training,100,0.6,0,0.985714,0.9917,0,4,0,0.9917,0,4,0,0.9917,0,4,0,0.9917,0,4,0,0.9917,0,4,0,0.9917,0,4,0
prod,19d8238f-ccee-4388-8b35-74ac8277a10f,ear-training,100,0.6,0,0.906122,0.9061,0,4,0,0.7249,1,4,0,0.7249,1,4,0,0.9061,0,4,0,0.7249,1,4,0,0.7249,1,4,0
prod,521e8eda-aca0-4f65-ba13-9fd2353f0d46,ear-training,100,0.6,0,0.702083,0.7021,0,6,0,0.5617,2,6,0,0.5617,2,6,0,0.7021,0,6,0,0.5617,2,6,0,0.5617,2,6,0
prod,052f311f-f703-4c38-806d-5093eeea1533,ear-training,100,0.6,0,0.992324,0.9923,0,6,0,0.9923,0,6,0,0.9923,0,6,0,0.9923,0,6,0,0.9923,0,6,0,0.9923,0,6,0
prod,cd82d809-35d0-4b76-a4bc-7a85e956cf3e,ear-training,100,0.6,0,0.772348,0.7723,0,5,0,0.7723,0,5,0,0.7723,0,5,0,0.7723,0,5,0,0.7723,0,5,0,0.7723,0,5,0
prod,fcf4bc30-05cf-4705-bf58-3add1275572d,ear-training,100,0.6,0,0.993827,0.9938,0,3,0,0.9938,0,3,0,0.9938,0,3,0,0.9938,0,3,0,0.9938,0,3,0,0.9938,0,3,0
prod,e038643b-d591-466f-ba60-8ab783710091,ear-training,100,0.6,0,0.988889,0.9889,0,5,0,0.9889,0,5,0,0.9889,0,5,0,0.9889,0,5,0,0.9889,0,5,0,0.9889,0,5,0
prod,f939760e-3814-4741-b1cf-6533fdcda275,ear-training,100,0.6,0,0.964916,0.9649,0,6,0,0.8271,1,6,0,0.8271,1,6,0,0.9649,0,6,0,0.8271,1,6,0,0.8271,1,6,0
prod,ba135f24-21ab-405b-ae56-a48f375261f8,ear-training,100,0.6,0,0.844907,0.8449,0,7,0,0.8449,0,7,0,0.8449,0,7,0,0.8449,0,7,0,0.8449,0,7,0,0.8449,0,7,0
prod,d9483f28-6b38-4375-b9fd-ce7f36a3607f,ear-training,100,0.6,0,0.990741,0.9907,0,3,0,0.9907,0,3,0,0.9907,0,3,0,0.9907,0,3,0,0.9907,0,3,0,0.9907,0,3,0
prod,500c486a-2f61-4765-a732-d3c6c10e969e,ear-training,100,0.6,0,0.967423,0.9674,0,3,0,0.7256,1,3,0,0.7256,1,3,0,0.9674,0,3,0,0.7256,1,3,0,0.7256,1,3,0
prod,6cb8a252-c4b5-4a2d-b972-a79be4b8e80b,ear-training,100,0.6,0,0.986974,0.9870,0,2,0,0.9870,0,2,0,0.9870,0,2,0,0.9870,0,2,0,0.9870,0,2,0,0.9870,0,2,0
prod,a5854c52-0af5-47bc-bb71-9f76f9097339,ear-training,100,0.6,0,0.787763,0.7878,0,4,2,0.6752,1,4,2,0.6752,1,4,2,0.7815,0,4,2,0.6699,1,4,2,0.6699,1,4,2
prod,0a4643fc-5326-4be8-8ad0-62c951523aac,ear-training,100,0.6,0,0.770679,0.7707,0,4,2,0.6606,1,4,2,0.7707,0,4,2,0.7707,0,4,2,0.6606,1,4,2,0.7707,0,4,2
prod,6f908336-f8aa-49be-bd75-33a19f6ab7f4,ear-training,100,0.6,0,0.994936,0.9949,0,2,0,0.9949,0,2,0,0.9949,0,2,0,0.9949,0,2,0,0.9949,0,2,0,0.9949,0,2,0
prod,5996cf4c-b862-4fa5-a523-3fe712bbafd4,ear-training,100,0.6,0,0.993531,0.9935,0,2,0,0.9935,0,2,0,0.9935,0,2,0,0.9935,0,2,0,0.9935,0,2,0,0.9935,0,2,0
prod,5f9fade3-a4e7-437e-84d9-d2c3f8fb06a9,ear-training,100,0.6,0,0.695616,0.6956,0,1,1,0.6956,0,1,1,0.6956,0,1,1,0.6756,0,1,1,0.6756,0,1,1,0.6756,0,1,1
prod,c2f8b4e2-30f1-4f37-bc7c-0b27a7ed0e29,ear-training,100,0.6,0,0.994041,0.9940,0,4,0,0.9940,0,4,0,0.9940,0,4,0,0.9940,0,4,0,0.9940,0,4,0,0.9940,0,4,0
prod,7c0b73ce-dc05-4d04-9973-5c3d7025ddd3,ear-training,100,0.6,0,0.967813,0.9678,0,5,0,0.9678,0,5,0,0.9678,0,5,0,0.9599,0,5,0,0.9599,0,5,0,0.9599,0,5,0
prod,c4e24642-6868-4c68-be6b-f1ee0c21ec57,ear-training,100,0.6,0,0.75068,0.7507,0,3,2,0.7507,0,3,2,0.7507,0,3,2,0.7507,0,3,2,0.7507,0,3,2,0.7507,0,3,2
prod,b09ab13c-65e3-4b2f-8984-8a12339e4efa,ear-training,100,0.6,0,0.989746,0.9897,0,4,0,0.9897,0,4,0,0.9897,0,4,0,0.9897,0,4,0,0.9897,0,4,0,0.9897,0,4,0
prod,332e3a1f-c41d-4cee-8a09-63d756b5d4ad,ear-training,100,0.6,0,0.976553,0.9766,0,4,0,0.9766,0,4,0,0.9766,0,4,0,0.9766,0,4,0,0.9766,0,4,0,0.9766,0,4,0
prod,5852ca8f-ea0b-4ab8-843c-5c57ee996cf0,ear-training,100,0.6,0,0.740014,0.7536,0,4,2,0.6459,1,4,2,0.7536,0,4,2,0.7536,0,4,2,0.6459,1,4,2,0.7536,0,4,2
prod,ac936e50-5e6d-4c94-b2d2-8ce2ce3c26b8,ear-training,100,0.6,0,0.509035,0.5090,0,2,3,0.4363,1,2,3,0.4363,1,2,3,0.5090,0,2,3,0.4363,1,2,3,0.4363,1,2,3
prod,a10477d9-5d93-436c-b735-573fe6a36c49,ear-training,100,0.6,0,0.984347,0.9843,0,6,0,0.8437,1,6,0,0.8437,1,6,0,0.8859,0,5,1,0.8859,0,5,1,0.8859,0,5,1
prod,e8c4fc79-4b6f-47dd-9add-8a21a1f51d6c,ear-training,100,0.6,0,0.981185,0.9812,0,6,0,0.9812,0,6,0,0.9812,0,6,0,0.9812,0,6,0,0.9812,0,6,0,0.9812,0,6,0
prod,5aa3179f-8961-49b1-98e4-73ab6827ee90,ear-training,100,0.6,0,0.989546,0.9895,0,8,0,0.9895,0,8,0,0.9895,0,8,0,0.9895,0,8,0,0.9895,0,8,0,0.9895,0,8,0
prod,cc4b950e-f22d-4dc9-81f5-e5079df16e1a,ear-training,100,0.6,0,0.748745,0.7487,0,5,3,0.7487,0,5,3,0.7487,0,5,3,0.7487,0,5,3,0.7487,0,5,3,0.7487,0,5,3
prod,7cf2adcc-ec05-48a7-86e7-0ab6ce50a9c2,ear-training,100,0.6,0,0.597685,0.5977,0,3,5,0.5313,1,3,5,0.5313,1,3,5,0.5593,0,3,4,0.4971,1,3,4,0.4971,1,3,4
prod,d0e3d3b0-56ab-4ec5-964d-3772eeca345c,ear-training,100,0.6,0,0.978949,0.9789,0,4,0,0.9789,0,4,0,0.9789,0,4,0,0.9789,0,4,0,0.9789,0,4,0,0.9789,0,4,0
prod,e8e08546-9c71-4228-9ab4-29f9b6006b42,ear-training,100,0.6,0,0.835334,0.8353,0,5,1,0.7160,1,5,1,0.7160,1,5,1,0.8307,0,5,1,0.8307,0,5,1,0.8307,0,5,1
prod,48725f2e-581a-4ffb-aee9-9e08a0e6f0b7,ear-training,100,0.6,0,0.962862,0.9629,0,3,0,0.7221,1,3,0,0.9629,0,3,0,0.9629,0,3,0,0.7221,1,3,0,0.9629,0,3,0
prod,c0444b1f-9283-4735-a0d4-d3baf5a6a086,ear-training,100,0.6,0,0.815144,0.8151,0,7,0,0.8151,0,7,0,0.8151,0,7,0,0.8151,0,7,0,0.8151,0,7,0,0.8151,0,7,0
prod,863a9820-e3a4-4f01-8137-f242ae319401,ear-training,100,0.6,0,0.609146,0.6341,0,4,3,0.6341,0,4,3,0.6341,0,4,3,0.6341,0,4,3,0.6341,0,4,3,0.6341,0,4,3
prod,d4984e9f-196c-405d-8959-06723a22c1c0,ear-training,100,0.6,0,0.83859,0.8386,0,6,2,0.7454,1,6,2,0.7454,1,6,2,0.8377,0,6,2,0.8377,0,6,2,0.8377,0,6,2
prod,02a471aa-d8a7-4d04-845c-2ca1a215cb24,ear-training,100,0.6,0,0.682631,0.6826,0,4,4,0.6826,0,4,4,0.6826,0,4,4,0.6826,0,4,4,0.6826,0,4,4,0.6826,0,4,4
prod,db657d97-60ad-4397-a6b1-2a3429a4d1de,ear-training,100,0.6,0,0.904321,0.9043,0,3,0,0.6782,1,3,0,0.9043,0,3,0,0.5691,0,1,2,0.5691,0,1,2,0.5691,0,1,2
prod,3d099008-160a-4795-8be5-6a7b7f7b2329,ear-training,100,0.6,0,0.677885,0.6779,0,3,3,0.6779,0,3,3,0.6779,0,3,3,0.6779,0,3,3,0.6779,0,3,3,0.6779,0,3,3
prod,539495af-f68b-432d-97f7-6d5461ed7cd0,ear-training,100,0.6,0,0.684671,0.6847,0,3,3,0.6847,0,3,3,0.6847,0,3,3,0.6847,0,3,3,0.6847,0,3,3,0.6847,0,3,3
prod,8fec17ae-09b6-4554-aeae-8df69fda67c4,ear-training,100,0.6,0,0.988274,0.9883,0,6,0,0.9883,0,6,0,0.9883,0,6,0,0.9883,0,6,0,0.9883,0,6,0,0.9883,0,6,0
prod,281399f3-6c98-4f2e-97c5-62dd0d8b87e3,ear-training,100,0.6,0,0.77516,0.7752,0,5,0,0.7752,0,5,0,0.7752,0,5,0,0.7752,0,5,0,0.7752,0,5,0,0.7752,0,5,0
prod,d6a6694f-f798-45ff-919f-b38f118732e2,ear-training,100,0.6,0,0.653918,0.6755,0,3,3,0.5790,1,3,3,0.6755,0,3,3,0.5814,0,2,4,0.5814,0,2,4,0.5814,0,2,4
prod,7bb3467d-afd1-456d-a8ec-b950297e06bb,ear-training,100,0.6,0,0.75439,0.7680,0,3,1,0.5120,2,3,1,0.6144,1,3,1,0.7544,0,3,1,0.5029,2,3,1,0.7544,0,3,1
prod,bbb83a19-e6d4-4d3c-8aab-c5a3665493d7,ear-training,100,0.6,0,0.835949,0.8359,0,5,1,0.7165,1,5,1,0.7165,1,5,1,0.7739,0,5,0,0.6634,1,5,0,0.6634,1,5,0
prod,206a28d1-2803-4cfd-bd04-523b32d0e8ec,ear-training,100,0.6,0,0.796112,0.7961,0,4,1,0.5687,2,4,1,0.5687,2,4,1,0.7961,0,4,1,0.5687,2,4,1,0.5687,2,4,1
prod,8d48256d-e04f-4a27-b05c-61d8c2312315,ear-training,100,0.6,0,0.481494,0.4848,0,1,4,0.4040,1,1,4,0.4040,1,1,4,0.4848,0,1,4,0.4040,1,1,4,0.4040,1,1,4
prod,8ff51653-a8a4-4291-9618-1321e85c0504,ear-training,100,0.6,0,0.762409,0.7624,0,4,2,0.6535,1,4,2,0.6535,1,4,2,0.7624,0,4,2,0.6535,1,4,2,0.6535,1,4,2
prod,3d28c6bf-1611-4848-90d1-11d984fdbd58,ear-training,100,0.6,0,0.939815,0.9398,0,2,0,0.4699,2,2,0,0.6265,1,2,0,0.9398,0,2,0,0.4699,2,2,0,0.6265,1,2,0
prod,84b18757-2252-4497-bc36-6a8e7e86ed53,ear-training,100,0.6,0,0.967319,0.9673,0,4,0,0.9673,0,4,0,0.9673,0,4,0,0.9673,0,4,0,0.9673,0,4,0,0.9673,0,4,0
prod,3842c864-2d11-4897-aa1f-02b18df367ac,ear-training,100,0.6,0,0.690459,0.6905,0,4,1,0.6905,0,4,1,0.6905,0,4,1,0.6905,0,4,1,0.6905,0,4,1,0.6905,0,4,1
prod,2fdb0dae-ecd5-476f-8021-f6507117570d,ear-training,100,0.6,0,0.586292,0.5863,0,2,4,0.5863,0,2,4,0.5863,0,2,4,0.5863,0,2,4,0.5863,0,2,4,0.5863,0,2,4
prod,2139a06d-48b1-4c80-92e2-882ba0e18c90,ear-training,100,0.6,0,0.744121,0.7442,0,8,1,0.5581,3,8,1,0.5581,3,8,1,0.7442,0,8,1,0.5581,3,8,1,0.5581,3,8,1
prod,4efdfdfc-f45b-4fb0-909e-4fde1fc89e97,ear-training,100,0.6,0,0.982388,0.9824,0,2,0,0.9824,0,2,0,0.9824,0,2,0,0.9824,0,2,0,0.9824,0,2,0,0.9824,0,2,0
prod,2db82603-00d0-4c85-83e2-5465b20f1626,ear-training,100,0.6,0,0.978313,0.9783,0,2,0,0.9783,0,2,0,0.9783,0,2,0,0.9783,0,2,0,0.9783,0,2,0,0.9783,0,2,0
prod,affbda60-edfe-45fa-ab8c-05580fc0ae0c,ear-training,100,0.6,0,0.595788,0.5958,0,1,2,0.5958,0,1,2,0.5958,0,1,2,0.5958,0,1,2,0.5958,0,1,2,0.5958,0,1,2
prod,7dcd5c7d-53fd-4aa6-8c68-a3e6feb45905,ear-training,100,0.6,0,0.978515,0.9785,0,4,0,0.9785,0,4,0,0.9785,0,4,0,0.9785,0,4,0,0.9785,0,4,0,0.9785,0,4,0
prod,e5f3646c-ee3a-4a23-a455-f22b0c2c109f,ear-training,100,0.6,0,0.692325,0.6923,0,2,2,0.6923,0,2,2,0.6923,0,2,2,0.6923,0,2,2,0.6923,0,2,2,0.6923,0,2,2
prod,e37f5a4b-bdb6-46bf-8639-7f639c7fb07b,ear-training,100,0.6,0,0.995738,0.9957,0,3,0,0.9957,0,3,0,0.9957,0,3,0,0.9957,0,3,0,0.9957,0,3,0,0.9957,0,3,0
prod,84ba884a-c1f7-4dbe-85b9-dccd1f281060,ear-training,100,0.6,0,0.657407,0.9735,0,3,0,0.5841,2,3,0,0.7301,1,3,0,0.9735,0,3,0,0.5841,2,3,0,0.7301,1,3,0
prod,667a65c2-993e-4329-9e91-1a90c5302bc7,ear-training,100,0.6,0,0.989964,0.9900,0,3,0,0.9900,0,3,0,0.9900,0,3,0,0.9900,0,3,0,0.9900,0,3,0,0.9900,0,3,0
prod,f8601f0c-dfd1-49ed-ad79-5b285680f638,ear-training,100,0.6,0,0.730814,0.7308,0,2,1,0.5481,1,2,1,0.5481,1,2,1,0.7308,0,2,1,0.5481,1,2,1,0.5481,1,2,1
prod,173019d9-526c-431c-9b0d-32e0ae940689,ear-training,100,0.6,0,0.985856,0.9859,0,4,0,0.9859,0,4,0,0.9859,0,4,0,0.9859,0,4,0,0.9859,0,4,0,0.9859,0,4,0
prod,cb22d349-f5d2-4c52-a1b8-06688ee3da39,ear-training,100,0.6,0,0.679888,0.6799,0,3,3,0.5828,1,3,3,0.6799,0,3,3,0.6771,0,3,3,0.6771,0,3,3,0.6771,0,3,3
prod,4c9ef889-e887-4bcd-8c2e-750fcef2a518,ear-training,100,0.6,0,0.5613,0.5613,0,3,2,0.4811,1,3,2,0.4811,1,3,2,0.5613,0,3,2,0.4811,1,3,2,0.4811,1,3,2
prod,7b17d6ca-7637-4498-b0fd-0f22b2c40855,ear-training,100,0.6,0,0.989027,0.9890,0,3,0,0.9890,0,3,0,0.9890,0,3,0,0.9890,0,3,0,0.9890,0,3,0,0.9890,0,3,0
prod,0d7f8b81-d77c-4520-9b24-af8c8550c807,ear-training,100,0.6,0,0.978137,0.9781,0,4,0,0.9781,0,4,0,0.9781,0,4,0,0.9781,0,4,0,0.9781,0,4,0,0.9781,0,4,0
prod,e05cdb88-bea4-4c95-98ae-17f169e027b4,ear-training,100,0.6,0,0.681809,0.6818,0,2,2,0.6818,0,2,2,0.6818,0,2,2,0.6818,0,2,2,0.6818,0,2,2,0.6818,0,2,2
prod,ce535a65-ff3e-4e7f-98d5-bdff9126b433,ear-training,100,0.6,0,0.986036,0.9860,0,4,0,0.9860,0,4,0,0.9860,0,4,0,0.9860,0,4,0,0.9860,0,4,0,0.9860,0,4,0
prod,53d5b0fd-b878-40a8-af55-a9a26f9eb312,ear-training,100,0.6,0,0.987654,0.9877,0,3,0,0.9877,0,3,0,0.9877,0,3,0,0.9877,0,3,0,0.9877,0,3,0,0.9877,0,3,0
prod,5aef6509-5176-4fe6-a211-008ec00275c5,ear-training,100,0.6,0,0.720207,0.5280,0,1,3,0.5280,0,1,3,0.5280,0,1,3,0.5280,0,1,3,0.5280,0,1,3,0.5280,0,1,3
prod,f39739bc-a3e1-45f5-9305-bed513b3f57c,ear-training,100,0.6,0,0.847206,0.8472,0,3,1,0.8472,0,3,1,0.8472,0,3,1,0.8472,0,3,1,0.8472,0,3,1,0.8472,0,3,1
prod,9f83bdf0-06c8-476a-accb-87fdb5182dfb,ear-training,100,0.6,0,0.626023,0.6260,0,4,3,0.6260,0,4,3,0.6260,0,4,3,0.6260,0,4,3,0.6260,0,4,3,0.6260,0,4,3
prod,9d712335-557a-44e5-96fb-5867f2eb0e57,ear-training,100,0.6,0,0.628033,0.6280,0,4,3,0.6280,0,4,3,0.6280,0,4,3,0.6280,0,4,3,0.6280,0,4,3,0.6280,0,4,3
prod,45216c14-775b-4560-8696-05909ca46af2,ear-training,100,0.6,0,0.832615,0.8326,0,3,1,0.8326,0,3,1,0.8326,0,3,1,0.8191,0,3,1,0.8191,0,3,1,0.8191,0,3,1
prod,06cfa9b6-7bde-498e-b4d2-ea2d782b9c5e,ear-training,100,0.6,0,0.711205,0.7112,0,5,1,0.7112,0,5,1,0.7112,0,5,1,0.7112,0,5,1,0.7112,0,5,1,0.7112,0,5,1
prod,78fb5280-cba0-4e6f-94f3-387a209a82bb,ear-training,100,0.6,0,0.644074,0.6441,0,4,2,0.6441,0,4,2,0.6441,0,4,2,0.6441,0,4,2,0.6441,0,4,2,0.6441,0,4,2
prod,44b0a7bc-715e-498a-b042-8fab5268cac7,ear-training,100,0.6,0,0.68493,0.6849,0,2,2,0.6849,0,2,2,0.6849,0,2,2,0.6849,0,2,2,0.6849,0,2,2,0.6849,0,2,2
prod,aae2e128-3006-4687-abc0-f9484260c2dd,ear-training,100,0.6,0,0.649298,0.6493,0,2,2,0.5194,1,2,2,0.5194,1,2,2,0.6493,0,2,2,0.5194,1,2,2,0.5194,1,2,2
prod,4327ed0c-4ffe-47cb-b8b0-a5613014671c,ear-training,100,0.6,0,0.987952,0.9880,0,3,0,0.9880,0,3,0,0.9880,0,3,0,0.9880,0,3,0,0.9880,0,3,0,0.9880,0,3,0
prod,36142110-8e12-4fe7-a380-11d17edec759,ear-training,100,0.6,0,0.988242,0.9882,0,3,0,0.9882,0,3,0,0.9882,0,3,0,0.9882,0,3,0,0.9882,0,3,0,0.9882,0,3,0
prod,fcd84188-41ba-4aec-afa8-1337ada8213c,ear-training,100,0.6,0,0.98191,0.9819,0,2,0,0.9819,0,2,0,0.9819,0,2,0,0.9819,0,2,0,0.9819,0,2,0,0.9819,0,2,0
prod,551b5c81-7bce-4c5f-a4b7-3c9aa7dda992,ear-training,100,0.6,0,0.908323,0.9257,0,3,0,0.6943,1,3,0,0.6943,1,3,0,0.9083,0,3,0,0.6812,1,3,0,0.6812,1,3,0
prod,b7fb6f66-9581-4775-84d0-69986aef8330,ear-training,100,0.6,0,0.974301,0.9743,0,3,0,0.9743,0,3,0,0.9743,0,3,0,0.9743,0,3,0,0.9743,0,3,0,0.9743,0,3,0
prod,bf8a5fa7-fcd3-45d5-8da9-73aba4e74369,ear-training,100,0.6,0,0.71358,0.7136,0,2,1,0.5352,1,2,1,0.7136,0,2,1,0.7136,0,2,1,0.5352,1,2,1,0.7136,0,2,1
prod,b89db3d1-03d4-46a2-a159-98001aa7fa68,ear-training,100,0.6,0,0.525615,0.5937,0,1,2,0.5937,0,1,2,0.5937,0,1,2,0.5937,0,1,2,0.5937,0,1,2,0.5937,0,1,2
prod,9cd451cf-e2ac-46eb-ad17-e8c59d85b61b,ear-training,100,0.6,0,0.882061,0.8821,0,6,0,0.7561,1,6,0,0.7561,1,6,0,0.8821,0,6,0,0.7561,1,6,0,0.7561,1,6,0
prod,c98852e0-3d97-45c7-83f7-1389bad27b8b,ear-training,100,0.6,0,0.916667,0.9167,0,2,0,0.4583,2,2,0,0.9167,0,2,0,0.9167,0,2,0,0.4583,2,2,0,0.9167,0,2,0
prod,f9142535-f25d-49c3-8813-f6a3718cb57b,ear-training,100,0.6,0,0.948299,0.9483,0,2,0,0.9483,0,2,0,0.9483,0,2,0,0.9483,0,2,0,0.9483,0,2,0,0.9483,0,2,0
prod,ed97d6b6-7bd7-41a8-a7b1-18cab2bd86c7,ear-training,100,0.6,0,0.985717,0.9857,0,5,0,0.9857,0,5,0,0.9857,0,5,0,0.9857,0,5,0,0.9857,0,5,0,0.9857,0,5,0
prod,5ed21f1f-bea5-414a-8544-d31ce21e3184,ear-training,100,0.6,0,0.983318,0.9833,0,4,0,0.9833,0,4,0,0.9833,0,4,0,0.9833,0,4,0,0.9833,0,4,0,0.9833,0,4,0
prod,3cf4b7f1-0651-45fa-a06f-310956d27864,ear-training,100,0.6,0,0.9928,0.9928,0,2,0,0.9928,0,2,0,0.9928,0,2,0,0.9928,0,2,0,0.9928,0,2,0,0.9928,0,2,0
prod,2055c3ba-35a8-4622-8dd8-d99a88f0100e,ear-training,100,0.6,0,0.952528,0.9525,0,3,0,0.7144,1,3,0,0.7144,1,3,0,0.9525,0,3,0,0.7144,1,3,0,0.7144,1,3,0
prod,ed4986aa-8ef4-4ff6-afb1-b84da3b17d77,ear-training,100,0.6,0,0.994744,0.9947,0,4,0,0.9947,0,4,0,0.9947,0,4,0,0.9947,0,4,0,0.9947,0,4,0,0.9947,0,4,0
prod,3071e607-9432-402e-9e5b-6547d7c6f7b0,ear-training,100,0.6,0,0.88563,0.8856,0,5,1,0.8856,0,5,1,0.8856,0,5,1,0.8856,0,5,1,0.8856,0,5,1,0.8856,0,5,1
prod,8a64237d-dd23-4fb6-80e3-1869cde74bbb,ear-training,100,0.6,0,0.989711,0.9897,0,4,0,0.9897,0,4,0,0.9897,0,4,0,0.9897,0,4,0,0.9897,0,4,0,0.9897,0,4,0
prod,5f7bccd2-f619-4261-b923-0a44e8445af3,ear-training,100,0.6,0,0.990466,0.9905,0,5,0,0.9905,0,5,0,0.9905,0,5,0,0.9905,0,5,0,0.9905,0,5,0,0.9905,0,5,0
prod,871c75ca-88fb-4ba8-882b-92301278f2a1,ear-training,100,0.6,0,0.984921,0.9849,0,7,0,0.9849,0,7,0,0.9849,0,7,0,0.9849,0,7,0,0.9849,0,7,0,0.9849,0,7,0
prod,98997f39-255b-4f38-9545-3d81af5395e8,ear-training,100,0.6,0,0.993815,0.9938,0,2,0,0.9938,0,2,0,0.9938,0,2,0,0.9938,0,2,0,0.9938,0,2,0,0.9938,0,2,0
prod,129b89a1-7b7f-4a8c-9b35-477c1646a6ab,ear-training,100,0.6,0,0.590331,0.5903,0,2,1,0.5903,0,2,1,0.5903,0,2,1,0.5903,0,2,1,0.5903,0,2,1,0.5903,0,2,1
prod,cc75a50e-8759-40d0-a7c9-91d310f6c2a5,ear-training,100,0.6,0,0.650413,0.6504,0,2,2,0.6504,0,2,2,0.6504,0,2,2,0.6504,0,2,2,0.6504,0,2,2,0.6504,0,2,2
prod,91b0963e-63c1-45f1-86f1-c7b861909b24,ear-training,100,0.6,0,0.970098,0.9701,0,5,0,0.9701,0,5,0,0.9701,0,5,0,0.9701,0,5,0,0.9701,0,5,0,0.9701,0,5,0
prod,27a5db8f-56aa-431b-8c8b-3feb1eedf6d7,ear-training,100,0.6,0,0.962963,0.9630,0,3,0,0.5778,2,3,0,0.7222,1,3,0,0.9630,0,3,0,0.5778,2,3,0,0.7222,1,3,0
prod,5783ea16-16df-4e59-866f-4c9d1aa45616,ear-training,100,0.6,0,0.851481,0.9453,0,5,0,0.7877,1,5,0,0.7877,1,5,0,0.8515,0,4,1,0.8515,0,4,1,0.8515,0,4,1
prod,f8419250-596a-42cb-b396-7daaadcdc2f7,ear-training,100,0.6,0,0.98025,0.9803,0,4,0,0.9803,0,4,0,0.9803,0,4,0,0.9803,0,4,0,0.9803,0,4,0,0.9803,0,4,0
prod,9d32d9bd-e28d-4e3d-909b-482f02375dbf,ear-training,100,0.6,0,0.827075,0.8271,0,3,1,0.8271,0,3,1,0.8271,0,3,1,0.8271,0,3,1,0.8271,0,3,1,0.8271,0,3,1
prod,2185c203-1547-4bf4-bfa2-2796f8622a90,ear-training,100,0.6,0,0.5157,0.5157,0,1,3,0.4126,1,1,3,0.4126,1,1,3,0.5039,0,1,3,0.4031,1,1,3,0.5039,0,1,3
prod,e32a921e-e41d-4551-9db4-e4706a432abe,ear-training,100,0.6,0,0.652083,0.7819,0,3,1,0.5213,2,3,1,0.7819,0,3,1,0.7819,0,3,1,0.5213,2,3,1,0.7819,0,3,1
prod,e704366a-585a-4175-be16-5db5f5d685d5,ear-training,100,0.6,0,0.950668,0.9507,0,6,0,0.8149,1,6,0,0.8149,1,6,0,0.9507,0,6,0,0.8149,1,6,0,0.8149,1,6,0
prod,0cdfd522-7386-4832-b2f1-952e116c98b1,ear-training,100,0.6,0,0.987764,0.9878,0,3,0,0.9878,0,3,0,0.9878,0,3,0,0.9878,0,3,0,0.9878,0,3,0,0.9878,0,3,0
prod,5b9b8293-4f37-450b-9e52-f51ae48345dc,ear-training,100,0.6,0,0.992202,0.9922,0,2,0,0.9922,0,2,0,0.9922,0,2,0,0.9922,0,2,0,0.9922,0,2,0,0.9922,0,2,0
prod,28748530-710a-4d8b-9f49-a50f5ade1945,ear-training,100,0.6,0,0.623542,0.6235,0,3,1,0.6235,0,3,1,0.6235,0,3,1,0.6235,0,3,1,0.6235,0,3,1,0.6235,0,3,1
prod,2ce77fb6-fad4-4394-9ff8-f3eb1b475ec1,ear-training,100,0.6,0,0.369415,0.3694,0,0,5,0.3694,0,0,5,0.3694,0,0,5,0.3694,0,0,5,0.3694,0,0,5,0.3694,0,0,5
prod,3303e825-49ba-4e65-b381-680be06ce8e3,ear-training,100,0.6,0,0.991576,0.9916,0,3,0,0.9916,0,3,0,0.9916,0,3,0,0.9916,0,3,0,0.9916,0,3,0,0.9916,0,3,0
prod,90ae79ee-67a7-4cd9-900d-765ab510f3c4,ear-training,100,0.6,0,0.589107,0.5891,0,1,2,0.5891,0,1,2,0.5891,0,1,2,0.5891,0,1,2,0.5891,0,1,2,0.5891,0,1,2
prod,42308c1b-0b56-4602-adcf-3cccbd28e47d,ear-training,100,0.6,0,0.99279,0.9928,0,3,0,0.9928,0,3,0,0.9928,0,3,0,0.9928,0,3,0,0.9928,0,3,0,0.9928,0,3,0
prod,85ae6524-a3f6-40e4-b072-d112df2abc91,ear-training,100,0.6,0,0.966049,0.9660,0,3,0,0.7245,1,3,0,0.9660,0,3,0,0.9660,0,3,0,0.7245,1,3,0,0.9660,0,3,0
prod,ce7ca207-51ad-41c5-bec2-3d91e86c2f65,ear-training,100,0.6,0,0.986558,0.9866,0,2,0,0.9866,0,2,0,0.9866,0,2,0,0.9866,0,2,0,0.9866,0,2,0,0.9866,0,2,0
prod,f02b1101-27ca-4254-b0ce-4d872cd9c5b1,ear-training,100,0.6,0,0.956522,0.9565,0,4,0,0.9565,0,4,0,0.9565,0,4,0,0.9565,0,4,0,0.9565,0,4,0,0.9565,0,4,0
prod,175f6900-0104-4ac0-bec0-7cfdbc2b48af,ear-training,100,0.6,0,0.748148,0.7481,0,3,2,0.7481,0,3,2,0.7481,0,3,2,0.7481,0,3,2,0.7481,0,3,2,0.7481,0,3,2
prod,4ece37f6-3713-44f8-bf71-bc8fe1a4530f,ear-training,100,0.6,0,0.984439,0.9844,0,5,0,0.9844,0,5,0,0.9844,0,5,0,0.9844,0,5,0,0.9844,0,5,0,0.9844,0,5,0
prod,7f7e1726-96fb-4575-beaa-2b3b4260db22,ear-training,100,0.6,0,0.381522,0.3815,0,0,5,0.3815,0,0,5,0.3815,0,0,5,0.3815,0,0,5,0.3815,0,0,5,0.3815,0,0,5
prod,4666ce37-3ab8-49fd-8e12-3e4a8c60e88b,ear-training,100,0.6,0,0.74963,0.7496,0,3,2,0.7496,0,3,2,0.7496,0,3,2,0.7496,0,3,2,0.7496,0,3,2,0.7496,0,3,2
prod,ceeb6565-5002-4347-8455-a07a7f59e98c,ear-training,100,0.6,0,0.615281,0.6153,0,2,3,0.6153,0,2,3,0.6153,0,2,3,0.6153,0,2,3,0.6153,0,2,3,0.6153,0,2,3
prod,5434d540-ae36-4c0f-b6cd-a2622a4af7f8,ear-training,100,0.6,0,0.989107,0.9891,0,3,0,0.9891,0,3,0,0.9891,0,3,0,0.9891,0,3,0,0.9891,0,3,0,0.9891,0,3,0
prod,e06964a2-92dc-4b14-91ab-b895f142b421,ear-training,100,0.6,0,0.685865,0.6982,0,2,1,0.2992,4,2,1,0.5237,1,2,1,0.3907,0,0,3,0.1954,3,0,3,0.2931,1,0,3
prod,5f7a19a0-2a01-4232-aaaa-86d12f84d8fa,ear-training,100,0.6,0,0.996813,0.9968,0,3,0,0.9968,0,3,0,0.9968,0,3,0,0.9968,0,3,0,0.9968,0,3,0,0.9968,0,3,0
prod,65234fdc-77b9-409c-8194-657da18619be,ear-training,100,0.6,0,0.975088,0.9751,0,2,0,0.9751,0,2,0,0.9751,0,2,0,0.9751,0,2,0,0.9751,0,2,0,0.9751,0,2,0
prod,2c190dac-f91a-43d3-942d-2dfcdf680c10,ear-training,100,0.6,0,0.987654,0.9877,0,3,0,0.7407,1,3,0,0.9877,0,3,0,0.9877,0,3,0,0.7407,1,3,0,0.9877,0,3,0
prod,7ea6877b-c820-4bf8-ab14-0251f87f421d,ear-training,100,0.6,0,0.884127,0.8841,0,6,1,0.7736,1,6,1,0.8841,0,6,1,0.7484,0,5,1,0.6549,1,5,1,0.7484,0,5,1
prod,7dd624c6-90b3-4434-add5-4b69c125b7ce,ear-training,100,0.6,0,0.962812,0.9628,0,2,0,0.9628,0,2,0,0.9628,0,2,0,0.9628,0,2,0,0.9628,0,2,0,0.9628,0,2,0
prod,1a69cf51-2b8c-45dd-bc15-a585ec3796e0,ear-training,100,0.6,0,0.644444,0.6444,0,1,1,0.4296,1,1,1,0.6444,0,1,1,0.6444,0,1,1,0.4296,1,1,1,0.6444,0,1,1
prod,c16a35ba-8a06-4b2c-83de-44085f323525,ear-training,100,0.6,0,0.536842,0.5368,0,1,3,0.5368,0,1,3,0.5368,0,1,3,0.5368,0,1,3,0.5368,0,1,3,0.5368,0,1,3
prod,9c49a581-206b-40eb-aa94-8f10e6f96f6e,ear-training,100,0.6,0,0.898148,0.8981,0,3,0,0.5389,2,3,0,0.6736,1,3,0,0.8981,0,3,0,0.5389,2,3,0,0.6736,1,3,0
prod,e977d4e5-3480-4e96-a3ac-a0968f7d0b8e,ear-training,100,0.6,0,0.975894,0.9759,0,2,0,0.9759,0,2,0,0.9759,0,2,0,0.9759,0,2,0,0.9759,0,2,0,0.9759,0,2,0
prod,85a4a7fa-6b56-48f0-a92b-b98129584369,ear-training,100,0.6,0,0.990653,0.9907,0,3,0,0.9907,0,3,0,0.9907,0,3,0,0.9907,0,3,0,0.9907,0,3,0,0.9907,0,3,0
prod,3f674e11-4a84-4eb4-9254-bf550c6a2d9d,ear-training,100,0.6,0,0.994489,0.9945,0,4,0,0.9945,0,4,0,0.9945,0,4,0,0.9945,0,4,0,0.9945,0,4,0,0.9945,0,4,0
prod,48aa5da8-7c2a-4a32-9c35-bdb69f36794e,ear-training,100,0.6,0,0.96975,0.9697,0,4,0,0.9697,0,4,0,0.9697,0,4,0,0.9697,0,4,0,0.9697,0,4,0,0.9697,0,4,0
prod,39170571-ec30-44fb-97f9-61cb982d2889,ear-training,100,0.6,0,0.960452,0.9605,0,3,0,0.9605,0,3,0,0.9605,0,3,0,0.9605,0,3,0,0.9605,0,3,0,0.9605,0,3,0
prod,91d26679-4bac-46e4-a271-3c82e8fded93,ear-training,100,0.6,0,0.990968,0.9910,0,3,0,0.9910,0,3,0,0.9910,0,3,0,0.9910,0,3,0,0.9910,0,3,0,0.9910,0,3,0
prod,429cea43-6c94-48d7-9cdf-dd84c35daa39,ear-training,100,0.6,0,0.994264,0.9943,0,3,0,0.9943,0,3,0,0.9943,0,3,0,0.9943,0,3,0,0.9943,0,3,0,0.9943,0,3,0
prod,3bc52fb1-155b-4428-bab0-71a4e24a7d51,ear-training,100,0.6,0,0.941875,0.9419,0,2,0,0.9419,0,2,0,0.9419,0,2,0,0.9419,0,2,0,0.9419,0,2,0,0.9419,0,2,0
prod,f1c2bd06-df5c-45a8-8076-02d515855df0,ear-training,100,0.6,0,0.959877,0.9599,0,3,0,0.7199,1,3,0,0.9599,0,3,0,0.9599,0,3,0,0.7199,1,3,0,0.9599,0,3,0
prod,fb461f86-405e-4bee-979f-bc5b5fac1da5,ear-training,100,0.6,0,0.996078,0.9961,0,3,0,0.9961,0,3,0,0.9961,0,3,0,0.9961,0,3,0,0.9961,0,3,0,0.9961,0,3,0
prod,301fb05b-dee4-4a4a-bac6-a146c376fd47,ear-training,100,0.6,0,0.987915,0.9879,0,3,0,0.9879,0,3,0,0.9879,0,3,0,0.9879,0,3,0,0.9879,0,3,0,0.9879,0,3,0
prod,529acc00-aaf4-4b43-a2ed-28dc187afa4e,ear-training,100,0.6,0,0.821,0.8210,0,5,2,0.8210,0,5,2,0.8210,0,5,2,0.8210,0,5,2,0.8210,0,5,2,0.8210,0,5,2
prod,faf7b1ca-f587-47c6-ae75-08bb7c55e712,ear-training,100,0.6,0,0.660582,0.6606,0,5,0,0.6606,0,5,0,0.6606,0,5,0,0.6606,0,5,0,0.6606,0,5,0,0.6606,0,5,0
prod,222613ca-ab09-4c1b-8291-2204e73cc141,ear-training,100,0.6,0,0.946759,0.9468,0,4,0,0.6312,2,4,0,0.7574,1,4,0,0.9468,0,4,0,0.6312,2,4,0,0.7574,1,4,0
prod,acbb9bf5-6fee-4da3-9f01-93d004c26ed3,ear-training,100,0.6,0,0.987554,0.9876,0,3,0,0.9876,0,3,0,0.9876,0,3,0,0.9876,0,3,0,0.9876,0,3,0,0.9876,0,3,0
prod,b839601f-bba1-4e5d-8ae2-c09437d2db12,ear-training,100,0.6,0,0.993827,0.9938,0,3,0,0.9938,0,3,0,0.9938,0,3,0,0.9938,0,3,0,0.9938,0,3,0,0.9938,0,3,0
prod,c999c664-6d95-42a1-b52a-749cd461e037,ear-training,100,0.6,0,0.979768,0.9798,0,3,0,0.9798,0,3,0,0.9798,0,3,0,0.9798,0,3,0,0.9798,0,3,0,0.9798,0,3,0
prod,55676c3e-36d8-4ab4-8ae1-876858b9f8c3,ear-training,100,0.6,0,0.985842,0.9858,0,7,0,0.9858,0,7,0,0.9858,0,7,0,0.9858,0,7,0,0.9858,0,7,0,0.9858,0,7,0
prod,ee6e5a86-1ba9-422e-8ba9-26ebc6998a8a,ear-training,100,0.6,0,0.631559,0.6316,0,3,4,0.6316,0,3,4,0.6316,0,3,4,0.6316,0,3,4,0.6316,0,3,4,0.6316,0,3,4
prod,e703eac7-e64f-44ed-a8a4-9e100262154c,ear-training,100,0.6,0,0.948715,0.9487,0,2,0,0.9487,0,2,0,0.9487,0,2,0,0.9487,0,2,0,0.9487,0,2,0,0.9487,0,2,0
prod,9628444d-f844-4aa2-b718-3e5402248cd1,ear-training,100,0.6,0,0.679888,0.6799,0,3,3,0.6799,0,3,3,0.6799,0,3,3,0.6799,0,3,3,0.6799,0,3,3,0.6799,0,3,3
prod,d2a1a1a0-c23e-4dcc-8ac6-67bacaee86a1,ear-training,100,0.6,0,0.378544,0.3785,0,0,6,0.3785,0,0,6,0.3785,0,0,6,0.3785,0,0,6,0.3785,0,0,6,0.3785,0,0,6
prod,80dcd8e5-ae3c-4be6-ab62-daf07e8f3c70,ear-training,100,0.6,0,0.544581,0.5590,0,3,4,0.4348,2,3,4,0.4348,2,3,4,0.7672,0,6,0,0.5967,2,6,0,0.5967,2,6,0
prod,0c3ae3c0-7155-4b70-bdee-86abf5d5d092,ear-training,100,0.6,0,0.475508,0.6398,0,5,0,0.5599,1,5,0,0.6398,0,5,0,0.6332,0,5,0,0.5540,1,5,0,0.6332,0,5,0
prod,4dca6a75-8a0f-4601-8924-eeba2f9d3f2d,ear-training,100,0.6,0,0.772609,0.7726,0,2,1,0.7726,0,2,1,0.7726,0,2,1,0.7726,0,2,1,0.7726,0,2,1,0.7726,0,2,1
prod,d47e6173-c6f9-4794-b4b1-12f59233c95a,ear-training,100,0.6,0,0.993222,0.9932,0,2,0,0.9932,0,2,0,0.9932,0,2,0,0.9932,0,2,0,0.9932,0,2,0,0.9932,0,2,0
prod,8cfbe9c1-2284-4845-967a-cebc01496dfb,ear-training,100,0.6,0,0.959511,0.9595,0,2,0,0.9595,0,2,0,0.9595,0,2,0,0.9595,0,2,0,0.9595,0,2,0,0.9595,0,2,0
prod,32d2b3a5-dedc-4947-95d4-1947a99e9420,ear-training,100,0.6,0,0.990392,0.9904,0,3,0,0.9904,0,3,0,0.9904,0,3,0,0.9904,0,3,0,0.9904,0,3,0,0.9904,0,3,0
prod,a767b1c4-4d17-413e-b211-417ae216080f,ear-training,100,0.6,0,0.986966,0.9870,0,3,0,0.9870,0,3,0,0.9870,0,3,0,0.9870,0,3,0,0.9870,0,3,0,0.9870,0,3,0
prod,205e4ee2-83d3-4d0a-bb54-e33097442cff,ear-training,100,0.6,0,0.961989,0.9620,0,3,0,0.9620,0,3,0,0.9620,0,3,0,0.9620,0,3,0,0.9620,0,3,0,0.9620,0,3,0
prod,b2196910-c346-45d3-a4b5-412e7a08170c,ear-training,100,0.6,0,0.979119,0.9791,0,2,0,0.9791,0,2,0,0.9791,0,2,0,0.9791,0,2,0,0.9791,0,2,0,0.9791,0,2,0
prod,f019688c-a597-40ba-be33-f245ec7bece7,ear-training,100,0.6,0,0.990741,0.9907,0,3,0,0.9907,0,3,0,0.9907,0,3,0,0.9907,0,3,0,0.9907,0,3,0,0.9907,0,3,0
prod,17dd9971-0c62-400c-803c-e4610b3df6a7,ear-training,100,0.6,0,0.91358,0.9136,0,3,0,0.6852,1,3,0,0.9136,0,3,0,0.9136,0,3,0,0.6852,1,3,0,0.9136,0,3,0
prod,1dc3220c-2a54-442b-b108-e4b8923a3eb4,ear-training,100,0.6,0,0.676455,0.6765,0,5,0,0.6765,0,5,0,0.6765,0,5,0,0.6765,0,5,0,0.6765,0,5,0,0.6765,0,5,0
prod,ffc339b8-716d-456f-b21c-281261f27d98,ear-training,100,0.6,0,0.653293,0.6533,0,5,0,0.6533,0,5,0,0.6533,0,5,0,0.6533,0,5,0,0.6533,0,5,0,0.6533,0,5,0
prod,8ffbd239-ae49-4155-b51d-b26ad91a6bb0,ear-training,100,0.6,0,0.909448,0.9094,0,3,0,0.6821,1,3,0,0.9094,0,3,0,0.9094,0,3,0,0.6821,1,3,0,0.9094,0,3,0
prod,bfaffa33-dc1f-44ff-98d4-27c9cdabd6ac,ear-training,100,0.6,0,0.753699,0.9383,0,3,0,0.7037,1,3,0,0.7037,1,3,0,0.9383,0,3,0,0.7037,1,3,0,0.7037,1,3,0
prod,b601a10f-471a-402d-a8a2-2e0fa3beb366,ear-training,100,0.6,0,0.572845,0.5728,0,3,3,0.5012,1,3,3,0.5012,1,3,3,0.5728,0,3,3,0.5012,1,3,3,0.5012,1,3,3
prod,03b04271-aac7-41a7-89b9-793160be4c8a,ear-training,100,0.6,0,0.316163,0.3855,0,0,7,0.3855,0,0,7,0.3855,0,0,7,0.3855,0,0,7,0.3855,0,0,7,0.3855,0,0,7
prod,f0b12060-4b8b-426a-8eb6-08652ecb2b8a,ear-training,100,0.6,0,0.991602,0.9925,0,3,0,0.9925,0,3,0,0.9925,0,3,0,0.9925,0,3,0,0.9925,0,3,0,0.9925,0,3,0
prod,787f1876-9470-4857-a46e-6661d92b1505,ear-training,100,0.6,0,0.979119,0.9791,0,2,0,0.9791,0,2,0,0.9791,0,2,0,0.9791,0,2,0,0.9791,0,2,0,0.9791,0,2,0
prod,5d93e900-d521-4067-8e75-0451e002bc2b,ear-training,100,0.6,0,0.9898,0.9898,0,3,0,0.9898,0,3,0,0.9898,0,3,0,0.9898,0,3,0,0.9898,0,3,0,0.9898,0,3,0
prod,555354de-12de-4072-9740-e8ba629ac5ba,ear-training,100,0.6,0,0.999553,0.9996,0,2,0,0.9996,0,2,0,0.9996,0,2,0,0.9996,0,2,0,0.9996,0,2,0,0.9996,0,2,0
prod,7c742f25-977a-4ad5-85ac-93f8eb5c2a0b,ear-training,100,0.6,0,0.991358,0.9914,0,3,0,0.9914,0,3,0,0.9914,0,3,0,0.9914,0,3,0,0.9914,0,3,0,0.9914,0,3,0
prod,dc848731-1f5d-4ced-8b56-e4769bf1cf73,ear-training,100,0.6,0,0.819085,0.9413,0,4,0,0.7530,1,4,0,0.7530,1,4,0,0.9413,0,4,0,0.7530,1,4,0,0.7530,1,4,0
prod,a39b4fe4-daa0-44e6-afb6-8aa52f50269f,ear-training,100,0.6,0,0.97706,0.9863,0,4,0,0.9863,0,4,0,0.9863,0,4,0,0.9863,0,4,0,0.9863,0,4,0,0.9863,0,4,0
prod,10696320-8ef8-46b6-8771-e1c7cd91b04f,ear-training,100,0.6,0,0.907407,0.9074,0,2,0,0.6049,1,2,0,0.9074,0,2,0,0.9074,0,2,0,0.6049,1,2,0,0.9074,0,2,0
prod,61184631-7dd9-492a-9d01-7c10bb029fda,ear-training,100,0.6,0,0.973587,0.9736,0,3,0,0.9736,0,3,0,0.9736,0,3,0,0.9736,0,3,0,0.9736,0,3,0,0.9736,0,3,0
prod,7887ad0d-c3d9-49d8-9a81-3e4b43058298,ear-training,100,0.6,0,0.502175,0.8475,0,3,0,0.6356,1,3,0,0.8475,0,3,0,0.8475,0,3,0,0.6356,1,3,0,0.8475,0,3,0
prod,72e44676-bb83-4793-a60c-779921b53112,ear-training,100,0.6,0,0.994004,0.9940,0,2,0,0.9940,0,2,0,0.9940,0,2,0,0.9940,0,2,0,0.9940,0,2,0,0.9940,0,2,0
prod,ae48afdc-819d-4855-bf6a-fb70e359e742,ear-training,100,0.6,0,0.990123,0.9901,0,3,0,0.9901,0,3,0,0.9901,0,3,0,0.9930,0,3,0,0.9930,0,3,0,0.9930,0,3,0
prod,29e615ab-a7d9-4497-9e8b-d9ddb97cb371,ear-training,100,0.6,0,0.978105,0.9781,0,2,0,0.9781,0,2,0,0.9781,0,2,0,0.9781,0,2,0,0.9781,0,2,0,0.9781,0,2,0
prod,dacbef63-cf89-4e3e-aae1-1f3c75097797,ear-training,100,0.6,0,0.983951,0.9840,0,3,0,0.9840,0,3,0,0.9840,0,3,0,0.9840,0,3,0,0.9840,0,3,0,0.9840,0,3,0
prod,191a5aa9-7bd2-4a69-9927-664a237cc2a7,ear-training,100,0.6,0,0.991188,0.9912,0,2,0,0.9912,0,2,0,0.9912,0,2,0,0.9912,0,2,0,0.9912,0,2,0,0.9912,0,2,0
prod,3f76a93c-5fed-45fe-84b7-55808acbfc85,ear-training,100,0.6,0,0.996832,0.9968,0,2,0,0.9968,0,2,0,0.9968,0,2,0,0.9968,0,2,0,0.9968,0,2,0,0.9968,0,2,0
prod,fdf61f78-ad9e-4a0a-b746-503b6b87db8b,ear-training,100,0.6,0,0.992297,0.9923,0,2,0,0.9923,0,2,0,0.9923,0,2,0,0.9923,0,2,0,0.9923,0,2,0,0.9923,0,2,0
prod,33cbc535-db18-483e-bfe3-11163adc78d9,ear-training,100,0.6,0,0.976701,0.9767,0,2,0,0.9767,0,2,0,0.9767,0,2,0,0.9767,0,2,0,0.9767,0,2,0,0.9767,0,2,0
prod,22768949-c915-40b7-98b6-b1457857fbd8,ear-training,100,0.6,0,0.964831,0.9648,0,4,0,0.7719,1,4,0,0.7719,1,4,0,0.9648,0,4,0,0.7719,1,4,0,0.7719,1,4,0
prod,19bc5a70-4d07-483c-a61a-16b6b7cbbd32,ear-training,100,0.6,0,0.656236,0.6562,0,2,2,0.4375,2,2,2,0.5250,1,2,2,0.6562,0,2,2,0.4375,2,2,2,0.5250,1,2,2
prod,d90e384b-bb60-4ad0-a4ac-73c2f0e2ff38,ear-training,100,0.6,0,0.99111,0.9911,0,3,0,0.9911,0,3,0,0.9911,0,3,0,0.9911,0,3,0,0.9911,0,3,0,0.9911,0,3,0
prod,057e0a47-bebb-4462-a9a8-1fdd788c9852,ear-training,100,0.6,0,0.978349,0.9783,0,3,0,0.9783,0,3,0,0.9783,0,3,0,0.9783,0,3,0,0.9783,0,3,0,0.9783,0,3,0
prod,d1c61cd4-520f-404d-8274-610b4e64a337,ear-training,100,0.6,0,0.981175,0.9812,0,3,0,0.9812,0,3,0,0.9812,0,3,0,0.9812,0,3,0,0.9812,0,3,0,0.9812,0,3,0
prod,4981b45c-636b-47d8-9bcd-f41f55e7bb4c,ear-training,100,0.6,0,0.887931,0.8879,0,2,0,0.5920,1,2,0,0.5920,1,2,0,0.8879,0,2,0,0.5920,1,2,0,0.5920,1,2,0
prod,d2922db7-a7ad-4a79-9e71-91107a0ec673,ear-training,100,0.6,0,0.82037,0.9861,0,2,0,0.4931,2,2,0,0.9861,0,2,0,0.9861,0,2,0,0.4931,2,2,0,0.9861,0,2,0
prod,205b8eb3-602c-4a1f-880a-1548405eee74,ear-training,100,0.6,0,0.962963,0.9630,0,2,0,0.4815,2,2,0,0.6420,1,2,0,0.9630,0,2,0,0.4815,2,2,0,0.6420,1,2,0
prod,c8478945-9fec-496e-85ec-f3359ad6250a,ear-training,100,0.6,0,0.988977,0.9890,0,2,0,0.9890,0,2,0,0.9890,0,2,0,0.9890,0,2,0,0.9890,0,2,0,0.9890,0,2,0
prod,ce31ad64-6d34-45da-8f4f-b7e2a7bd729f,ear-training,100,0.6,0,0.965495,0.9655,0,2,0,0.9655,0,2,0,0.9655,0,2,0,0.9655,0,2,0,0.9655,0,2,0,0.9655,0,2,0
prod,5284235d-1ac2-4010-8eb3-81e142074be0,ear-training,100,0.6,0,0.949553,0.9496,0,2,0,0.6330,1,2,0,0.9496,0,2,0,0.9496,0,2,0,0.6330,1,2,0,0.9496,0,2,0
prod,da943101-985b-4917-920b-3e85e7fbad43,ear-training,100,0.6,0,0.981192,0.9812,0,3,0,0.9812,0,3,0,0.9812,0,3,0,0.9812,0,3,0,0.9812,0,3,0,0.9812,0,3,0
prod,d3f0e1e3-8574-4918-9030-dd294c3b6227,ear-training,100,0.6,0,0.994474,0.9945,0,3,0,0.9945,0,3,0,0.9945,0,3,0,0.9945,0,3,0,0.9945,0,3,0,0.9945,0,3,0
prod,2b422410-a61c-4c3e-acfe-ee53b6bce5aa,ear-training,100,0.6,0,0.753127,0.7531,0,3,1,0.5021,2,3,1,0.5021,2,3,1,0.7531,0,3,1,0.5021,2,3,1,0.5021,2,3,1
prod,b53cef29-dc30-4522-b747-3231e75f6ad9,ear-training,100,0.6,0,0.909722,0.9097,0,4,0,0.7278,1,4,0,0.9097,0,4,0,0.9097,0,4,0,0.7278,1,4,0,0.9097,0,4,0
prod,dd9cd942-d59b-4f3a-a444-b46e6a03adfc,ear-training,100,0.6,0,0.982456,0.9825,0,3,0,0.9825,0,3,0,0.9825,0,3,0,0.9825,0,3,0,0.9825,0,3,0,0.9825,0,3,0
prod,7bfa1458-f651-4842-8599-4c1388169a21,ear-training,100,0.6,0,0.979718,0.9797,0,2,0,0.9797,0,2,0,0.9797,0,2,0,0.9797,0,2,0,0.9797,0,2,0,0.9797,0,2,0
prod,6d1c5444-7ef7-4669-a28a-eb0eed568855,ear-training,100,0.6,0,0.690741,0.8519,0,2,0,0.5679,1,2,0,0.8519,0,2,0,0.8519,0,2,0,0.5679,1,2,0,0.8519,0,2,0
prod,68f0bc3b-7c09-4f1c-badb-c875bd87c1e0,ear-training,100,0.6,0,0.976002,0.9760,0,2,0,0.9760,0,2,0,0.9760,0,2,0,0.9760,0,2,0,0.9760,0,2,0,0.9760,0,2,0
prod,5841e9ce-efbf-4161-b24d-cdb273b06868,ear-training,100,0.6,0,0.970106,0.9701,0,7,0,0.8488,1,7,0,0.8488,1,7,0,0.9701,0,7,0,0.8488,1,7,0,0.8488,1,7,0
prod,fb901da0-1e95-47fb-90ed-6c6227cd44f8,ear-training,100,0.6,0,0.919363,0.9194,0,2,0,0.9194,0,2,0,0.9194,0,2,0,0.9194,0,2,0,0.9194,0,2,0,0.9194,0,2,0
prod,36c09b9b-23ff-4cd1-b45c-1757fa3244f6,ear-training,100,0.6,0,0.756799,0.7568,0,4,2,0.7568,0,4,2,0.7568,0,4,2,0.7534,0,4,2,0.7534,0,4,2,0.7534,0,4,2
prod,cdb0a2c6-4ee3-40b1-94c0-ee768877c5e1,ear-training,100,0.6,0,0.995219,0.9952,0,2,0,0.9952,0,2,0,0.9952,0,2,0,0.9952,0,2,0,0.9952,0,2,0,0.9952,0,2,0
prod,20617406-f260-4249-b4f1-3c5b5b76abab,ear-training,100,0.6,0,0.994365,0.9944,0,3,0,0.9944,0,3,0,0.9944,0,3,0,0.9944,0,3,0,0.9944,0,3,0,0.9944,0,3,0
prod,c7fa92a6-a5c9-4f88-a776-30cebd572415,ear-training,100,0.6,0,0.513313,0.5133,0,1,3,0.4107,1,1,3,0.4107,1,1,3,0.5133,0,1,3,0.4107,1,1,3,0.4107,1,1,3
prod,4912d779-18ab-4ee8-a4dd-ef2bf7cd565f,ear-training,100,0.6,0,0.688753,0.6888,0,2,2,0.6888,0,2,2,0.6888,0,2,2,0.6888,0,2,2,0.6888,0,2,2,0.6888,0,2,2
prod,8aa1619c-f7c6-47bd-a7f7-bd5027608b6d,ear-training,100,0.6,0,0.969709,0.9697,0,2,0,0.9697,0,2,0,0.9697,0,2,0,0.9697,0,2,0,0.9697,0,2,0,0.9697,0,2,0
prod,caa3ba9f-8e9c-4604-a445-1a7f189b2a27,ear-training,100,0.6,0,0.626226,0.6262,0,3,4,0.6262,0,3,4,0.6262,0,3,4,0.6194,0,3,4,0.6194,0,3,4,0.6194,0,3,4
prod,f21c7c3a-edbc-4be6-aa37-44397618becd,ear-training,100,0.6,0,0.671661,0.7015,0,4,3,0.5456,2,4,3,0.5456,2,4,3,0.7015,0,4,3,0.5456,2,4,3,0.5456,2,4,3
prod,1cbaaac0-f3e9-4cea-8f68-f06d0f1f90e8,ear-training,100,0.6,0,0.988501,0.9885,0,4,0,0.9885,0,4,0,0.9885,0,4,0,0.9885,0,4,0,0.9885,0,4,0,0.9885,0,4,0
prod,6f8be409-42a8-4f4b-874d-823a50fbcd25,ear-training,100,0.6,0,0.996477,0.9965,0,3,0,0.9965,0,3,0,0.9965,0,3,0,0.9965,0,3,0,0.9965,0,3,0,0.9965,0,3,0
prod,1b4735d6-9b59-4b92-a6ce-a1bd0bd32b1d,ear-training,100,0.6,0,0.980568,0.9806,0,2,0,0.9806,0,2,0,0.9806,0,2,0,0.9806,0,2,0,0.9806,0,2,0,0.9806,0,2,0
prod,69257267-6075-446e-8098-b8c2e4ab3cca,ear-training,100,0.6,0,0.874043,0.8740,0,2,0,0.5827,1,2,0,0.5827,1,2,0,0.8740,0,2,0,0.5827,1,2,0,0.5827,1,2,0
prod,a4720f72-5b5f-434b-96c9-355cb5e54f0d,ear-training,100,0.6,0,0.96531,0.9653,0,3,0,0.9653,0,3,0,0.9653,0,3,0,0.9653,0,3,0,0.9653,0,3,0,0.9653,0,3,0
prod,faf7edcb-403f-4f61-9b9e-ef5e677db0f0,ear-training,100,0.6,0,0.722458,0.7225,0,3,1,0.5780,1,3,1,0.5780,1,3,1,0.7225,0,3,1,0.5780,1,3,1,0.5780,1,3,1
prod,b9d6f52e-09b1-4284-876d-1393b31a629e,ear-training,100,0.6,0,0.963026,0.9630,0,2,0,0.9630,0,2,0,0.9630,0,2,0,0.9630,0,2,0,0.9630,0,2,0,0.9630,0,2,0
prod,ecabdaa9-c968-4e20-a862-ee9672a17106,ear-training,100,0.6,0,0.986439,0.9864,0,4,0,0.9864,0,4,0,0.9864,0,4,0,0.9864,0,4,0,0.9864,0,4,0,0.9864,0,4,0
prod,21416f77-826d-46f9-b967-0820de71742b,ear-training,100,0.6,0,0.932535,0.9325,0,3,0,0.5595,2,3,0,0.5595,2,3,0,0.9325,0,3,0,0.5595,2,3,0,0.5595,2,3,0
prod,d9fae70f-961e-40f1-b27b-61383bf76e54,ear-training,100,0.6,0,0.95679,0.9568,0,3,0,0.7176,1,3,0,0.9568,0,3,0,0.9568,0,3,0,0.7176,1,3,0,0.9568,0,3,0
prod,4303415b-d590-410c-b919-166019683414,ear-training,100,0.6,0,0.758037,0.7660,0,2,1,0.5745,1,2,1,0.7660,0,2,1,0.7660,0,2,1,0.5745,1,2,1,0.7660,0,2,1
prod,97210bfb-0802-4336-afff-4be32c29c3c1,ear-training,100,0.6,0,0.446762,0.4920,0,1,2,0.2952,2,1,2,0.3690,1,1,2,0.4920,0,1,2,0.2952,2,1,2,0.3690,1,1,2
prod,34d8838b-2434-4dcb-aa05-7542b4737955,ear-training,100,0.6,0,0.990741,0.9907,0,3,0,0.9907,0,3,0,0.9907,0,3,0,0.9907,0,3,0,0.9907,0,3,0,0.9907,0,3,0
prod,9b9ebae1-49a7-463d-bf6b-215ac604099d,ear-training,100,0.6,0,0.800762,0.8008,0,3,1,0.5338,2,3,1,0.5338,2,3,1,0.8008,0,3,1,0.5338,2,3,1,0.5338,2,3,1
prod,1f56ca9a-8373-42b5-b65c-923b73453c43,ear-training,100,0.6,0,0.997638,0.9976,0,2,0,0.9976,0,2,0,0.9976,0,2,0,0.9976,0,2,0,0.9976,0,2,0,0.9976,0,2,0
prod,9550aa6f-eba3-4a15-97cc-22263741312e,ear-training,100,0.6,0,0.988864,0.9889,0,3,0,0.9889,0,3,0,0.9889,0,3,0,0.9889,0,3,0,0.9889,0,3,0,0.9889,0,3,0
prod,8e698b84-5324-4dad-abbe-9f94ea53470b,ear-training,100,0.6,0,0.843638,0.8436,0,3,1,0.8436,0,3,1,0.8436,0,3,1,0.8436,0,3,1,0.8436,0,3,1,0.8436,0,3,1
prod,539c3bc9-5ca1-4001-a613-746b377c4c4b,ear-training,100,0.6,0,0.984568,0.9846,0,3,0,0.9846,0,3,0,0.9846,0,3,0,0.9846,0,3,0,0.9846,0,3,0,0.9846,0,3,0
prod,41d71aff-001d-410b-8e83-7f7fddc1d200,ear-training,100,0.6,0,0.989905,0.9899,0,3,0,0.9899,0,3,0,0.9899,0,3,0,0.9899,0,3,0,0.9899,0,3,0,0.9899,0,3,0
prod,0432e543-cf0a-4154-ae36-19941ac23cfa,ear-training,100,0.6,0,0.979091,0.9791,0,4,0,0.9791,0,4,0,0.9791,0,4,0,0.9791,0,4,0,0.9791,0,4,0,0.9791,0,4,0
prod,c99f2590-9caa-48d9-94b0-98c91629ce26,ear-training,100,0.6,0,0.916667,0.9167,0,3,0,0.5500,2,3,0,0.9167,0,3,0,0.9167,0,3,0,0.5500,2,3,0,0.9167,0,3,0
prod,853e9f5f-7f68-49de-b651-eb412938d033,ear-training,100,0.6,0,0.988426,0.9884,0,4,0,0.7907,1,4,0,0.9884,0,4,0,0.9884,0,4,0,0.7907,1,4,0,0.9884,0,4,0
prod,10d09365-0ec9-4293-b82b-dcf0d6ec91b5,ear-training,100,0.6,0,0.387544,0.3875,0,0,4,0.3875,0,0,4,0.3875,0,0,4,0.3875,0,0,4,0.3875,0,0,4,0.3875,0,0,4
prod,fd8aac5e-89dd-4512-81fb-d1d2c25ed566,ear-training,100,0.6,0,0.941358,0.9414,0,3,0,0.7060,1,3,0,0.9414,0,3,0,0.9414,0,3,0,0.7060,1,3,0,0.9414,0,3,0
prod,c8374274-59f5-414d-9219-f2cdb1dfb328,ear-training,100,0.6,0,0.777358,0.7774,0,2,1,0.7774,0,2,1,0.7774,0,2,1,0.7774,0,2,1,0.7774,0,2,1,0.7774,0,2,1
prod,74031e02-965c-478a-a74d-ec20f7b66ff8,ear-training,100,0.6,0,0.533552,0.5901,0,1,2,0.5901,0,1,2,0.5901,0,1,2,0.5901,0,1,2,0.5901,0,1,2,0.5901,0,1,2
prod,6246e1f2-6e32-434a-9bb9-581c8c63e47f,ear-training,100,0.6,0,0.542026,0.5420,0,1,3,0.5420,0,1,3,0.5420,0,1,3,0.5420,0,1,3,0.5420,0,1,3,0.5420,0,1,3
prod,1a5baf9c-00fc-4518-abe5-55ef27af20c2,ear-training,100,0.6,0,0.519085,0.5191,0,1,3,0.5191,0,1,3,0.5191,0,1,3,0.5191,0,1,3,0.5191,0,1,3,0.5191,0,1,3
prod,d1d45681-0d4a-42b8-8f4e-7bf9048af4fd,ear-training,100,0.6,0,0.910494,0.9105,0,3,0,0.4552,3,3,0,0.6829,1,3,0,0.9105,0,3,0,0.4552,3,3,0,0.6829,1,3,0
prod,ee47673c-0aca-4f73-a30c-e5a503b0c84a,ear-training,100,0.6,0,0.752047,0.7520,0,3,1,0.5014,2,3,1,0.6016,1,3,1,0.7520,0,3,1,0.5014,2,3,1,0.6016,1,3,1
prod,c3bbe5eb-f291-4893-884c-463f4ed45113,ear-training,100,0.6,0,0.993008,0.9930,0,2,0,0.9930,0,2,0,0.9930,0,2,0,0.9930,0,2,0,0.9930,0,2,0,0.9930,0,2,0
prod,5d083429-7dd2-4716-968a-795629ea166f,ear-training,100,0.6,0,0.983648,0.9836,0,2,0,0.9836,0,2,0,0.9836,0,2,0,0.9836,0,2,0,0.9836,0,2,0,0.9836,0,2,0
prod,6a4e7231-ebe9-45b8-92c2-c027af207d43,ear-training,100,0.6,0,0.992887,0.9929,0,3,0,0.9929,0,3,0,0.9929,0,3,0,0.9929,0,3,0,0.9929,0,3,0,0.9929,0,3,0
prod,4da4629d-af88-4fb5-ba9a-68e867b127d4,ear-training,100,0.6,0,0.89474,0.8947,0,2,0,0.8947,0,2,0,0.8947,0,2,0,0.8947,0,2,0,0.8947,0,2,0,0.8947,0,2,0
prod,8e475784-cb0f-4da3-8f32-f6b147ac3b38,ear-training,100,0.6,0,0.98524,0.9852,0,3,0,0.9852,0,3,0,0.9852,0,3,0,0.9852,0,3,0,0.9852,0,3,0,0.9852,0,3,0
prod,fc77ccc9-aa06-4e3c-9829-6a2ec162a0f4,ear-training,100,0.6,0,0.84761,0.8476,0,3,1,0.8476,0,3,1,0.8476,0,3,1,0.8476,0,3,1,0.8476,0,3,1,0.8476,0,3,1
prod,ed2ece9c-861a-415a-a4a6-237bf308d618,ear-training,100,0.6,0,0.978693,0.9787,0,3,0,0.9787,0,3,0,0.9787,0,3,0,0.9787,0,3,0,0.9787,0,3,0,0.9787,0,3,0
prod,41da04ea-4c4c-4371-a3ae-d303a08434fa,ear-training,100,0.6,0,0.379768,0.3798,0,0,3,0.2848,1,0,3,0.2848,1,0,3,0.3798,0,0,3,0.2848,1,0,3,0.2848,1,0,3
prod,3735df51-7a03-4169-887d-9f62df34cc06,ear-training,100,0.6,0,0.465571,0.4661,0,1,5,0.4661,0,1,5,0.4661,0,1,5,0.4661,0,1,5,0.4661,0,1,5,0.4661,0,1,5
prod,79420b89-672f-46d6-8f93-2ae970d8e3d7,ear-training,100,0.6,0,0.370477,0.3789,0,0,6,0.3789,0,0,6,0.3789,0,0,6,0.3732,0,0,6,0.3732,0,0,6,0.3732,0,0,6
prod,1a6461eb-ae1e-49a5-a125-46d9d4c8480e,ear-training,100,0.6,0,0.844067,0.8441,0,2,0,0.4220,2,2,0,0.5627,1,2,0,0.8441,0,2,0,0.4220,2,2,0,0.5627,1,2,0
prod,6e69199c-95eb-44e5-a1ea-e765476566b4,ear-training,100,0.6,0,0.995622,0.9956,0,2,0,0.9956,0,2,0,0.9956,0,2,0,0.9956,0,2,0,0.9956,0,2,0,0.9956,0,2,0
prod,82f461d5-c331-49a0-ac39-04d72628758c,ear-training,100,0.6,0,0.99595,0.9959,0,2,0,0.9959,0,2,0,0.9959,0,2,0,0.9959,0,2,0,0.9959,0,2,0,0.9959,0,2,0
prod,153f48f7-99f1-4745-af36-58a62974e289,ear-training,100,0.6,0,0.337012,0.3370,0,0,2,0.2247,1,0,2,0.2247,1,0,2,0.3370,0,0,2,0.1685,2,0,2,0.1685,2,0,2
prod,5875dc58-ac5a-4ce5-a5b5-9f012e78ca90,ear-training,100,0.6,0,0.569615,0.5696,0,2,0,0.5696,0,2,0,0.5696,0,2,0,0.5696,0,2,0,0.5696,0,2,0,0.5696,0,2,0
prod,28ca4548-7821-4f68-b75e-52f08ecd7ca2,ear-training,100,0.6,0,0.787821,0.7878,0,4,0,0.7878,0,4,0,0.7878,0,4,0,0.7878,0,4,0,0.7878,0,4,0,0.7878,0,4,0
prod,67e21993-cd92-4e0f-8704-4dc2f53b8cba,ear-training,100,0.6,0,0.990222,0.9902,0,6,0,0.9902,0,6,0,0.9902,0,6,0,0.9902,0,6,0,0.9902,0,6,0,0.9902,0,6,0
prod,88601a00-b1ea-440d-8b2e-7aaf5f1934a3,ear-training,100,0.6,0,0.949074,0.9491,0,2,0,0.6327,1,2,0,0.9491,0,2,0,0.9491,0,2,0,0.6327,1,2,0,0.9491,0,2,0
prod,17e42cbd-f3a6-44cb-80ae-e8ca21e48e85,ear-training,100,0.6,0,0.73642,0.7877,0,3,1,0.5251,2,3,1,0.6301,1,3,1,0.7877,0,3,1,0.5251,2,3,1,0.6301,1,3,1
prod,0e2b4e36-9a81-4e01-8cb7-f38ae3b99e85,ear-training,100,0.6,0,0.97984,0.9798,0,3,0,0.9798,0,3,0,0.9798,0,3,0,0.9798,0,3,0,0.9798,0,3,0,0.9798,0,3,0
prod,a2b18b31-9730-477c-a003-7bc39f459ff8,ear-training,100,0.6,0,0.803544,0.8190,0,5,0,0.8190,0,5,0,0.8190,0,5,0,0.8190,0,5,0,0.8190,0,5,0,0.8190,0,5,0
prod,9793e6d1-af08-40a9-95a3-43bfb56194fb,ear-training,100,0.6,0,0.657825,0.6578,0,3,3,0.6578,0,3,3,0.6578,0,3,3,0.6578,0,3,3,0.6578,0,3,3,0.6578,0,3,3
prod,47351e1f-cb80-40b2-93f7-f2f25d8cc40a,ear-training,100,0.6,0,0.987748,0.9877,0,5,0,0.9877,0,5,0,0.9877,0,5,0,0.9877,0,5,0,0.9877,0,5,0,0.9877,0,5,0
prod,774c27d9-7988-4aec-96ec-5a9985062733,ear-training,100,0.6,0,0.924398,0.9244,0,4,0,0.6163,2,4,0,0.7395,1,4,0,0.9244,0,4,0,0.6163,2,4,0,0.7395,1,4,0
prod,d5c1cba8-a1e4-4119-9e87-b171beab8710,ear-training,100,0.6,0,0.968846,0.9688,0,2,0,0.9688,0,2,0,0.9688,0,2,0,0.9688,0,2,0,0.9688,0,2,0,0.9688,0,2,0
prod,9efb710f-6c56-4a24-a6c7-78f330faa4ad,ear-training,100,0.6,0,0.953704,0.9537,0,2,0,0.9537,0,2,0,0.9537,0,2,0,0.9537,0,2,0,0.9537,0,2,0,0.9537,0,2,0
prod,2c361091-f05a-430c-94de-30afd87741d7,ear-training,100,0.6,0,0.765432,0.7096,0,4,2,0.7096,0,4,2,0.7096,0,4,2,0.7870,0,5,0,0.7870,0,5,0,0.7870,0,5,0
prod,faed1ff1-9c57-404a-9125-9ad3cd4dc1a0,ear-training,100,0.6,0,0.991358,0.9914,0,3,0,0.9914,0,3,0,0.9914,0,3,0,0.9914,0,3,0,0.9914,0,3,0,0.9914,0,3,0
prod,8d3b69f7-5812-4b38-aa95-178cc1910998,ear-training,100,0.6,0,0.94852,0.9485,0,2,0,0.6323,1,2,0,0.6323,1,2,0,0.9485,0,2,0,0.6323,1,2,0,0.6323,1,2,0
prod,41d92dd2-e294-46aa-bfe6-18f09af3223b,ear-training,100,0.6,0,0.777541,0.7775,0,4,0,0.7775,0,4,0,0.7775,0,4,0,0.7775,0,4,0,0.7775,0,4,0,0.7775,0,4,0
prod,53540db6-51f1-4bc9-8fd2-08e6b57c80ae,ear-training,100,0.6,0,0.755923,0.7856,0,4,0,0.7856,0,4,0,0.7856,0,4,0,0.7856,0,4,0,0.7856,0,4,0,0.7856,0,4,0
prod,9986a190-5926-425e-ab98-6627c5d3ac3d,ear-training,100,0.6,0,0.988246,0.9882,0,4,0,0.9882,0,4,0,0.9882,0,4,0,0.9882,0,4,0,0.9882,0,4,0,0.9882,0,4,0
prod,0f57da64-7bbb-4042-b6fa-4b02b7e506a8,ear-training,100,0.6,0,0.981948,0.9819,0,3,0,0.9819,0,3,0,0.9819,0,3,0,0.9819,0,3,0,0.9819,0,3,0,0.9819,0,3,0
prod,1fe705fa-36cd-4355-99c7-6d6e8e138d31,ear-training,100,0.6,0,0.991994,0.9920,0,2,0,0.9920,0,2,0,0.9920,0,2,0,0.9920,0,2,0,0.9920,0,2,0,0.9920,0,2,0
prod,5cfa19b5-2363-415e-b630-49cb27233d10,ear-training,100,0.6,0,0.793827,0.7938,0,2,1,0.7938,0,2,1,0.7938,0,2,1,0.7938,0,2,1,0.7938,0,2,1,0.7938,0,2,1
prod,5a0d5eb6-8618-42ff-9d90-df9137337e39,ear-training,100,0.6,0,0.986439,0.9864,0,4,0,0.9864,0,4,0,0.9864,0,4,0,0.9864,0,4,0,0.9864,0,4,0,0.9864,0,4,0
prod,4551c9ae-065f-4e1f-b11c-b4f4556aefc6,ear-training,100,0.6,0,0.992992,0.9930,0,3,0,0.9930,0,3,0,0.9930,0,3,0,0.9930,0,3,0,0.9930,0,3,0,0.9930,0,3,0
prod,5696acf6-bd2d-49d6-bc4f-0e37755860e3,ear-training,100,0.6,0,0.962963,0.9630,0,4,0,0.7704,1,4,0,0.9630,0,4,0,0.9630,0,4,0,0.7704,1,4,0,0.9630,0,4,0
prod,64637a6c-4e0a-4487-a0fc-b779f617ec82,ear-training,100,0.6,0,0.961379,0.9614,0,4,0,0.7691,1,4,0,0.7691,1,4,0,0.9614,0,4,0,0.7691,1,4,0,0.7691,1,4,0
prod,1666458d-557f-4d99-b864-698171153cc1,ear-training,100,0.6,0,0.986281,0.9863,0,3,0,0.9863,0,3,0,0.9863,0,3,0,0.9863,0,3,0,0.9863,0,3,0,0.9863,0,3,0
prod,09ae7633-a535-4133-8ff4-52f8a97cdf72,ear-training,100,0.6,0,0.990964,0.9910,0,4,0,0.9910,0,4,0,0.9910,0,4,0,0.9910,0,4,0,0.9910,0,4,0,0.9910,0,4,0
prod,54fa0edb-7c6a-4740-9381-08ae77f54f7c,ear-training,100,0.6,0,0.763513,0.7635,0,2,1,0.5726,1,2,1,0.5726,1,2,1,0.7635,0,2,1,0.5726,1,2,1,0.5726,1,2,1
prod,28c52c45-fcef-4ef4-b3a8-b0911ba70bd0,ear-training,100,0.6,0,0.989905,0.9899,0,3,0,0.9899,0,3,0,0.9899,0,3,0,0.9899,0,3,0,0.9899,0,3,0,0.9899,0,3,0
prod,3213f2b4-82be-4415-bcb5-9fa9c24e7fce,ear-training,100,0.6,0,0.987167,0.9872,0,3,0,0.9872,0,3,0,0.9872,0,3,0,0.9872,0,3,0,0.9872,0,3,0,0.9872,0,3,0
prod,88e33b1c-861e-441a-91b6-81dc34d2cbec,ear-training,100,0.6,0,0.993189,0.9932,0,3,0,0.9932,0,3,0,0.9932,0,3,0,0.9932,0,3,0,0.9932,0,3,0,0.9932,0,3,0
prod,7e15a5cd-f444-4e8e-95cb-4318b50cefb3,ear-training,100,0.6,0,0.99085,0.9908,0,3,0,0.9908,0,3,0,0.9908,0,3,0,0.9908,0,3,0,0.9908,0,3,0,0.9908,0,3,0
prod,1455c5f0-7c46-48f8-a208-d050b4ddb878,ear-training,100,0.6,0,0.988753,0.9888,0,4,0,0.9888,0,4,0,0.9888,0,4,0,0.9888,0,4,0,0.9888,0,4,0,0.9888,0,4,0
prod,48bf9322-4b07-4277-ac92-87eef63c8075,ear-training,100,0.6,0,0.684423,0.6844,0,2,2,0.6844,0,2,2,0.6844,0,2,2,0.6844,0,2,2,0.6844,0,2,2,0.6844,0,2,2
prod,01654232-78b8-410d-ae0b-1c0c3978405f,ear-training,100,0.6,0,0.695997,0.6960,0,2,2,0.6960,0,2,2,0.6960,0,2,2,0.6960,0,2,2,0.6960,0,2,2,0.6960,0,2,2
prod,bb6822df-92cf-40f9-8653-5a17d483baa5,ear-training,100,0.6,0,0.979466,0.9920,0,3,0,0.9920,0,3,0,0.9920,0,3,0,0.9920,0,3,0,0.9920,0,3,0,0.9920,0,3,0
prod,b5d72d75-7583-455f-8569-06726922b120,ear-training,100,0.6,0,0.930789,0.9308,0,2,0,0.9308,0,2,0,0.9308,0,2,0,0.9308,0,2,0,0.9308,0,2,0,0.9308,0,2,0
prod,e4ef37ed-d664-481d-856c-db1f1ddb4bcf,ear-training,100,0.6,0,0.996527,0.9965,0,3,0,0.9965,0,3,0,0.9965,0,3,0,0.9965,0,3,0,0.9965,0,3,0,0.9965,0,3,0
prod,a7af0e5a-e036-4fa5-997e-fb95fc424037,ear-training,100,0.6,0,0.498597,0.4986,0,1,2,0.3739,1,1,2,0.3739,1,1,2,0.4986,0,1,2,0.3739,1,1,2,0.3739,1,1,2
prod,7cfe737f-ba69-40e6-ad7f-6cde4d6e78af,ear-training,100,0.6,0,0.504321,0.5321,0,1,2,0.3193,2,1,2,0.3991,1,1,2,0.5321,0,1,2,0.3193,2,1,2,0.3991,1,1,2
prod,f916555f-b581-461c-ae17-2ea911bf4280,ear-training,100,0.6,0,0.347424,0.3474,0,1,1,0.3474,0,1,1,0.3474,0,1,1,0.3474,0,1,1,0.3474,0,1,1,0.3474,0,1,1
prod,c9ca071b-ae93-40b9-8412-428cc1a593f0,ear-training,100,0.6,0,0.498205,0.6274,0,2,2,0.6274,0,2,2,0.6274,0,2,2,0.6274,0,2,2,0.5019,1,2,2,0.5019,1,2,2
prod,f8479fd2-3bef-44c7-994f-7698a26ac4ca,ear-training,100,0.6,0,0.973476,0.9735,0,2,0,0.9735,0,2,0,0.9735,0,2,0,0.9735,0,2,0,0.9735,0,2,0,0.9735,0,2,0
prod,5921a0dc-2879-4751-a1b6-aabb3d322bbf,ear-training,100,0.6,0,0.987654,0.9877,0,3,0,0.9877,0,3,0,0.9877,0,3,0,0.9877,0,3,0,0.9877,0,3,0,0.9877,0,3,0
prod,8993a1fa-4cfe-4d08-b08d-33cfd08302e2,ear-training,100,0.6,0,0.462626,0.6392,0,2,2,0.5114,1,2,2,0.5114,1,2,2,0.6392,0,2,2,0.5114,1,2,2,0.5114,1,2,2
prod,0c3b3bf8-1a6e-4a5a-b082-4b9a62756133,ear-training,100,0.6,0,0.648044,0.6480,0,2,2,0.5184,1,2,2,0.5184,1,2,2,0.6480,0,2,2,0.5184,1,2,2,0.5184,1,2,2
prod,4ee75631-53ec-437f-97df-61244aec3503,ear-training,100,0.6,0,0.973196,0.9732,0,3,0,0.9732,0,3,0,0.9732,0,3,0,0.9732,0,3,0,0.9732,0,3,0,0.9732,0,3,0
prod,5536b6bd-44ee-4b7a-9355-cdeae249e459,ear-training,100,0.6,0,0.301235,0.3012,0,0,3,0.1506,3,0,3,0.1506,3,0,3,0.3012,0,0,3,0.1506,3,0,3,0.1506,3,0,3
prod,3f9e26f4-f49f-4961-98df-a77c77758fd5,ear-training,100,0.6,0,0.965193,0.9652,0,4,0,0.9652,0,4,0,0.9652,0,4,0,0.9652,0,4,0,0.9652,0,4,0,0.9652,0,4,0
prod,4aed1950-7f59-45a4-bb7a-bf792ca555e9,ear-training,100,0.6,0,0.562596,0.5626,0,2,5,0.5626,0,2,5,0.5626,0,2,5,0.5626,0,2,5,0.5626,0,2,5,0.5626,0,2,5
prod,28954da9-667c-4b10-bd5d-5dc392a2196e,ear-training,100,0.6,0,0.478238,0.4782,0,1,6,0.4782,0,1,6,0.4782,0,1,6,0.4782,0,1,6,0.4782,0,1,6,0.4782,0,1,6
prod,fd9057d6-6cf8-49bd-80e8-5437ef0376ee,ear-training,100,0.6,0,0.985777,0.9858,0,3,0,0.9858,0,3,0,0.9858,0,3,0,0.9858,0,3,0,0.9858,0,3,0,0.9858,0,3,0
prod,979c1ef2-6ced-49d0-a2b1-66e9623c225e,ear-training,100,0.6,0,0.984518,0.9845,0,3,0,0.9845,0,3,0,0.9845,0,3,0,0.9845,0,3,0,0.9845,0,3,0,0.9845,0,3,0
prod,e3428342-fe81-4c8c-a84f-56ccebe16ab9,ear-training,100,0.6,0,0.93225,0.9322,0,2,0,0.4661,2,2,0,0.4661,2,2,0,0.9322,0,2,0,0.4661,2,2,0,0.4661,2,2,0
prod,ea7f9aba-4aec-453a-a291-3ed6a3a8c2c9,ear-training,100,0.6,0,0.991917,0.9919,0,3,0,0.9919,0,3,0,0.9919,0,3,0,0.9919,0,3,0,0.9919,0,3,0,0.9919,0,3,0
prod,dcdd716f-c76c-4ea7-a2db-a78e033166ef,ear-training,100,0.6,0,0.97963,0.9796,0,3,0,0.9796,0,3,0,0.9796,0,3,0,0.9796,0,3,0,0.9796,0,3,0,0.9796,0,3,0
prod,60e3c51f-8e72-4d11-a868-41466cb845f8,ear-training,100,0.6,0,0.991967,0.9920,0,3,0,0.9920,0,3,0,0.9920,0,3,0,0.9920,0,3,0,0.9920,0,3,0,0.9920,0,3,0
prod,3eff31d5-89a3-4ac9-b1f8-d40043ccbac6,ear-training,100,0.6,0,0.981828,0.9818,0,2,0,0.9818,0,2,0,0.9818,0,2,0,0.9818,0,2,0,0.9818,0,2,0,0.9818,0,2,0
prod,cd4d6664-08df-4c05-89d4-150599ac8aec,ear-training,100,0.6,0,0.992325,0.9923,0,4,0,0.9923,0,4,0,0.9923,0,4,0,0.9923,0,4,0,0.9923,0,4,0,0.9923,0,4,0
prod,4a0d9c05-063c-4735-9797-0e6a04c562fc,ear-training,100,0.6,0,0.988679,0.9887,0,3,0,0.9887,0,3,0,0.9887,0,3,0,0.9887,0,3,0,0.9887,0,3,0,0.9887,0,3,0
prod,9be5c00f-d6e4-4a73-aa7a-dfdad0841b85,ear-training,100,0.6,0,0.985941,0.9859,0,3,0,0.9859,0,3,0,0.9859,0,3,0,0.9859,0,3,0,0.9859,0,3,0,0.9859,0,3,0
prod,366cf849-40aa-4a61-894b-247d5b8cb082,ear-training,100,0.6,0,0.990741,0.9907,0,3,0,0.9907,0,3,0,0.9907,0,3,0,0.9907,0,3,0,0.9907,0,3,0,0.9907,0,3,0
prod,5859a066-f7ec-4f43-ba87-2ba2761d3dc9,ear-training,100,0.6,0,0.983627,0.9836,0,3,0,0.9836,0,3,0,0.9836,0,3,0,0.9836,0,3,0,0.9836,0,3,0,0.9836,0,3,0
prod,ba317115-af92-4d83-b090-0c3917a50b3e,ear-training,100,0.6,0,0.986473,0.9865,0,4,0,0.9865,0,4,0,0.9865,0,4,0,0.9865,0,4,0,0.9865,0,4,0,0.9865,0,4,0
prod,efafe8d0-b560-4e03-9a2b-bb6c4865331b,ear-training,100,0.6,0,0.978349,0.9783,0,3,0,0.9783,0,3,0,0.9783,0,3,0,0.9783,0,3,0,0.9783,0,3,0,0.9783,0,3,0
prod,15b6bab9-091c-441a-8785-c9d665fec894,ear-training,100,0.6,0,0.925926,0.9259,0,2,0,0.4630,2,2,0,0.9259,0,2,0,0.9259,0,2,0,0.4630,2,2,0,0.9259,0,2,0
prod,431dafc6-96c9-46bd-8440-f452abb3ebbc,ear-training,100,0.6,0,0.488631,0.4886,0,1,1,0.2443,2,1,1,0.2443,2,1,1,0.4886,0,1,1,0.2443,2,1,1,0.2443,2,1,1
prod,2ab92530-35e1-4f70-8ef6-2e4654051e04,ear-training,100,0.6,0,0.996914,0.9969,0,3,0,0.9969,0,3,0,0.9969,0,3,0,0.9969,0,3,0,0.9969,0,3,0,0.9969,0,3,0
prod,07d1f558-d138-40e5-b6fd-fc1992d260df,ear-training,100,0.6,0,0.807501,0.8075,0,6,0,0.8075,0,6,0,0.8075,0,6,0,0.8075,0,6,0,0.8075,0,6,0,0.8075,0,6,0
prod,c3f9de2d-d13b-4f8b-8b3a-8285e970fb76,ear-training,100,0.6,0,0.518475,0.7172,0,5,1,0.6275,1,5,1,0.7172,0,5,1,0.7172,0,5,1,0.6275,1,5,1,0.7172,0,5,1
prod,f26cb8f0-332f-429a-b5bf-2d7999231d4d,ear-training,100,0.6,0,0.826357,0.8264,0,3,1,0.4132,4,3,1,0.4722,3,3,1,0.8027,0,3,1,0.4014,4,3,1,0.4587,3,3,1
prod,cce6b126-2661-4f9b-a76f-10dab0b089f1,ear-training,100,0.6,0,0.661021,0.6119,0,3,3,0.5245,1,3,3,0.5245,1,3,3,0.6119,0,3,3,0.5245,1,3,3,0.5245,1,3,3
prod,436dc07a-409b-4981-a7f6-32b6ef7e7d5f,ear-training,100,0.6,0,0.571454,0.5239,0,2,3,0.5239,0,2,3,0.5239,0,2,3,0.5239,0,2,3,0.5239,0,2,3,0.5239,0,2,3
prod,f54be6c3-16a0-44f8-829e-505657ffedb8,ear-training,100,0.6,0,0.644907,0.5306,0,1,3,0.5306,0,1,3,0.5306,0,1,3,0.5306,0,1,3,0.5306,0,1,3,0.5306,0,1,3
prod,cf63cc32-a31d-465b-8719-7260c7e0bd0f,ear-training,100,0.6,0,0.586098,0.5861,0,2,2,0.5861,0,2,2,0.5861,0,2,2,0.5861,0,2,2,0.5861,0,2,2,0.5861,0,2,2
prod,9454bfac-d585-4635-b183-01a6461e6e0d,ear-training,100,0.6,0,0.990741,0.9907,0,3,0,0.9907,0,3,0,0.9907,0,3,0,0.9907,0,3,0,0.9907,0,3,0,0.9907,0,3,0
prod,ae4266ee-e2f1-49a0-8000-625dc395105f,ear-training,100,0.6,0,0.770971,0.7784,0,2,1,0.4670,2,2,1,0.4670,2,2,1,0.7784,0,2,1,0.4670,2,2,1,0.4670,2,2,1
prod,5351aeac-c01e-4698-a2aa-7b761f2e11e2,ear-training,100,0.6,0,0.972617,0.9726,0,3,0,0.9726,0,3,0,0.9726,0,3,0,0.9726,0,3,0,0.9726,0,3,0,0.9726,0,3,0
prod,985ea8eb-cb12-462c-9d16-e7e56cabe82e,ear-training,100,0.6,0,0.557995,0.5580,0,2,4,0.5580,0,2,4,0.5580,0,2,4,0.5580,0,2,4,0.5580,0,2,4,0.5580,0,2,4
prod,4563421d-27aa-4f10-80a0-481dc9d31a3b,ear-training,100,0.6,0,0.617845,0.6178,0,3,2,0.6178,0,3,2,0.6178,0,3,2,0.6178,0,3,2,0.6178,0,3,2,0.6178,0,3,2
prod,d2ba25af-1b1e-4654-90e7-708236b55524,ear-training,100,0.6,0,0.637129,0.6371,0,3,3,0.6371,0,3,3,0.6371,0,3,3,0.6371,0,3,3,0.6371,0,3,3,0.6371,0,3,3
prod,c616f716-56ff-4fc4-a0ae-de19f59dc340,ear-training,100,0.6,0,0.595503,0.6212,0,3,2,0.6212,0,3,2,0.6212,0,3,2,0.6212,0,3,2,0.6212,0,3,2,0.6212,0,3,2
prod,71920293-e8bd-413a-95df-628853228c3c,ear-training,100,0.6,0,0.663028,0.6733,0,9,5,0.6733,0,9,5,0.6733,0,9,5,0.6733,0,9,5,0.6733,0,9,5,0.6733,0,9,5
prod,aea59e8b-9dbd-43ec-bdbe-ce1e60706130,ear-training,100,0.6,0,0.424472,0.5928,0,7,8,0.5928,0,7,8,0.5928,0,7,8,0.5928,0,7,8,0.5928,0,7,8,0.5928,0,7,8
prod,0bed6490-dda3-44f3-aae2-55ea4e116264,ear-training,100,0.6,0,0.791591,0.7916,0,4,2,0.7916,0,4,2,0.7916,0,4,2,0.7916,0,4,2,0.7916,0,4,2,0.7916,0,4,2
prod,db25dda7-f7c4-4d01-8ca2-45118b8bce6e,ear-training,100,0.6,0,0.687875,0.6879,0,3,3,0.6879,0,3,3,0.6879,0,3,3,0.6879,0,3,3,0.6879,0,3,3,0.6879,0,3,3
prod,ceeab7d8-b61b-4e63-9a7c-ecf10d3ec21f,ear-training,100,0.6,0,0.723467,0.7388,0,4,2,0.6333,1,4,2,0.7388,0,4,2,0.7388,0,4,2,0.6333,1,4,2,0.7388,0,4,2
prod,7b56709e-57fd-4083-8b5c-4f81a5b97d39,ear-training,100,0.6,0,0.993827,0.9938,0,3,0,0.9938,0,3,0,0.9938,0,3,0,0.9938,0,3,0,0.9938,0,3,0,0.9938,0,3,0
prod,d962a8bc-a175-4042-b42e-645cc7527c87,ear-training,100,0.6,0,0.521363,0.5214,0,7,6,0.5214,0,7,6,0.5214,0,7,6,0.5214,0,7,6,0.5214,0,7,6,0.5214,0,7,6
prod,22d4afb6-f608-48d5-847e-b9b89ccd433f,ear-training,100,0.6,0,0.692427,0.6924,0,3,3,0.6924,0,3,3,0.6924,0,3,3,0.6924,0,3,3,0.6924,0,3,3,0.6924,0,3,3
prod,07be54f8-b180-493e-9f6c-d1ae138a2ced,ear-training,100,0.6,0,0.491152,0.4912,0,1,5,0.4912,0,1,5,0.4912,0,1,5,0.4912,0,1,5,0.4912,0,1,5,0.4912,0,1,5
prod,8e08dd46-402c-4974-905c-c5ccb3cfa43a,ear-training,100,0.6,0,0.833025,0.8330,0,5,1,0.5553,3,5,1,0.8330,0,5,1,0.8330,0,5,1,0.5553,3,5,1,0.8330,0,5,1
prod,08b41754-0a70-4db2-bc76-df23ac68ac81,ear-training,100,0.6,0,0.993827,0.9938,0,3,0,0.9938,0,3,0,0.9938,0,3,0,0.9938,0,3,0,0.9938,0,3,0,0.9938,0,3,0
prod,10428f97-1ad0-4635-8af5-83c10e7b9cca,ear-training,100,0.6,0,0.489435,0.5938,0,1,2,0.4454,1,1,2,0.5938,0,1,2,0.5938,0,1,2,0.4454,1,1,2,0.5938,0,1,2
prod,0a4407ff-8f4c-479a-9852-830b9e15f289,ear-training,100,0.6,0,0.697473,0.6975,0,6,2,0.6975,0,6,2,0.6975,0,6,2,0.6975,0,6,2,0.6975,0,6,2,0.6975,0,6,2
prod,fe75f93c-c298-4347-ac04-62a6157800f9,ear-training,100,0.6,0,0.958333,0.9583,0,2,0,0.6389,1,2,0,0.9583,0,2,0,0.9583,0,2,0,0.6389,1,2,0,0.9583,0,2,0
prod,793cdbc2-f4c9-4229-bca6-5d564008d8f1,ear-training,100,0.6,0,0.958333,0.9583,0,4,0,0.7667,1,4,0,0.9583,0,4,0,0.9583,0,4,0,0.7667,1,4,0,0.9583,0,4,0
prod,7933a014-f618-44e1-87c6-b2b66a0ca343,ear-training,100,0.6,0,0.981929,0.9819,0,2,0,0.9819,0,2,0,0.9819,0,2,0,0.9819,0,2,0,0.9819,0,2,0,0.9819,0,2,0
prod,09e82a2b-5693-4b87-b574-137847cf749e,ear-training,100,0.6,0,0.947531,0.9610,0,3,0,0.9610,0,3,0,0.9610,0,3,0,0.9610,0,3,0,0.9610,0,3,0,0.9610,0,3,0
prod,b6ffb8ee-10f0-4e38-b997-aac8d76ebd9d,ear-training,100,0.6,0,0.826231,0.8262,0,3,1,0.6610,1,3,1,0.6610,1,3,1,0.8166,0,3,1,0.6533,1,3,1,0.6533,1,3,1
prod,00ef9f3e-e286-4b8b-8c0f-0f975ca19edf,ear-training,100,0.6,0,0.988242,0.9882,0,6,0,0.9882,0,6,0,0.9882,0,6,0,0.9882,0,6,0,0.9882,0,6,0,0.9882,0,6,0
prod,f23f3cce-e829-4059-9022-937d18eaf2df,ear-training,100,0.6,0,0.396746,0.3967,0,1,4,0.3401,1,1,4,0.3401,1,1,4,0.3967,0,1,4,0.3401,1,1,4,0.3401,1,1,4
prod,fbf6cd0b-e797-4084-88ce-a1445fed5536,ear-training,100,0.6,0,0.855481,0.8555,0,8,0,0.8555,0,8,0,0.8555,0,8,0,0.8555,0,8,0,0.8555,0,8,0,0.8555,0,8,0
prod,a4882f01-60e7-4e5a-ad29-091a4d654e2e,ear-training,100,0.6,0,0.986558,0.9866,0,2,0,0.9866,0,2,0,0.9866,0,2,0,0.9866,0,2,0,0.9866,0,2,0,0.9866,0,2,0
prod,dcf2e936-759c-4054-9300-618812c2c69b,ear-training,100,0.6,0,0.728395,0.9960,0,3,0,0.9960,0,3,0,0.9960,0,3,0,0.9960,0,3,0,0.9960,0,3,0,0.9960,0,3,0
prod,98166eec-9a14-4086-8c3d-22042daf3c49,ear-training,100,0.6,0,0.884182,0.8842,0,8,1,0.8842,0,8,1,0.8842,0,8,1,0.8842,0,8,1,0.8842,0,8,1,0.8842,0,8,1
prod,a739daea-353d-4d90-b219-912732d83c04,ear-training,100,0.6,0,0.959893,0.9599,0,3,0,0.9599,0,3,0,0.9599,0,3,0,0.9599,0,3,0,0.9599,0,3,0,0.9599,0,3,0
prod,29a514a3-a393-40f3-afc5-dfb8bece94e4,ear-training,100,0.6,0,0.980814,0.9808,0,9,0,0.8827,1,9,0,0.8827,1,9,0,0.9808,0,9,0,0.8827,1,9,0,0.8827,1,9,0
prod,b7cc2fe8-d67a-450c-8c06-9177a22ab36f,ear-training,100,0.6,0,0.72535,0.8082,0,3,1,0.5388,2,3,1,0.5388,2,3,1,0.8082,0,3,1,0.5388,2,3,1,0.5388,2,3,1
prod,6cd393dd-320f-4852-baa5-034921dc0e4d,ear-training,100,0.6,0,0.884541,0.8845,0,5,1,0.8845,0,5,1,0.8845,0,5,1,0.8845,0,5,1,0.8845,0,5,1,0.8845,0,5,1
prod,7a958560-4811-4732-92f2-9152983479f5,ear-training,100,0.6,0,0.92963,0.9296,0,5,0,0.6640,2,5,0,0.6640,2,5,0,0.9296,0,5,0,0.6640,2,5,0,0.6640,2,5,0
prod,0006cffb-0bac-47e7-87f3-49ebd8c0e8d1,ear-training,100,0.6,0,0.727879,0.7279,0,3,0,0.7279,0,3,0,0.7279,0,3,0,0.7279,0,3,0,0.7279,0,3,0,0.7279,0,3,0
prod,12ed73d6-5949-4b25-b638-722bf6ef9ecf,ear-training,100,0.6,0,0.973684,0.9737,0,2,0,0.9737,0,2,0,0.9737,0,2,0,0.9737,0,2,0,0.9737,0,2,0,0.9737,0,2,0
prod,38474660-9bbc-4d16-82db-60379a6432c7,ear-training,100,0.6,0,0.982565,0.9826,0,4,0,0.9826,0,4,0,0.9826,0,4,0,0.9826,0,4,0,0.9826,0,4,0,0.9826,0,4,0
prod,a47f4bc8-32bd-4ba6-af0a-8c14d3b10b40,ear-training,100,0.6,0,0.989856,0.9899,0,4,0,0.9899,0,4,0,0.9899,0,4,0,0.9899,0,4,0,0.9899,0,4,0,0.9899,0,4,0
prod,9b0757f5-2f56-4b8d-b79c-6b56c96f722c,ear-training,100,0.6,0,0.962324,0.9623,0,4,0,0.9623,0,4,0,0.9623,0,4,0,0.9623,0,4,0,0.9623,0,4,0,0.9623,0,4,0
prod,20c06030-0782-48cf-8f43-e669af1e49fc,ear-training,100,0.6,0,0.987789,0.9878,0,3,0,0.9878,0,3,0,0.9878,0,3,0,0.9878,0,3,0,0.9878,0,3,0,0.9878,0,3,0
prod,a966cd09-3257-45b5-be66-370339431e9f,ear-training,100,0.6,0,0.977492,0.9775,0,3,0,0.9775,0,3,0,0.9775,0,3,0,0.9775,0,3,0,0.9775,0,3,0,0.9775,0,3,0
prod,ea3a0c8c-cb04-4ba8-b02b-17d377f5e1fb,ear-training,100,0.6,0,0.969564,0.9696,0,3,0,0.9696,0,3,0,0.9696,0,3,0,0.9696,0,3,0,0.9696,0,3,0,0.9696,0,3,0
prod,85fcdd56-03eb-4efc-9a12-1694d183d965,ear-training,100,0.6,0,0.992958,0.9930,0,3,0,0.9930,0,3,0,0.9930,0,3,0,0.9930,0,3,0,0.9930,0,3,0,0.9930,0,3,0
prod,33680898-09cf-41df-8723-95a5f65099dd,ear-training,100,0.6,0,0.980306,0.9803,0,3,0,0.9803,0,3,0,0.9803,0,3,0,0.9803,0,3,0,0.9803,0,3,0,0.9803,0,3,0
prod,ded622bb-4cf0-4678-ac57-20d175a43630,ear-training,100,0.6,0,0.503309,0.7856,0,2,1,0.5892,1,2,1,0.7856,0,2,1,0.7856,0,2,1,0.5892,1,2,1,0.7856,0,2,1
prod,56018b4e-a975-44bf-b4c1-7baf5c8ff964,ear-training,100,0.6,0,0.950917,0.9509,0,5,0,0.7924,1,5,0,0.7924,1,5,0,0.9509,0,5,0,0.7924,1,5,0,0.7924,1,5,0
prod,f7d16be0-4551-4d7d-ad38-956d4c03fe86,ear-training,100,0.6,0,0.83989,0.8238,0,3,1,0.6590,1,3,1,0.8238,0,3,1,0.8238,0,3,1,0.6590,1,3,1,0.8238,0,3,1
prod,26e19e9b-cda6-4fda-9f59-98dafdd48bc3,ear-training,100,0.6,0,0.687922,0.6879,0,2,2,0.6879,0,2,2,0.6879,0,2,2,0.6879,0,2,2,0.6879,0,2,2,0.6879,0,2,2
prod,e653e4ce-df10-4a86-ab4b-5e3ff7ac862e,ear-training,100,0.6,0,0.998677,0.9987,0,2,0,0.9987,0,2,0,0.9987,0,2,0,0.9832,0,2,0,0.9832,0,2,0,0.9832,0,2,0
prod,e1bf6dc0-c48b-4cba-9b95-bb0eafaa6add,ear-training,100,0.6,0,0.994885,0.9949,0,5,0,0.9949,0,5,0,0.9949,0,5,0,0.9949,0,5,0,0.9949,0,5,0,0.9949,0,5,0
prod,aa1aaa2f-5ab9-4078-9557-79d470b4d4ce,ear-training,100,0.6,0,0.99194,0.9919,0,5,0,0.9919,0,5,0,0.9919,0,5,0,0.9919,0,5,0,0.9919,0,5,0,0.9919,0,5,0
prod,2909e62a-dfee-4cab-81ef-6351b126fcb7,ear-training,100,0.6,0,0.970459,0.9705,0,2,0,0.9705,0,2,0,0.9705,0,2,0,0.9439,0,2,0,0.9439,0,2,0,0.9439,0,2,0
prod,7a1a4335-c310-4e80-896c-5cf5bd866b4a,ear-training,100,0.6,0,0.713228,0.7273,0,2,1,0.7273,0,2,1,0.7273,0,2,1,0.7273,0,2,1,0.7273,0,2,1,0.7273,0,2,1
prod,31f4affd-705e-40ef-9962-e65bb1170466,ear-training,100,0.6,0,0.770679,0.7707,0,4,2,0.7707,0,4,2,0.7707,0,4,2,0.7707,0,4,2,0.7707,0,4,2,0.7707,0,4,2
prod,3bb200b9-1882-4888-8ae0-e6a341780a8f,ear-training,100,0.6,0,0.626304,0.6772,0,3,3,0.6772,0,3,3,0.6772,0,3,3,0.6772,0,3,3,0.6772,0,3,3,0.6772,0,3,3
prod,c6f0c0b1-855f-4d6c-9f1c-71976fdf0b0c,ear-training,100,0.6,0,0.971454,0.9715,0,4,0,0.9715,0,4,0,0.9715,0,4,0,0.9715,0,4,0,0.9715,0,4,0,0.9715,0,4,0
prod,e6071fbf-bd1e-44a8-b769-7651b6548ed6,ear-training,100,0.6,0,0.98824,0.9882,0,4,0,0.9882,0,4,0,0.9882,0,4,0,0.9882,0,4,0,0.9882,0,4,0,0.9882,0,4,0
prod,505e820d-9c55-4da6-9c87-efe4f8d0d84a,ear-training,100,0.6,0,0.607836,0.6855,0,2,2,0.5484,1,2,2,0.6855,0,2,2,0.6855,0,2,2,0.5484,1,2,2,0.6855,0,2,2
prod,746c7f15-d21f-4380-9b37-d7f0c24505ff,ear-training,100,0.6,0,0.852385,0.8524,0,8,0,0.8524,0,8,0,0.8524,0,8,0,0.8524,0,8,0,0.8524,0,8,0,0.8524,0,8,0
prod,99a1c228-9045-4269-bbf3-d0c1fefc1fb8,ear-training,100,0.6,0,0.938272,0.9383,0,3,0,0.7037,1,3,0,0.7037,1,3,0,0.9383,0,3,0,0.7037,1,3,0,0.7037,1,3,0
prod,d53cc2f9-3951-466c-8951-e7a0e85760cd,ear-training,100,0.6,0,0.923394,0.8427,0,3,1,0.6742,1,3,1,0.8427,0,3,1,0.8427,0,3,1,0.6742,1,3,1,0.8427,0,3,1
prod,418ab920-e773-402e-9e72-1cca32301bfb,ear-training,100,0.6,0,0.989859,0.9899,0,4,0,0.9899,0,4,0,0.9899,0,4,0,0.9899,0,4,0,0.9899,0,4,0,0.9899,0,4,0
prod,45dce890-2c1d-4087-8e4a-1e35bc8bb664,ear-training,100,0.6,0,0.983883,0.9839,0,5,0,0.9839,0,5,0,0.9839,0,5,0,0.9839,0,5,0,0.9839,0,5,0,0.9839,0,5,0
prod,11a6fe81-6d43-4d49-b23a-99514b726d6c,ear-training,100,0.6,0,0.987092,0.9871,0,5,0,0.9871,0,5,0,0.9871,0,5,0,0.9871,0,5,0,0.9871,0,5,0,0.9871,0,5,0
prod,94ab0149-e281-479e-a7ce-2f941bf29784,ear-training,100,0.6,0,0.848035,0.8480,0,6,1,0.8480,0,6,1,0.8480,0,6,1,0.8480,0,6,1,0.8480,0,6,1,0.8480,0,6,1
prod,acec42fc-9fc4-40c1-b8a8-7eb04a80d254,ear-training,100,0.6,0,0.763799,0.7638,0,2,1,0.7638,0,2,1,0.7638,0,2,1,0.7638,0,2,1,0.7638,0,2,1,0.7638,0,2,1
prod,eaf1d5ee-f662-4e89-b440-eece3eb58395,ear-training,100,0.6,0,0.864624,0.8646,0,8,0,0.7782,1,8,0,0.7782,1,8,0,0.8646,0,8,0,0.8646,0,8,0,0.8646,0,8,0
prod,16f134d9-c1c6-4ea4-9dbe-499e973b3129,ear-training,100,0.6,0,0.446204,0.4462,0,2,6,0.4462,0,2,6,0.4462,0,2,6,0.4462,0,2,6,0.4462,0,2,6,0.4462,0,2,6
prod,bcc9404f-12a4-4eaa-9a72-1c81806f1327,ear-training,100,0.6,0,0.576417,0.6970,0,1,1,0.3485,2,1,1,0.4647,1,1,1,0.6970,0,1,1,0.3485,2,1,1,0.4647,1,1,1
prod,1dbdd899-aa61-4611-906d-31e2bb8b4951,ear-training,100,0.6,0,0.794803,0.7265,0,4,3,0.7265,0,4,3,0.7265,0,4,3,0.7265,0,4,3,0.7265,0,4,3,0.7265,0,4,3
prod,79eb9ebc-8ca3-4d88-a895-dd452da1ad62,ear-training,100,0.6,0,0.946435,0.9464,0,2,0,0.9464,0,2,0,0.9464,0,2,0,0.9464,0,2,0,0.9464,0,2,0,0.9464,0,2,0
prod,d3ec57ae-4ae0-4ade-a70b-594045cb90ef,ear-training,100,0.6,0,0.907407,0.9074,0,3,0,0.9074,0,3,0,0.9074,0,3,0,0.9074,0,3,0,0.9074,0,3,0,0.9074,0,3,0
prod,30ac4210-ab98-4540-ab50-eaadcc99ec81,ear-training,100,0.6,0,0.59334,0.5933,0,1,2,0.5933,0,1,2,0.5933,0,1,2,0.5933,0,1,2,0.5933,0,1,2,0.5933,0,1,2
prod,9d1f3d95-8d31-427c-9183-612efe4139fb,ear-training,100,0.6,0,0.982363,0.9824,0,4,0,0.9824,0,4,0,0.9824,0,4,0,0.9824,0,4,0,0.9824,0,4,0,0.9824,0,4,0
prod,bba4fe7f-d940-4d24-bded-88d681ef540b,ear-training,100,0.6,0,0.540413,0.5404,0,1,3,0.5404,0,1,3,0.5404,0,1,3,0.5404,0,1,3,0.5404,0,1,3,0.5404,0,1,3
prod,fefe6076-4103-4b89-8b0a-dc399c77c378,ear-training,100,0.6,0,0.992651,0.9927,0,3,0,0.9927,0,3,0,0.9927,0,3,0,0.9927,0,3,0,0.9927,0,3,0,0.9927,0,3,0
prod,57ce8a8c-fdb7-4950-a865-3bef067c920b,ear-training,100,0.6,0,0.985076,0.9851,0,3,0,0.9851,0,3,0,0.9851,0,3,0,0.9851,0,3,0,0.9851,0,3,0,0.9851,0,3,0
prod,baad7181-b8eb-43bd-8b3f-2e4036c58bb3,ear-training,100,0.6,0,0.982244,0.9822,0,8,0,0.9822,0,8,0,0.9822,0,8,0,0.9822,0,8,0,0.9822,0,8,0,0.9822,0,8,0
prod,59e76d85-2606-4f8f-818d-2c09e63ecbe8,ear-training,100,0.6,0,0.988838,0.9888,0,3,0,0.9888,0,3,0,0.9888,0,3,0,0.9888,0,3,0,0.9888,0,3,0,0.9888,0,3,0
prod,dc813b61-440f-45e4-9f36-2689d13e6844,ear-training,100,0.6,0,0.9952,0.9952,0,3,0,0.9952,0,3,0,0.9952,0,3,0,0.9952,0,3,0,0.9952,0,3,0,0.9952,0,3,0
prod,c1818ae5-c4d0-486d-a79f-1ebacf9dfb07,ear-training,100,0.6,0,0.963442,0.9634,0,4,0,0.7708,1,4,0,0.7708,1,4,0,0.9634,0,4,0,0.7708,1,4,0,0.7708,1,4,0
prod,9ed50f21-2e38-486b-afa1-cf3e9e88c71a,ear-training,100,0.6,0,0.916667,0.9167,0,2,0,0.4583,2,2,0,0.9167,0,2,0,0.9167,0,2,0,0.4583,2,2,0,0.9167,0,2,0
prod,f7250fc5-f3d5-4122-b00c-06b3ed3b2ffb,ear-training,100,0.6,0,0.699074,0.9815,0,2,0,0.3926,3,2,0,0.4907,2,2,0,0.9815,0,2,0,0.3926,3,2,0,0.4907,2,2,0
prod,6021c286-9cad-49ea-823e-6ae82c8d0c88,ear-training,100,0.6,0,0.793827,0.7938,0,2,1,0.7938,0,2,1,0.7938,0,2,1,0.7938,0,2,1,0.7938,0,2,1,0.7938,0,2,1
prod,9f3cb27a-a49e-4bff-965a-2041c97e2001,ear-training,100,0.6,0,0.696972,0.6970,0,2,1,0.5227,1,2,1,0.5227,1,2,1,0.6970,0,2,1,0.5227,1,2,1,0.5227,1,2,1
prod,0e8c58cb-8974-4dee-99c0-f15c1d4613a4,ear-training,100,0.6,0,0.985215,0.9852,0,3,0,0.9852,0,3,0,0.9852,0,3,0,0.9852,0,3,0,0.9852,0,3,0,0.9852,0,3,0
prod,ca2714b4-e16a-4eb0-ba84-a33fc184034b,ear-training,100,0.6,0,0.983573,0.9836,0,3,0,0.9836,0,3,0,0.9836,0,3,0,0.9836,0,3,0,0.9836,0,3,0,0.9836,0,3,0
prod,734fa1cd-7ab3-4c8f-8136-dddf037bdbdc,ear-training,100,0.6,0,0.875164,0.9205,0,2,0,0.6137,1,2,0,0.6137,1,2,0,0.9205,0,2,0,0.6137,1,2,0,0.6137,1,2,0
prod,a798f0c2-fa3d-4058-8884-715f789f0121,ear-training,100,0.6,0,0.996813,0.9968,0,3,0,0.9968,0,3,0,0.9968,0,3,0,0.9968,0,3,0,0.9968,0,3,0,0.9968,0,3,0
prod,40268ac9-ef6e-446f-9194-18f950b27ddb,ear-training,100,0.6,0,0.971063,0.9711,0,4,0,0.9711,0,4,0,0.9711,0,4,0,0.9711,0,4,0,0.9711,0,4,0,0.9711,0,4,0
prod,f1f67a98-5bf9-48ba-9fc6-c9f53bbfb528,ear-training,100,0.6,0,0.985204,0.9852,0,2,0,0.9852,0,2,0,0.9852,0,2,0,0.9852,0,2,0,0.9852,0,2,0,0.9852,0,2,0
prod,45291e92-bcc3-4ad5-a37d-4d6bd51597fb,ear-training,100,0.6,0,0.99195,0.9920,0,3,0,0.9920,0,3,0,0.9920,0,3,0,0.9920,0,3,0,0.9920,0,3,0,0.9920,0,3,0
prod,967d465b-ecd5-496e-988f-2ac416a6212b,ear-training,100,0.6,0,0.960887,0.9609,0,4,0,0.7687,1,4,0,0.9609,0,4,0,0.9609,0,4,0,0.7687,1,4,0,0.9609,0,4,0
prod,18012f81-25ea-4856-abb4-2fa28d12a963,ear-training,100,0.6,0,0.54298,0.5430,0,1,3,0.5430,0,1,3,0.5430,0,1,3,0.5430,0,1,3,0.5430,0,1,3,0.5430,0,1,3
prod,a3105460-2079-4f78-ba00-0e44f1af75cc,ear-training,100,0.6,0,0.840561,0.8406,0,3,1,0.8406,0,3,1,0.8406,0,3,1,0.8406,0,3,1,0.8406,0,3,1,0.8406,0,3,1
prod,78a8f49d-94bc-479f-a05b-776f89bcc91f,ear-training,100,0.6,0,0.949074,0.9491,0,2,0,0.4745,2,2,0,0.9491,0,2,0,0.9491,0,2,0,0.4745,2,2,0,0.9491,0,2,0
prod,7bde260a-46f8-4c2e-8439-ed72b859becc,ear-training,100,0.6,0,0.719753,0.7537,0,2,1,0.4522,2,2,1,0.7537,0,2,1,0.7537,0,2,1,0.4522,2,2,1,0.7537,0,2,1
prod,8f00828d-8f0c-4bf6-a2ae-ab0b68af447d,ear-training,100,0.6,0,0.771916,0.7719,0,2,1,0.7719,0,2,1,0.7719,0,2,1,0.7719,0,2,1,0.7719,0,2,1,0.7719,0,2,1
prod,4e72f522-513f-451e-8b73-e3d6f4e26ae1,ear-training,100,0.6,0,0.986827,0.9868,0,3,0,0.9868,0,3,0,0.9868,0,3,0,0.9868,0,3,0,0.9868,0,3,0,0.9868,0,3,0
prod,01359123-c1a7-485e-ace2-a27d50313633,ear-training,100,0.6,0,0.987087,0.9871,0,3,0,0.9871,0,3,0,0.9871,0,3,0,0.9871,0,3,0,0.9871,0,3,0,0.9871,0,3,0
prod,c5f36754-6854-42f5-a456-f1c337af5f68,ear-training,100,0.6,0,0.988935,0.9889,0,8,0,0.9889,0,8,0,0.9889,0,8,0,0.9889,0,8,0,0.9889,0,8,0,0.9889,0,8,0
prod,f92293dd-5abd-4988-a7a7-5e30965a1a92,ear-training,100,0.6,0,0.822865,0.8229,0,3,1,0.8229,0,3,1,0.8229,0,3,1,0.7303,0,3,0,0.7303,0,3,0,0.7303,0,3,0
prod,9df037af-89fd-4232-bf15-eca8d6faa33b,ear-training,100,0.6,0,0.792822,0.7928,0,6,1,0.7928,0,6,1,0.7928,0,6,1,0.7928,0,6,1,0.7928,0,6,1,0.7928,0,6,1
prod,0946319e-efc4-4b8c-b071-bbdad0b3f9cd,ear-training,100,0.6,0,0.689916,0.6899,0,5,3,0.6899,0,5,3,0.6899,0,5,3,0.6816,0,5,2,0.6816,0,5,2,0.6816,0,5,2
prod,faff962b-172e-4eda-bb5f-e193d9e272ee,ear-training,100,0.6,0,0.979434,0.9933,0,4,0,0.9933,0,4,0,0.9933,0,4,0,0.9933,0,4,0,0.9933,0,4,0,0.9933,0,4,0
prod,ca4d290d-ed0d-4522-ae94-e9034c116c79,ear-training,100,0.6,0,0.878704,0.8787,0,5,1,0.8787,0,5,1,0.8787,0,5,1,0.8787,0,5,1,0.8787,0,5,1,0.8787,0,5,1
prod,75cf90ab-2ce8-447c-87a3-4d924b33cd0d,ear-training,100,0.6,0,0.980556,0.9806,0,2,0,0.4903,2,2,0,0.9806,0,2,0,0.9806,0,2,0,0.4903,2,2,0,0.9806,0,2,0
prod,39d1d95f-5ee3-4ee2-96fd-6b702601ac56,ear-training,100,0.6,0,0.98829,0.9883,0,4,0,0.9883,0,4,0,0.9883,0,4,0,0.9800,0,4,0,0.9800,0,4,0,0.9800,0,4,0
prod,fa66ff16-e683-496c-94b1-8a1d6d619524,ear-training,100,0.6,0,0.646199,0.6462,0,2,2,0.6462,0,2,2,0.6462,0,2,2,0.6462,0,2,2,0.6462,0,2,2,0.6462,0,2,2
prod,38d946ef-e295-496a-89a1-833784185497,ear-training,100,0.6,0,0.993684,0.9937,0,5,0,0.9937,0,5,0,0.9937,0,5,0,0.9937,0,5,0,0.9937,0,5,0,0.9937,0,5,0
prod,b2ae850f-1438-431f-a00a-86ad72aa0a8d,ear-training,100,0.6,0,0.988007,0.9880,0,3,0,0.9880,0,3,0,0.9880,0,3,0,0.9880,0,3,0,0.9880,0,3,0,0.9880,0,3,0
prod,e947a6c8-ecd1-4671-916f-e0bf92d9d44d,ear-training,100,0.6,0,0.767778,0.7722,0,4,0,0.7722,0,4,0,0.7722,0,4,0,0.7722,0,4,0,0.7722,0,4,0,0.7722,0,4,0
prod,c11667b4-8061-4ce3-a016-a8a14f0602c8,ear-training,100,0.6,0,0.557407,0.5574,0,3,0,0.5574,0,3,0,0.5574,0,3,0,0.5574,0,3,0,0.5574,0,3,0,0.5574,0,3,0
prod,217793c8-cc3f-4b6c-a25b-29f40d60d49a,ear-training,100,0.6,0,0.88394,0.8901,0,5,1,0.7630,1,5,1,0.7630,1,5,1,0.8901,0,5,1,0.7630,1,5,1,0.7630,1,5,1
prod,49f885ff-64e8-4bc2-9789-d15efeb64dd7,ear-training,100,0.6,0,0.691696,0.6917,0,3,3,0.6917,0,3,3,0.6917,0,3,3,0.6917,0,3,3,0.6917,0,3,3,0.6917,0,3,3
prod,d106b76e-fdb6-47bf-8620-fd273f65cff0,ear-training,100,0.6,0,0.982099,0.9821,0,3,0,0.9821,0,3,0,0.9821,0,3,0,0.9821,0,3,0,0.9821,0,3,0,0.9821,0,3,0
prod,e44c8004-9fc2-4dc1-b0e0-fa93f8bd1e69,ear-training,100,0.6,0,0.993827,0.9938,0,3,0,0.9938,0,3,0,0.9938,0,3,0,0.9938,0,3,0,0.9938,0,3,0,0.9938,0,3,0
prod,b12ba5a7-e787-4454-9fa4-1ed95e1f6c7f,ear-training,100,0.6,0,0.991519,0.9915,0,4,0,0.9915,0,4,0,0.9915,0,4,0,0.9915,0,4,0,0.9915,0,4,0,0.9915,0,4,0
prod,f906b9b9-7df5-4915-9471-44368dd2228c,ear-training,100,0.6,0,0.393578,0.3936,0,0,4,0.3936,0,0,4,0.3936,0,0,4,0.3936,0,0,4,0.3936,0,0,4,0.3936,0,0,4
prod,9000f85d-0528-419b-ba80-eb597e44e17d,ear-training,100,0.6,0,0.711972,0.8942,0,3,0,0.8942,0,3,0,0.8942,0,3,0,0.8942,0,3,0,0.8942,0,3,0,0.8942,0,3,0
prod,507582de-2a76-486c-8eaa-5517c1f4610b,ear-training,100,0.6,0,0.846437,0.8464,0,4,1,0.7054,1,4,1,0.8464,0,4,1,0.8464,0,4,1,0.7054,1,4,1,0.8464,0,4,1
prod,6e9ab693-5a87-42b2-8edb-56d7556b6642,ear-training,100,0.6,0,0.671447,0.6714,0,4,1,0.6714,0,4,1,0.6714,0,4,1,0.6714,0,4,1,0.6714,0,4,1,0.6714,0,4,1
prod,79d68a28-d71d-4b0b-9152-1fc6da8c0db1,ear-training,100,0.6,0,0.672252,0.5781,0,2,4,0.5781,0,2,4,0.5781,0,2,4,0.5781,0,2,4,0.5781,0,2,4,0.5781,0,2,4
prod,98c53894-adf9-484c-9038-09e05b608481,ear-training,100,0.6,0,0.732099,0.7321,0,2,1,0.7321,0,2,1,0.7321,0,2,1,0.7321,0,2,1,0.7321,0,2,1,0.7321,0,2,1
prod,8b0542b0-5557-494b-8e6f-58710debecca,ear-training,100,0.6,0,0.996326,0.9963,0,3,0,0.9963,0,3,0,0.9963,0,3,0,0.9963,0,3,0,0.9963,0,3,0,0.9963,0,3,0
prod,b7552a06-0353-4b1b-9875-77afe64d7652,ear-training,100,0.6,0,0.989755,0.9898,0,4,0,0.9898,0,4,0,0.9898,0,4,0,0.9898,0,4,0,0.9898,0,4,0,0.9898,0,4,0
prod,1a8be5ba-7103-41bf-ae49-0639027ae711,ear-training,100,0.6,0,0.537947,0.5379,0,1,3,0.5379,0,1,3,0.5379,0,1,3,0.5379,0,1,3,0.5379,0,1,3,0.5379,0,1,3
prod,6fe4b184-3721-42ef-9d67-75cb1cc7c5a6,ear-training,100,0.6,0,0.535295,0.5353,0,1,3,0.5353,0,1,3,0.5353,0,1,3,0.5353,0,1,3,0.5353,0,1,3,0.5353,0,1,3
prod,8c6de5d3-e31b-4979-98bd-f5afe130c8b8,ear-training,100,0.6,0,0.543161,0.7499,0,8,1,0.7499,0,8,1,0.7499,0,8,1,0.7499,0,8,1,0.7499,0,8,1,0.7499,0,8,1
prod,e77bde8d-7679-4ad3-8fb5-16f0725b6366,ear-training,100,0.6,0,0.574074,0.6042,0,7,0,0.6042,0,7,0,0.6042,0,7,0,0.6042,0,7,0,0.6042,0,7,0,0.6042,0,7,0
prod,e9ee1ded-1048-405f-801c-8102156731e1,ear-training,100,0.6,0,0.984568,0.9846,0,3,0,0.9846,0,3,0,0.9846,0,3,0,0.9846,0,3,0,0.9846,0,3,0,0.9846,0,3,0
prod,44e7cc02-34a0-44b2-b035-4ec30a88346b,ear-training,100,0.6,0,0.769463,0.7695,0,4,2,0.7695,0,4,2,0.7695,0,4,2,0.7695,0,4,2,0.7695,0,4,2,0.7695,0,4,2
prod,b8fac598-9ed8-4173-a716-a6239013d608,ear-training,100,0.6,0,0.989653,0.9897,0,3,0,0.9897,0,3,0,0.9897,0,3,0,0.9897,0,3,0,0.9897,0,3,0,0.9897,0,3,0
prod,b19406de-d7b4-491a-bc6e-e31f5a9411e3,ear-training,100,0.6,0,0.984568,0.9846,0,3,0,0.9846,0,3,0,0.9846,0,3,0,0.9846,0,3,0,0.9846,0,3,0,0.9846,0,3,0
prod,f4b179d7-688e-4444-9fcb-a051437e3c99,ear-training,100,0.6,0,0.991248,0.9912,0,4,0,0.9912,0,4,0,0.9912,0,4,0,0.9912,0,4,0,0.9912,0,4,0,0.9912,0,4,0
prod,c4977688-aefb-4e5b-9577-8573968995c8,ear-training,100,0.6,0,0.990102,0.9901,0,3,0,0.9901,0,3,0,0.9901,0,3,0,0.9901,0,3,0,0.9901,0,3,0,0.9901,0,3,0
prod,c95e97c9-757a-48df-bad4-f9c7bb4c627f,ear-training,100,0.6,0,0.713583,0.7136,0,3,0,0.7136,0,3,0,0.7136,0,3,0,0.7136,0,3,0,0.7136,0,3,0,0.7136,0,3,0
prod,e3ef1c16-dc2b-4dcd-87be-7da68c799da4,ear-training,100,0.6,0,0.981929,0.9819,0,2,0,0.9819,0,2,0,0.9819,0,2,0,0.9819,0,2,0,0.9819,0,2,0,0.9819,0,2,0
prod,8f56ff52-30b1-44e6-8c30-52c1de15f684,ear-training,100,0.6,0,0.989739,0.9897,0,4,0,0.7918,1,4,0,0.7918,1,4,0,0.8277,0,3,1,0.8277,0,3,1,0.8277,0,3,1
prod,91f20763-0117-4ea8-b831-ab9df8ee5461,ear-training,100,0.6,0,0.987717,0.9877,0,6,0,0.9877,0,6,0,0.9877,0,6,0,0.9877,0,6,0,0.9877,0,6,0,0.9877,0,6,0
prod,56728874-5454-46f1-8102-b4ab97e143cc,ear-training,100,0.6,0,0.480902,0.4809,0,1,5,0.4809,0,1,5,0.4809,0,1,5,0.4809,0,1,5,0.4809,0,1,5,0.4809,0,1,5
prod,7e85024a-2b64-4b06-854d-63f3071aedf8,ear-training,100,0.6,0,0.811903,0.8119,0,6,2,0.7217,1,6,2,0.7217,1,6,2,0.8119,0,6,2,0.7217,1,6,2,0.7217,1,6,2
prod,3cb9f84d-ae9f-4e1e-9a38-5f3df71cce77,ear-training,100,0.6,0,0.786739,0.7867,0,4,2,0.7867,0,4,2,0.7867,0,4,2,0.7867,0,4,2,0.7867,0,4,2,0.7867,0,4,2
prod,0a57f3f7-8f07-4258-b6fa-35ac43794e69,ear-training,100,0.6,0,0.987947,0.9879,0,4,0,0.9879,0,4,0,0.9879,0,4,0,0.9879,0,4,0,0.9879,0,4,0,0.9879,0,4,0
prod,3048cab8-dcad-41ef-b65f-149a334590de,ear-training,100,0.6,0,0.751562,0.7516,0,5,3,0.7516,0,5,3,0.7516,0,5,3,0.7516,0,5,3,0.7516,0,5,3,0.7516,0,5,3
prod,f5b642d9-a85c-4976-87ae-ed117e5a613d,ear-training,100,0.6,0,0.516824,0.5239,0,2,6,0.5239,0,2,6,0.5239,0,2,6,0.5239,0,2,6,0.5239,0,2,6,0.5239,0,2,6
prod,d422b29f-9756-434d-b25d-5e1ecbdd0673,ear-training,100,0.6,0,0.611344,0.6113,0,3,5,0.6113,0,3,5,0.6113,0,3,5,0.5620,0,3,4,0.5620,0,3,4,0.5620,0,3,4
prod,1b142f7a-6172-45af-b1d5-432dac665af0,ear-training,100,0.6,0,0.651765,0.6087,0,3,5,0.6087,0,3,5,0.6087,0,3,5,0.6087,0,3,5,0.6087,0,3,5,0.6087,0,3,5
prod,9b5d4388-ed0d-4679-972f-a07311c3726e,ear-training,100,0.6,0,0.98608,0.9861,0,3,0,0.9861,0,3,0,0.9861,0,3,0,0.9861,0,3,0,0.9861,0,3,0,0.9861,0,3,0
prod,dfcf91a0-c086-4e55-a127-f0c74abf58bf,ear-training,100,0.6,0,0.996813,0.9968,0,3,0,0.9968,0,3,0,0.9968,0,3,0,0.9968,0,3,0,0.9968,0,3,0,0.9968,0,3,0
prod,d9e01784-12e8-4bdf-95da-0f6f1a735850,ear-training,100,0.6,0,0.968593,0.9686,0,8,0,0.8610,1,8,0,0.8610,1,8,0,0.9686,0,8,0,0.8610,1,8,0,0.8610,1,8,0
prod,83583890-d76a-4e25-953b-39d5cb22bb94,ear-training,100,0.6,0,0.464353,0.6018,0,4,3,0.5349,1,4,3,0.6018,0,4,3,0.6018,0,4,3,0.5349,1,4,3,0.6018,0,4,3
prod,4c214f10-d003-4d55-8a79-62d92739ffcd,ear-training,100,0.6,0,0.49935,0.4993,0,3,3,0.4439,1,3,3,0.4439,1,3,3,0.4993,0,3,3,0.4439,1,3,3,0.4439,1,3,3
prod,c9dfc634-8f40-4e2c-835a-5cdb185ea76c,ear-training,100,0.6,0,0.987654,0.9877,0,3,0,0.7407,1,3,0,0.9877,0,3,0,0.9877,0,3,0,0.7407,1,3,0,0.9877,0,3,0
prod,3dabf51c-34fd-41f6-b103-353e257de6e0,ear-training,100,0.6,0,0.985377,0.9854,0,5,0,0.9854,0,5,0,0.9854,0,5,0,0.9854,0,5,0,0.9854,0,5,0,0.9854,0,5,0
prod,85e8f845-3165-4da2-9bad-5fe47573a412,ear-training,100,0.6,0,0.974691,0.9747,0,3,0,0.7310,1,3,0,0.9747,0,3,0,0.9747,0,3,0,0.7310,1,3,0,0.9747,0,3,0
prod,532398ff-87b8-47c0-a571-8f240ffdaae8,ear-training,100,0.6,0,0.985723,0.9857,0,6,0,0.9857,0,6,0,0.9857,0,6,0,0.9857,0,6,0,0.9857,0,6,0,0.9857,0,6,0
prod,0632962b-9bed-4381-9375-94277d6c2793,ear-training,100,0.6,0,0.888402,0.8884,0,5,1,0.8884,0,5,1,0.8884,0,5,1,0.8884,0,5,1,0.8884,0,5,1,0.8884,0,5,1
prod,9301ac50-047e-4f83-9049-60f38b3cd8b5,ear-training,100,0.6,0,0.558643,0.5774,0,3,6,0.5774,0,3,6,0.5774,0,3,6,0.5774,0,3,6,0.5774,0,3,6,0.5774,0,3,6
prod,8499077b-de64-446f-b0ec-84cc81a64130,ear-training,100,0.6,0,0.959877,0.9599,0,3,0,0.5759,2,3,0,0.7199,1,3,0,0.9599,0,3,0,0.5759,2,3,0,0.7199,1,3,0
prod,1c4f1515-d952-4de8-a36d-988d21f70ed5,ear-training,100,0.6,0,0.699181,0.6992,0,2,1,0.3496,3,2,1,0.3496,3,2,1,0.7774,0,2,1,0.4664,2,2,1,0.7774,0,2,1
prod,e32d5f53-d6ac-4f27-9d3a-a4fa7cab1585,ear-training,100,0.6,0,0.947531,0.9475,0,3,0,0.9475,0,3,0,0.9475,0,3,0,0.9475,0,3,0,0.9475,0,3,0,0.9475,0,3,0
prod,637ce1e4-771e-4586-9032-3ffec88e4a84,ear-training,100,0.6,0,0.984527,0.9845,0,4,0,0.9845,0,4,0,0.9845,0,4,0,0.9845,0,4,0,0.9845,0,4,0,0.9845,0,4,0
prod,ec1587a0-627d-467c-ac92-aa87d111ee52,ear-training,100,0.6,0,0.810382,0.8200,0,7,2,0.6709,2,7,2,0.7380,1,7,2,0.7708,0,6,3,0.6937,1,6,3,0.7708,0,6,3
prod,655867bc-7008-4c51-9aad-b9fc140fc3cc,ear-training,100,0.6,0,0.352237,0.3707,0,0,9,0.3707,0,0,9,0.3707,0,0,9,0.3707,0,0,9,0.3707,0,0,9,0.3707,0,0,9
prod,3bc6ae6c-c0f9-46f8-9ee6-01dec2536853,ear-training,100,0.6,0,0.4308,0.4493,0,1,8,0.3676,2,1,8,0.3676,2,1,8,0.4493,0,1,8,0.3676,2,1,8,0.3676,2,1,8
prod,23f8c72f-be85-4da9-9a2c-17430939e7c9,ear-training,100,0.6,0,0.823502,0.8521,0,6,0,0.8521,0,6,0,0.8521,0,6,0,0.8521,0,6,0,0.8521,0,6,0,0.8521,0,6,0
prod,13b8a478-bc3a-478c-8ceb-0d7b8cc23a6d,ear-training,100,0.6,0,0.743867,0.7439,0,6,1,0.6612,1,6,1,0.7439,0,6,1,0.7439,0,6,1,0.6612,1,6,1,0.7439,0,6,1
prod,9adb0bd5-ff42-4e71-ad11-33df21970e56,ear-training,100,0.6,0,0.985777,0.9858,0,3,0,0.9858,0,3,0,0.9858,0,3,0,0.9858,0,3,0,0.9858,0,3,0,0.9858,0,3,0
prod,d556ccb2-ad1a-43ce-9c75-730a693c0d75,ear-training,100,0.6,0,0.986439,0.9864,0,4,0,0.9864,0,4,0,0.9864,0,4,0,0.9864,0,4,0,0.9864,0,4,0,0.9864,0,4,0
prod,66487b2f-d2cc-43e3-9159-bb1d8407e8b6,ear-training,100,0.6,0,0.730952,0.7310,0,4,3,0.7310,0,4,3,0.7310,0,4,3,0.7310,0,4,3,0.7310,0,4,3,0.7310,0,4,3
prod,d86ceef8-07fe-4c61-aca4-a69197a3d7a1,ear-training,100,0.6,0,0.872152,0.8722,0,8,1,0.7849,1,8,1,0.7849,1,8,1,0.8722,0,8,1,0.7849,1,8,1,0.7849,1,8,1
prod,592b9150-d4e0-4c91-83d3-24d6a771d358,ear-training,100,0.6,0,0.981616,0.9816,0,3,0,0.9816,0,3,0,0.9816,0,3,0,0.9816,0,3,0,0.9816,0,3,0,0.9816,0,3,0
prod,c963e295-7c2c-46fb-bb00-729f46adc999,ear-training,100,0.6,0,0.949324,0.9493,0,3,0,0.9493,0,3,0,0.9493,0,3,0,0.9493,0,3,0,0.9493,0,3,0,0.9493,0,3,0
prod,c458fa54-fe05-4fc1-b016-a15c64b47ac4,ear-training,100,0.6,0,0.961779,0.9618,0,4,0,0.9618,0,4,0,0.9618,0,4,0,0.9618,0,4,0,0.9618,0,4,0,0.9618,0,4,0
prod,aabf5bb7-81cf-4b4c-a26e-bfa8e0d321f3,ear-training,100,0.6,0,0.995219,0.9952,0,2,0,0.9952,0,2,0,0.9952,0,2,0,0.9952,0,2,0,0.9952,0,2,0,0.9952,0,2,0
prod,0e5d0c99-7a3a-45dd-8b02-fe2f557e3d94,ear-training,100,0.6,0,0.666094,0.6661,0,4,2,0.5828,1,4,2,0.5828,1,4,2,0.6661,0,4,2,0.5828,1,4,2,0.5828,1,4,2
prod,71e6cd32-eb80-4b96-ab88-0c0dc16cf3cb,ear-training,100,0.6,0,0.657467,0.6575,0,4,2,0.5753,1,4,2,0.5753,1,4,2,0.6575,0,4,2,0.5753,1,4,2,0.5753,1,4,2
prod,f93d0435-af84-4038-8f22-f0b071e8776f,ear-training,100,0.6,0,0.471588,0.5307,0,3,4,0.5307,0,3,4,0.5307,0,3,4,0.5307,0,3,4,0.5307,0,3,4,0.5307,0,3,4
prod,7a273121-ac25-46f8-bc08-f5185051833b,ear-training,100,0.6,0,0.535015,0.5350,0,2,6,0.5350,0,2,6,0.5350,0,2,6,0.5350,0,2,6,0.5350,0,2,6,0.5350,0,2,6
prod,94b5a6e1-adf2-4720-a3f0-7e00459c89ac,ear-training,100,0.6,0,0.518219,0.5182,0,1,3,0.5182,0,1,3,0.5182,0,1,3,0.5182,0,1,3,0.5182,0,1,3,0.5182,0,1,3
prod,ae4e8bd0-6c51-462c-a8fe-c7c89b88ccb4,ear-training,100,0.6,0,0.529091,0.5291,0,1,3,0.5291,0,1,3,0.5291,0,1,3,0.5291,0,1,3,0.5291,0,1,3,0.5291,0,1,3
prod,d7a04dba-104d-480f-a55a-a980c34334c1,ear-training,100,0.6,0,0.988074,0.9881,0,3,0,0.9881,0,3,0,0.9881,0,3,0,0.9881,0,3,0,0.9881,0,3,0,0.9881,0,3,0
prod,10f89d02-0592-41da-b3c6-da26fc087124,ear-training,100,0.6,0,0.988322,0.9883,0,4,0,0.9883,0,4,0,0.9883,0,4,0,0.9883,0,4,0,0.9883,0,4,0,0.9883,0,4,0
prod,bc683632-054d-4991-aa31-8691df92ae18,ear-training,100,0.6,0,0.99326,0.9933,0,3,0,0.9933,0,3,0,0.9933,0,3,0,0.9933,0,3,0,0.9933,0,3,0,0.9933,0,3,0
prod,41ad64b6-1000-4d5f-bbcd-889fd7bf22e2,ear-training,100,0.6,0,0.990151,0.9902,0,5,0,0.9902,0,5,0,0.9902,0,5,0,0.9902,0,5,0,0.9902,0,5,0,0.9902,0,5,0
prod,da5e36ec-0d8c-4595-b2e5-57dd63b7a15c,ear-training,100,0.6,0,0.993201,0.9932,0,3,0,0.9932,0,3,0,0.9932,0,3,0,0.9932,0,3,0,0.9932,0,3,0,0.9932,0,3,0
prod,e7867fd4-3047-4ef3-b027-dfaf94ef6129,ear-training,100,0.6,0,0.992547,0.9925,0,5,0,0.9925,0,5,0,0.9925,0,5,0,0.9925,0,5,0,0.9925,0,5,0,0.9925,0,5,0
prod,11f57016-3ae3-4d88-b012-949659272909,ear-training,100,0.6,0,0.974742,0.9747,0,2,0,0.9747,0,2,0,0.9747,0,2,0,0.9747,0,2,0,0.9747,0,2,0,0.9747,0,2,0
prod,c6187bd2-da80-44a8-9dae-98e06dc415e8,ear-training,100,0.6,0,0.98954,0.9895,0,6,0,0.9895,0,6,0,0.9895,0,6,0,0.9895,0,6,0,0.9895,0,6,0,0.9895,0,6,0
prod,b494d6a4-9244-49d3-99c9-c90b5e01adf3,ear-training,100,0.6,0,0.424691,0.4247,0,1,4,0.4247,0,1,4,0.4247,0,1,4,0.4247,0,1,4,0.4247,0,1,4,0.4247,0,1,4
prod,60991362-604c-4c3c-85b2-9f4e0409c7a3,ear-training,100,0.6,0,0.996901,0.9969,0,4,0,0.9969,0,4,0,0.9969,0,4,0,0.9969,0,4,0,0.9969,0,4,0,0.9969,0,4,0
prod,0d6d64a6-fc75-4367-94a8-0a5577968dfd,ear-training,100,0.6,0,0.982593,0.9826,0,5,0,0.9826,0,5,0,0.9826,0,5,0,0.9826,0,5,0,0.9826,0,5,0,0.9826,0,5,0
prod,0b1ad84a-6d42-4439-88e7-0eaae05ef940,ear-training,100,0.6,0,0.918232,0.9331,0,9,0,0.7634,2,9,0,0.7634,2,9,0,0.9331,0,9,0,0.7634,2,9,0,0.7634,2,9,0
prod,bb6bab5c-4ca3-4ebd-9d62-b54700becaae,ear-training,100,0.6,0,0.785712,0.7857,0,4,2,0.7857,0,4,2,0.7857,0,4,2,0.7857,0,4,2,0.7857,0,4,2,0.7857,0,4,2
prod,bd4c8476-e39e-4535-ac7d-a3c5e429f944,ear-training,100,0.6,0,0.993682,0.9937,0,4,0,0.9937,0,4,0,0.9937,0,4,0,0.9937,0,4,0,0.9937,0,4,0,0.9937,0,4,0
prod,daa13b46-7edb-4373-984a-a31c2c04199c,ear-training,100,0.6,0,0.996914,0.9969,0,3,0,0.9969,0,3,0,0.9969,0,3,0,0.9969,0,3,0,0.9969,0,3,0,0.9969,0,3,0
prod,41019db9-63f0-4500-b4e7-65943cdd16a0,ear-training,100,0.6,0,0.832253,0.8323,0,3,1,0.8323,0,3,1,0.8323,0,3,1,0.8323,0,3,1,0.8323,0,3,1,0.8323,0,3,1
prod,da4ef38a-c2ad-4e7e-8352-9f84fad88b6f,ear-training,100,0.6,0,0.992063,0.9921,0,3,0,0.9921,0,3,0,0.9921,0,3,0,0.9921,0,3,0,0.9921,0,3,0,0.9921,0,3,0
prod,9aa9e052-ca4e-42cb-95ab-53aeeda3d06c,ear-training,100,0.6,0,0.988838,0.9888,0,3,0,0.9888,0,3,0,0.9888,0,3,0,0.9888,0,3,0,0.9888,0,3,0,0.9888,0,3,0
prod,3711e274-e5b9-4e40-bb11-d1595d8662b7,ear-training,100,0.6,0,0.791576,0.7916,0,4,2,0.7916,0,4,2,0.7916,0,4,2,0.7916,0,4,2,0.7916,0,4,2,0.7916,0,4,2
prod,676bad16-11f3-4e76-bf04-89f6bd75c36c,ear-training,100,0.6,0,0.676629,0.6766,0,3,3,0.5800,1,3,3,0.5800,1,3,3,0.5916,0,2,4,0.5916,0,2,4,0.5916,0,2,4
prod,46987405-07d1-4e07-b7ba-991680016034,ear-training,100,0.6,0,0.833359,0.8334,0,7,0,0.8334,0,7,0,0.8334,0,7,0,0.8334,0,7,0,0.8334,0,7,0,0.8334,0,7,0
prod,fefcaaf0-affa-4b76-9095-6eaff2e709b0,ear-training,100,0.6,0,0.991667,0.9917,0,6,0,0.9917,0,6,0,0.9917,0,6,0,0.9917,0,6,0,0.9917,0,6,0,0.9917,0,6,0
prod,49a66fe3-e1af-4737-b132-8aaf33e456bb,ear-training,100,0.6,0,0.970648,0.9706,0,3,0,0.9706,0,3,0,0.9706,0,3,0,0.9706,0,3,0,0.9706,0,3,0,0.9706,0,3,0
prod,e6f43594-6284-4faa-8217-f5f1182f64a6,ear-training,100,0.6,0,0.963202,0.9632,0,2,0,0.9632,0,2,0,0.9632,0,2,0,0.9632,0,2,0,0.9632,0,2,0,0.9632,0,2,0
prod,2df7f0fa-086b-466f-ace8-4930e381d120,ear-training,100,0.6,0,0.751852,0.7560,0,5,3,0.6720,1,5,3,0.7560,0,5,3,0.5724,0,3,5,0.5724,0,3,5,0.5724,0,3,5
prod,350e855e-78a6-4827-a6f6-1ff43ccd052a,ear-training,100,0.6,0,0.978061,0.9781,0,4,0,0.9781,0,4,0,0.9781,0,4,0,0.9781,0,4,0,0.9781,0,4,0,0.9781,0,4,0
prod,4f146fca-9180-46c8-bdf0-94b6dab68a45,ear-training,100,0.6,0,0.985699,0.9857,0,5,0,0.9857,0,5,0,0.9857,0,5,0,0.9857,0,5,0,0.9857,0,5,0,0.9857,0,5,0
prod,7501abfc-38fb-4374-a83d-7319d351d151,ear-training,100,0.6,0,0.550309,0.5565,0,2,4,0.4770,1,2,4,0.4770,1,2,4,0.4722,0,1,5,0.4722,0,1,5,0.4722,0,1,5
prod,e40a20d3-173e-45fa-8bc5-cb79e3ca380f,ear-training,100,0.6,0,0.881746,0.8817,0,6,1,0.8817,0,6,1,0.8817,0,6,1,0.8817,0,6,1,0.8817,0,6,1,0.8817,0,6,1
prod,e8bbab6e-183f-4138-9d4d-bbffd9698e18,ear-training,100,0.6,0,0.912102,0.9121,0,3,0,0.6841,1,3,0,0.6841,1,3,0,0.9121,0,3,0,0.6841,1,3,0,0.6841,1,3,0
prod,c67a286a-4d4c-44bb-b877-8ad840ba792a,ear-training,100,0.6,0,0.86358,0.9352,0,3,0,0.5611,2,3,0,0.5611,2,3,0,0.9352,0,3,0,0.5611,2,3,0,0.5611,2,3,0
prod,ee8dd78d-a39c-461b-aa6e-fb4f3715b25e,ear-training,100,0.6,0,0.775044,0.7750,0,3,1,0.6200,1,3,1,0.6200,1,3,1,0.7750,0,3,1,0.6200,1,3,1,0.6200,1,3,1
prod,489338a5-836b-420a-be83-6e9e3c820715,ear-training,100,0.6,0,0.537947,0.5379,0,1,3,0.4304,1,1,3,0.4304,1,1,3,0.5379,0,1,3,0.4304,1,1,3,0.4304,1,1,3
prod,edfa0c59-a37f-497a-aef7-ece4a7723875,ear-training,100,0.6,0,0.986688,0.9867,0,3,0,0.9867,0,3,0,0.9867,0,3,0,0.9867,0,3,0,0.9867,0,3,0,0.9867,0,3,0
prod,9dc830d8-5a76-4831-b8b3-04a79748091b,ear-training,100,0.6,0,0.906482,0.9065,0,2,0,0.6043,1,2,0,0.9065,0,2,0,0.9065,0,2,0,0.6043,1,2,0,0.9065,0,2,0
prod,2505cbd5-7650-4607-8391-f86b953407b1,ear-training,100,0.6,0,0.992615,0.9926,0,8,0,0.9926,0,8,0,0.9926,0,8,0,0.9926,0,8,0,0.9926,0,8,0,0.9926,0,8,0
prod,03d4a3e8-231d-4811-a099-4c18f54c263d,ear-training,100,0.6,0,0.992887,0.9929,0,3,0,0.9929,0,3,0,0.9929,0,3,0,0.9929,0,3,0,0.9929,0,3,0,0.9929,0,3,0
prod,e0bccc44-bef3-4ac4-b17e-d752407d59d7,ear-training,100,0.6,0,0.994814,0.9948,0,3,0,0.7461,1,3,0,0.7461,1,3,0,0.9948,0,3,0,0.7461,1,3,0,0.7461,1,3,0
prod,0e01e08b-f2e8-4f72-b091-a05bbf853b3e,ear-training,100,0.6,0,0.990741,0.9907,0,3,0,0.9907,0,3,0,0.9907,0,3,0,0.9907,0,3,0,0.9907,0,3,0,0.9907,0,3,0
prod,c6e98b18-9dda-49dc-860b-729696915b01,ear-training,100,0.6,0,0.977605,0.9877,0,4,0,0.9877,0,4,0,0.9877,0,4,0,0.9877,0,4,0,0.9877,0,4,0,0.9877,0,4,0
prod,34ef4435-5361-4917-8a0f-5b579dc04cce,ear-training,100,0.6,0,0.929012,0.9290,0,3,0,0.4645,3,3,0,0.6968,1,3,0,0.9290,0,3,0,0.3484,5,3,0,0.5574,2,3,0
prod,746e2939-6ed5-44c3-a222-51b8974552f4,ear-training,100,0.6,0,0.982108,0.9821,0,4,0,0.9821,0,4,0,0.9821,0,4,0,0.9821,0,4,0,0.9821,0,4,0,0.9821,0,4,0
prod,849dfd94-8a40-4530-8b57-fd31fb7bb8dc,ear-training,100,0.6,0,0.981481,0.9815,0,3,0,0.9815,0,3,0,0.9815,0,3,0,0.9815,0,3,0,0.9815,0,3,0,0.9815,0,3,0
prod,2750d5b3-a919-4c15-b54a-cf4541190bf8,ear-training,100,0.6,0,0.979025,0.9790,0,3,0,0.9790,0,3,0,0.9790,0,3,0,0.9790,0,3,0,0.9790,0,3,0,0.9790,0,3,0
prod,3e5c7aff-a548-41a3-bca8-ed0655313c9d,ear-training,100,0.6,0,0.678023,0.6780,0,2,2,0.6780,0,2,2,0.6780,0,2,2,0.6780,0,2,2,0.6780,0,2,2,0.6780,0,2,2
prod,d1e23ff5-ab24-4246-aab3-b287f7af1212,ear-training,100,0.6,0,0.684064,0.6883,0,2,2,0.6883,0,2,2,0.6883,0,2,2,0.6883,0,2,2,0.6883,0,2,2,0.6883,0,2,2
prod,5a1c79c9-33b1-41c8-b1b2-3a79fa70993f,ear-training,100,0.6,0,0.52338,0.5234,0,2,6,0.5234,0,2,6,0.5234,0,2,6,0.5234,0,2,6,0.5234,0,2,6,0.5234,0,2,6
prod,851e8523-2019-4481-bcda-ca6c6e77484d,ear-training,100,0.6,0,0.60787,0.6079,0,3,5,0.6079,0,3,5,0.6079,0,3,5,0.6079,0,3,5,0.6079,0,3,5,0.6079,0,3,5
prod,22f98d65-f18f-4684-9a3e-c130e8c0fe17,ear-training,100,0.6,0,0.894738,0.9506,0,3,0,0.7130,1,3,0,0.7130,1,3,0,0.9506,0,3,0,0.7130,1,3,0,0.7130,1,3,0
prod,203ba7c4-89e6-4265-90c5-8ef717d4e249,ear-training,100,0.6,0,0.698148,0.7389,0,2,1,0.5542,1,2,1,0.7389,0,2,1,0.7389,0,2,1,0.5542,1,2,1,0.7389,0,2,1
prod,02ede358-3b3c-42d1-ab4d-f4cac7fe0673,ear-training,100,0.6,0,0.913739,0.9137,0,7,1,0.9137,0,7,1,0.9137,0,7,1,0.9137,0,7,1,0.9137,0,7,1,0.9137,0,7,1
prod,159fb17b-e2c1-48ec-8f4d-3fe4241cb3ce,ear-training,100,0.6,0,0.685333,0.6853,0,2,2,0.5483,1,2,2,0.5483,1,2,2,0.6853,0,2,2,0.5483,1,2,2,0.5483,1,2,2
prod,c1d21de4-0c3a-4c97-bbad-7e9dcf382545,ear-training,100,0.6,0,0.686439,0.6864,0,2,2,0.4576,2,2,2,0.4576,2,2,2,0.6494,0,2,2,0.5195,1,2,2,0.5195,1,2,2
prod,97b8e21f-add4-4686-8a46-5c1649bb790e,ear-training,100,0.6,0,0.993279,0.9933,0,4,0,0.9933,0,4,0,0.9933,0,4,0,0.9933,0,4,0,0.9933,0,4,0,0.9933,0,4,0
prod,5f6fa3f9-a173-4e79-8b78-e3a9e7a4f6bc,ear-training,100,0.6,0,0.915655,0.7877,0,2,1,0.5907,1,2,1,0.7877,0,2,1,0.7877,0,2,1,0.5907,1,2,1,0.7877,0,2,1
prod,15f2ca32-db71-4e0b-bf12-9be107ddd629,ear-training,100,0.6,0,0.994633,0.9946,0,3,0,0.9946,0,3,0,0.9946,0,3,0,0.9946,0,3,0,0.9946,0,3,0,0.9946,0,3,0
prod,4bc9fe5c-566a-4b00-8109-637485c77ff3,ear-training,100,0.6,0,0.763723,0.7637,0,2,1,0.5728,1,2,1,0.5728,1,2,1,0.7637,0,2,1,0.5728,1,2,1,0.5728,1,2,1
prod,5dbe532b-4f42-4670-8a3e-2b5f77c67127,ear-training,100,0.6,0,0.877102,0.9141,0,3,0,0.3918,4,3,0,0.5485,2,3,0,0.9141,0,3,0,0.4571,3,3,0,0.6856,1,3,0
prod,c24ef322-2731-4e62-9c17-cd06e0cae0b2,ear-training,100,0.6,0,0.34981,0.4674,0,2,6,0.4674,0,2,6,0.4674,0,2,6,0.4674,0,2,6,0.4674,0,2,6,0.4674,0,2,6
prod,bc46d20d-7ccb-453a-a588-51c7c71c6b97,ear-training,100,0.6,0,0.848123,0.8626,0,3,0,0.5176,2,3,0,0.5176,2,3,0,0.8481,0,3,0,0.5089,2,3,0,0.5089,2,3,0
prod,b69be07a-6816-4fac-9c25-d8bf19a5fe5c,ear-training,100,0.6,0,0.9801,0.9801,0,3,0,0.9801,0,3,0,0.9801,0,3,0,0.9801,0,3,0,0.9801,0,3,0,0.9801,0,3,0
prod,bd79857c-88e6-45cd-825e-b34e4a0a2185,ear-training,100,0.6,0,0.386864,0.3869,0,0,4,0.3095,1,0,4,0.3095,1,0,4,0.3869,0,0,4,0.3095,1,0,4,0.3095,1,0,4
prod,575a7937-3553-46c0-9377-49079fda408a,ear-training,100,0.6,0,0.566623,0.5666,0,2,2,0.4533,1,2,2,0.4533,1,2,2,0.5666,0,2,2,0.4533,1,2,2,0.4533,1,2,2
prod,442efb8c-950c-430a-a64e-72f21255190b,ear-training,100,0.6,0,0.980306,0.9803,0,3,0,0.9803,0,3,0,0.9803,0,3,0,0.9803,0,3,0,0.9803,0,3,0,0.9803,0,3,0
prod,6983e73e-ca0a-4fdc-848e-b57cf604a846,ear-training,100,0.6,0,0.685614,0.6921,0,1,1,0.6921,0,1,1,0.6921,0,1,1,0.6921,0,1,1,0.6921,0,1,1,0.6921,0,1,1
prod,a79d50a8-f18c-4b6e-82b3-79dd14d48089,ear-training,100,0.6,0,0.246699,0.3384,0,0,2,0.1128,4,0,2,0.1353,3,0,2,0.3384,0,0,2,0.1128,4,0,2,0.1353,3,0,2
prod,0e0a9638-c1f2-4e42-8a34-1dab4a58d00e,ear-training,100,0.6,0,0.688952,0.6890,0,2,2,0.6890,0,2,2,0.6890,0,2,2,0.6890,0,2,2,0.6890,0,2,2,0.6890,0,2,2
prod,4d2cd28d-ac9c-44ac-8cae-5744997fe1c6,ear-training,100,0.6,0,0.393015,0.3930,0,0,4,0.3930,0,0,4,0.3930,0,0,4,0.3930,0,0,4,0.3930,0,0,4,0.3930,0,0,4
prod,2c66c71e-6887-45db-bed2-7f4d1de73171,ear-training,100,0.6,0,0.979897,0.9799,0,4,0,0.9799,0,4,0,0.9799,0,4,0,0.9799,0,4,0,0.9799,0,4,0,0.9799,0,4,0
prod,ad90c0b4-e79a-4f13-8ac3-b9d089e75382,ear-training,100,0.6,0,0.996914,0.9969,0,3,0,0.9969,0,3,0,0.9969,0,3,0,0.9969,0,3,0,0.9969,0,3,0,0.9969,0,3,0
prod,572d56e8-ceb1-47fc-aa42-6394d50aa47a,ear-training,100,0.6,0,0.388146,0.3881,0,0,3,0.3881,0,0,3,0.3881,0,0,3,0.3881,0,0,3,0.3881,0,0,3,0.3881,0,0,3
prod,1bd25b92-8f96-4861-9f1e-d622448e215b,ear-training,100,0.6,0,0.866667,0.8667,0,3,0,0.4333,3,3,0,0.6500,1,3,0,0.8667,0,3,0,0.4333,3,3,0,0.6500,1,3,0
prod,f55986ef-7eb9-4c69-8e95-449b33d6291b,ear-training,100,0.6,0,0.847358,0.8474,0,3,1,0.8474,0,3,1,0.8474,0,3,1,0.8474,0,3,1,0.8474,0,3,1,0.8474,0,3,1
prod,3050a317-b73e-4b22-8095-85c514c2f2c5,ear-training,100,0.6,0,0.784568,0.7846,0,2,1,0.7846,0,2,1,0.7846,0,2,1,0.7846,0,2,1,0.7846,0,2,1,0.7846,0,2,1
prod,f56877b0-a87b-4236-8f90-bb8fa85bf17d,ear-training,100,0.6,0,0.812103,0.8121,0,3,1,0.8121,0,3,1,0.8121,0,3,1,0.8121,0,3,1,0.8121,0,3,1,0.8121,0,3,1
prod,f1b5977b-69e0-456c-8e7a-76cc392cc0bb,ear-training,100,0.6,0,0.990573,0.9906,0,3,0,0.9906,0,3,0,0.9906,0,3,0,0.9906,0,3,0,0.9906,0,3,0,0.9906,0,3,0
prod,45264287-6dbd-4f4b-8688-da50351c0567,ear-training,100,0.6,0,0.590741,0.5907,0,1,2,0.5907,0,1,2,0.5907,0,1,2,0.5907,0,1,2,0.5907,0,1,2,0.5907,0,1,2
prod,5bd7cfb7-5506-49cf-ab39-6c7071029b10,ear-training,100,0.6,0,0.586428,0.5864,0,1,2,0.5864,0,1,2,0.5864,0,1,2,0.5864,0,1,2,0.5864,0,1,2,0.5864,0,1,2
prod,b1f65e26-94e2-4103-85b9-811cc5d7a6d5,ear-training,100,0.6,0,0.543827,0.7704,0,2,1,0.7704,0,2,1,0.7704,0,2,1,0.7704,0,2,1,0.7704,0,2,1,0.7704,0,2,1
prod,2aa413ac-006a-4ca5-94b0-75cfcbafa106,ear-training,100,0.6,0,0.857407,0.9877,0,3,0,0.4233,4,3,0,0.5926,2,3,0,0.8574,0,3,0,0.4287,3,3,0,0.6431,1,3,0
prod,a74c97ca-e976-4915-ba8a-89af6fa076ad,ear-training,100,0.6,0,0.584114,0.5841,0,1,2,0.5841,0,1,2,0.5841,0,1,2,0.5841,0,1,2,0.5841,0,1,2,0.5841,0,1,2
prod,fbdd1e11-d1f6-4e47-bd01-4e53130dc6ec,ear-training,100,0.6,0,0.454108,0.4541,0,2,5,0.4541,0,2,5,0.4541,0,2,5,0.4541,0,2,5,0.4541,0,2,5,0.4541,0,2,5
prod,5be4985f-eeb0-41dd-8412-168d3f3750ef,ear-training,100,0.6,0,0.992681,0.9927,0,4,0,0.9927,0,4,0,0.9927,0,4,0,0.9927,0,4,0,0.9927,0,4,0,0.9927,0,4,0
prod,dbdcda2b-be60-4473-aa81-539fff3284af,ear-training,100,0.6,0,0.990741,0.9907,0,3,0,0.9907,0,3,0,0.9907,0,3,0,0.9907,0,3,0,0.9907,0,3,0,0.9907,0,3,0
prod,0af0f4f4-9b3f-4564-8a22-b9d7468f783d,ear-training,100,0.6,0,0.988501,0.9885,0,4,0,0.9885,0,4,0,0.9885,0,4,0,0.9885,0,4,0,0.9885,0,4,0,0.9885,0,4,0
prod,c21daccf-443d-45d3-8797-76ecd104f558,ear-training,100,0.6,0,0.520868,0.5209,0,1,3,0.5209,0,1,3,0.5209,0,1,3,0.5209,0,1,3,0.5209,0,1,3,0.5209,0,1,3
prod,4a8f2d74-a276-4451-9e23-d79ee31ebfe0,ear-training,100,0.6,0,0.989263,0.9893,0,3,0,0.9893,0,3,0,0.9893,0,3,0,0.9893,0,3,0,0.9893,0,3,0,0.9893,0,3,0
prod,d6515690-3778-49bc-bddc-be4be7628b84,ear-training,100,0.6,0,0.969451,0.9695,0,4,0,0.9695,0,4,0,0.9695,0,4,0,0.9695,0,4,0,0.9695,0,4,0,0.9695,0,4,0
prod,7e79acb7-2151-4d11-b82e-124998c5186f,ear-training,100,0.6,0,0.392577,0.3926,0,0,4,0.3926,0,0,4,0.3926,0,0,4,0.3926,0,0,4,0.3926,0,0,4,0.3926,0,0,4
prod,31518ead-9637-494c-9a68-a822d7121c2d,ear-training,100,0.6,0,0.704011,0.7040,0,5,2,0.7040,0,5,2,0.7040,0,5,2,0.7040,0,5,2,0.7040,0,5,2,0.7040,0,5,2
prod,6dadf960-2ce2-4442-80f6-bb15d571bb24,ear-training,100,0.6,0,0.334822,0.3133,0,1,5,0.3133,0,1,5,0.3133,0,1,5,0.3133,0,1,5,0.3133,0,1,5,0.3133,0,1,5
prod,24bf200f-9558-4c63-a651-12b552fdb8f0,ear-training,100,0.6,0,0.994075,0.9941,0,3,0,0.9941,0,3,0,0.9941,0,3,0,0.9941,0,3,0,0.9941,0,3,0,0.9941,0,3,0
prod,687f393e-8b09-4295-891f-f332e6c37613,ear-training,100,0.6,0,0.985542,0.9855,0,3,0,0.9855,0,3,0,0.9855,0,3,0,0.9855,0,3,0,0.9855,0,3,0,0.9855,0,3,0
prod,93bf6d04-3aa1-4f5f-bd31-29462ca380aa,ear-training,100,0.6,0,0.895619,0.9086,0,8,1,0.8177,1,8,1,0.8177,1,8,1,0.7764,0,6,3,0.7764,0,6,3,0.7764,0,6,3
prod,eb9778b0-fbb9-42d4-a4e0-1912d8011b2e,ear-training,100,0.6,0,0.988104,0.9881,0,3,0,0.9881,0,3,0,0.9881,0,3,0,0.9881,0,3,0,0.9881,0,3,0,0.9881,0,3,0
prod,565875ac-4499-417e-8e89-d31e931ddc1a,ear-training,100,0.6,0,0.979091,0.9791,0,4,0,0.9791,0,4,0,0.9791,0,4,0,0.9791,0,4,0,0.9791,0,4,0,0.9791,0,4,0
prod,2768335b-6108-4d6f-bc37-14d5bd6cafa6,ear-training,100,0.6,0,0.68835,0.6884,0,2,2,0.6884,0,2,2,0.6884,0,2,2,0.6884,0,2,2,0.6884,0,2,2,0.6884,0,2,2
prod,2d11126d-fed0-426e-94f2-3ed3fa3397ab,ear-training,100,0.6,0,0.899345,0.9120,0,2,0,0.6080,1,2,0,0.9120,0,2,0,0.8993,0,2,0,0.5996,1,2,0,0.8993,0,2,0
prod,191f971c-95bf-4e63-a751-47ab3183f6fc,ear-training,100,0.6,0,0.784203,0.7842,0,4,2,0.6722,1,4,2,0.6722,1,4,2,0.7842,0,4,2,0.6722,1,4,2,0.6722,1,4,2
prod,cc755f1c-e3ad-48cd-9ff2-1020d7a81d62,ear-training,100,0.6,0,0.574956,0.5750,0,2,4,0.5750,0,2,4,0.5750,0,2,4,0.5750,0,2,4,0.5750,0,2,4,0.5750,0,2,4
prod,35feb99d-2040-42df-a69a-7d8c5b752477,ear-training,100,0.6,0,0.994892,0.9949,0,4,0,0.9949,0,4,0,0.9949,0,4,0,0.9949,0,4,0,0.9949,0,4,0,0.9949,0,4,0
prod,3ac09897-31f5-4476-8fe0-4ea46bfa2b05,ear-training,100,0.6,0,0.993383,0.9934,0,4,0,0.9934,0,4,0,0.9934,0,4,0,0.9934,0,4,0,0.9934,0,4,0,0.9934,0,4,0
prod,3da6fca1-07fc-4f2b-b685-ea874f642952,ear-training,100,0.6,0,0.967158,0.9672,0,3,0,0.9672,0,3,0,0.9672,0,3,0,0.9672,0,3,0,0.9672,0,3,0,0.9672,0,3,0
prod,ae29c56b-4ec5-4c2a-b2c4-fbd2de151ff0,ear-training,100,0.6,0,0.986411,0.9864,0,3,0,0.9864,0,3,0,0.9864,0,3,0,0.9864,0,3,0,0.9864,0,3,0,0.9864,0,3,0
prod,673848bb-8733-446e-96db-154511ca0e9b,ear-training,100,0.6,0,0.99761,0.9976,0,4,0,0.9976,0,4,0,0.9976,0,4,0,0.9976,0,4,0,0.9976,0,4,0,0.9976,0,4,0
prod,32b6d45c-e847-4b2f-b537-bf20e2fc2909,ear-training,100,0.6,0,0.701861,0.7019,0,3,1,0.5615,1,3,1,0.5615,1,3,1,0.7019,0,3,1,0.5615,1,3,1,0.5615,1,3,1
prod,d76c150f-adda-49cd-8bc1-72e8fdbf9454,ear-training,100,0.6,0,0.417605,0.4176,0,1,3,0.3341,1,1,3,0.3341,1,1,3,0.9748,0,4,0,0.9748,0,4,0,0.9748,0,4,0
prod,645ffcfc-a5d1-4466-b5c4-479954d10cbb,ear-training,100,0.6,0,0.991526,0.9915,0,3,0,0.9915,0,3,0,0.9915,0,3,0,0.9915,0,3,0,0.9915,0,3,0,0.9915,0,3,0
prod,b6400f32-2b72-422c-8c40-89207ae3164c,ear-training,100,0.6,0,0.995574,0.9956,0,3,0,0.9956,0,3,0,0.9956,0,3,0,0.9956,0,3,0,0.9956,0,3,0,0.9956,0,3,0
prod,fb8fb657-d4c2-4db9-bbb4-9f53360d8a3b,ear-training,100,0.6,0,0.328664,0.3287,0,0,3,0.1409,4,0,3,0.1409,4,0,3,0.3108,0,0,3,0.1554,3,0,3,0.1554,3,0,3
prod,8fa08a7b-ed9b-4b2a-a168-e65226c59a6a,ear-training,100,0.6,0,0.957344,0.9573,0,4,0,0.9573,0,4,0,0.9573,0,4,0,0.9573,0,4,0,0.9573,0,4,0,0.9573,0,4,0
prod,c41ad0b2-8a0e-4074-b380-bb087f5c3619,ear-training,100,0.6,0,0.592086,0.6569,0,2,2,0.5255,1,2,2,0.5255,1,2,2,0.6569,0,2,2,0.5255,1,2,2,0.5255,1,2,2
prod,225a4ceb-816c-40f7-9c18-bc8790682ae3,ear-training,100,0.6,0,0.541623,0.5416,0,1,3,0.5416,0,1,3,0.5416,0,1,3,0.5416,0,1,3,0.5416,0,1,3,0.5416,0,1,3
prod,d0b2e5de-3d47-4f22-a8e3-12fa82d6a60b,ear-training,100,0.6,0,0.498611,0.8171,0,3,1,0.4086,4,3,1,0.6537,1,3,1,0.8171,0,3,1,0.4086,4,3,1,0.6537,1,3,1
prod,9fdaf9b1-2891-4fd8-9ea6-d9bfe7ee19b1,ear-training,100,0.6,0,0.778395,0.7784,0,2,1,0.4670,2,2,1,0.7784,0,2,1,0.7784,0,2,1,0.4670,2,2,1,0.7784,0,2,1
prod,56a48b91-ee5a-48fe-9f3d-5d81c22470b0,ear-training,100,0.6,0,0.776434,0.7764,0,2,1,0.7764,0,2,1,0.7764,0,2,1,0.7764,0,2,1,0.7764,0,2,1,0.7764,0,2,1
prod,8dcef015-d3b0-4985-ab9a-3bfaf181b8ba,ear-training,100,0.6,0,0.543609,0.5691,0,1,2,0.4269,1,1,2,0.4269,1,1,2,0.5691,0,1,2,0.4269,1,1,2,0.4269,1,1,2
prod,20a92b48-6ae0-4fc6-91a8-c1d35f08cec8,ear-training,100,0.6,0,0.98079,0.9808,0,7,0,0.9808,0,7,0,0.9808,0,7,0,0.9808,0,7,0,0.9808,0,7,0,0.9808,0,7,0
prod,7098680f-97fa-4838-a0e7-0558fa799f7f,ear-training,100,0.6,0,0.989053,0.9891,0,4,0,0.9891,0,4,0,0.9891,0,4,0,0.9891,0,4,0,0.9891,0,4,0,0.9891,0,4,0
prod,0e5869d6-23ff-4700-abfd-447769f7107f,ear-training,100,0.6,0,0.808163,0.8082,0,3,1,0.6465,1,3,1,0.6465,1,3,1,0.8082,0,3,1,0.6465,1,3,1,0.6465,1,3,1
prod,290d13a9-e5d5-45e2-b4b3-6fedeab38d45,ear-training,100,0.6,0,0.860641,0.8606,0,6,1,0.7531,1,6,1,0.7531,1,6,1,0.8606,0,6,1,0.7531,1,6,1,0.7531,1,6,1
prod,021ed388-7945-4579-a9de-a995da7820bc,ear-training,100,0.6,0,0.969026,0.9690,0,4,0,0.9690,0,4,0,0.9690,0,4,0,0.9690,0,4,0,0.9690,0,4,0,0.9690,0,4,0
prod,5c400b41-7f33-4a9f-ba79-7531b0e5a472,ear-training,100,0.6,0,0.375901,0.3759,0,0,4,0.3759,0,0,4,0.3759,0,0,4,0.3759,0,0,4,0.3759,0,0,4,0.3759,0,0,4
prod,e576c76d-1a2b-4b55-8316-7b7de3ea6af2,ear-training,100,0.6,0,0.944444,0.9444,0,3,0,0.7083,1,3,0,0.7083,1,3,0,0.9444,0,3,0,0.7083,1,3,0,0.7083,1,3,0
prod,2176567e-f38b-42da-a452-e1580cd0710d,ear-training,100,0.6,0,0.920818,0.9208,0,4,0,0.7367,1,4,0,0.7367,1,4,0,0.9208,0,4,0,0.7367,1,4,0,0.7367,1,4,0
prod,94cf0e6b-c2e2-4f34-86df-f4381068e899,ear-training,100,0.6,0,0.686335,0.6863,0,2,2,0.6863,0,2,2,0.6863,0,2,2,0.6863,0,2,2,0.6863,0,2,2,0.6863,0,2,2
prod,cdd5d2b3-0990-4f3a-bb3c-c03a8642d0cd,ear-training,100,0.6,0,0.601644,0.6016,0,2,2,0.6016,0,2,2,0.6016,0,2,2,0.6016,0,2,2,0.6016,0,2,2,0.6016,0,2,2
prod,202c62c9-6825-4a54-9ee5-5b5b791ceff4,ear-training,100,0.6,0,0.996101,0.9961,0,4,0,0.9961,0,4,0,0.9961,0,4,0,0.9961,0,4,0,0.9961,0,4,0,0.9961,0,4,0
prod,fffc8a82-6109-4aca-b8cc-45e45eb62f69,ear-training,100,0.6,0,0.982267,0.9823,0,3,0,0.9823,0,3,0,0.9823,0,3,0,0.9823,0,3,0,0.9823,0,3,0,0.9823,0,3,0
prod,f36b63d9-4947-4cde-91c6-b7c91946470c,ear-training,100,0.6,0,0.990501,0.9905,0,3,0,0.9905,0,3,0,0.9905,0,3,0,0.9905,0,3,0,0.9905,0,3,0,0.9905,0,3,0
prod,66035642-8785-42cf-ab26-c6a87c753a8d,ear-training,100,0.6,0,0.970545,0.9705,0,7,0,0.9705,0,7,0,0.9705,0,7,0,0.9705,0,7,0,0.9705,0,7,0,0.9705,0,7,0
prod,6cbdb4a6-dfb6-4baf-9ac5-9e2a232015e9,ear-training,100,0.6,0,0.995851,0.9959,0,3,0,0.9959,0,3,0,0.9959,0,3,0,0.9959,0,3,0,0.9959,0,3,0,0.9959,0,3,0
prod,c63074bd-88f0-445c-a507-95934a9a2855,ear-training,100,0.6,0,0.787251,0.7873,0,2,1,0.7873,0,2,1,0.7873,0,2,1,0.7873,0,2,1,0.7873,0,2,1,0.7873,0,2,1
prod,4b48626a-2321-4041-8b45-d1fe3cd2078c,ear-training,100,0.6,0,0.991087,0.9911,0,2,0,0.9911,0,2,0,0.9911,0,2,0,0.9911,0,2,0,0.9911,0,2,0,0.9911,0,2,0
prod,50ef4f4e-5e3a-4405-a409-c7ca2dada88e,ear-training,100,0.6,0,0.988213,0.9882,0,3,0,0.9882,0,3,0,0.9882,0,3,0,0.9882,0,3,0,0.9882,0,3,0,0.9882,0,3,0
prod,e4c9b3a5-110f-4d42-a35f-7740fc135510,ear-training,100,0.6,0,0.479321,0.5114,0,2,3,0.5114,0,2,3,0.5114,0,2,3,0.5114,0,2,3,0.5114,0,2,3,0.5114,0,2,3
prod,c6568285-5ca0-46dc-a5a9-db9906a51a7c,ear-training,100,0.6,0,0.598542,0.6034,0,3,5,0.6034,0,3,5,0.6034,0,3,5,0.5985,0,3,5,0.5985,0,3,5,0.5985,0,3,5
prod,dcf1afe6-755d-4f7f-969b-b1c3cada82fe,ear-training,100,0.6,0,0.614889,0.6149,0,5,1,0.6149,0,5,1,0.6149,0,5,1,0.6149,0,5,1,0.6149,0,5,1,0.6149,0,5,1
prod,c9f1f64b-c9b0-49bc-ae98-3403a6fff9d9,ear-training,100,0.6,0,0.761605,0.7894,0,10,0,0.7894,0,10,0,0.7894,0,10,0,0.7894,0,10,0,0.7894,0,10,0,0.7894,0,10,0
prod,deb16c3d-59b5-4e20-803a-dbbf3539e311,ear-training,100,0.6,0,0.969335,0.9693,0,5,0,0.9693,0,5,0,0.9693,0,5,0,0.9693,0,5,0,0.9693,0,5,0,0.9693,0,5,0
prod,0e207260-43e9-4336-9f04-39d1d24a4020,ear-training,100,0.6,0,0.749796,0.7498,0,3,2,0.7498,0,3,2,0.7498,0,3,2,0.7498,0,3,2,0.7498,0,3,2,0.7498,0,3,2
prod,d2acc1dc-2446-4642-bd8f-185ee410cd2f,ear-training,100,0.6,0,0.980629,0.9806,0,3,0,0.9806,0,3,0,0.9806,0,3,0,0.9806,0,3,0,0.9806,0,3,0,0.9806,0,3,0
prod,3c7db620-c1ac-4281-8cba-19f7920f8a03,ear-training,100,0.6,0,0.937831,0.9378,0,2,0,0.6252,1,2,0,0.9378,0,2,0,0.9378,0,2,0,0.6252,1,2,0,0.9378,0,2,0
prod,b2072d61-7c03-4b24-aee5-94b8fef0195e,ear-training,100,0.6,0,0.612119,0.6277,0,4,3,0.5580,1,4,3,0.5580,1,4,3,0.6277,0,4,3,0.5580,1,4,3,0.5580,1,4,3
prod,8a2038fc-5bff-46d9-b0cf-e53d53239af1,ear-training,100,0.6,0,0.660708,0.6607,0,4,4,0.6607,0,4,4,0.6607,0,4,4,0.6607,0,4,4,0.6607,0,4,4,0.6607,0,4,4
prod,62734611-d77f-4018-bf1b-3af20be48c8e,ear-training,100,0.6,0,0.790501,0.7905,0,6,1,0.7905,0,6,1,0.7905,0,6,1,0.7905,0,6,1,0.7905,0,6,1,0.7905,0,6,1
prod,223680dc-83cf-4d60-b7af-e990c93a51a6,ear-training,100,0.6,0,0.988838,0.9888,0,3,0,0.9888,0,3,0,0.9888,0,3,0,0.9888,0,3,0,0.9888,0,3,0,0.9888,0,3,0
prod,d0f0ce24-7c57-46a0-8b17-acbbad4edbfe,ear-training,100,0.6,0,0.986754,0.9868,0,2,0,0.6578,1,2,0,0.6578,1,2,0,0.9641,0,2,0,0.6427,1,2,0,0.6427,1,2,0
prod,b18ae793-9979-49b4-8e94-206519752f57,ear-training,100,0.6,0,0.486842,0.4868,0,1,5,0.4868,0,1,5,0.4868,0,1,5,0.4868,0,1,5,0.4868,0,1,5,0.4868,0,1,5
prod,02cd351e-4c11-4c79-b9dc-de90389b17f6,ear-training,100,0.6,0,0.620566,0.6206,0,3,3,0.5319,1,3,3,0.5319,1,3,3,0.6233,0,3,2,0.5342,1,3,2,0.5342,1,3,2
prod,8306ce87-1466-4c59-a45c-538408295751,ear-training,100,0.6,0,0.981481,0.9815,0,3,0,0.9815,0,3,0,0.9815,0,3,0,0.9815,0,3,0,0.9815,0,3,0,0.9815,0,3,0
prod,8922557b-9430-4869-a036-6de6f3fa8d35,ear-training,100,0.6,0,0.528801,0.7357,0,3,0,0.7357,0,3,0,0.7357,0,3,0,0.7357,0,3,0,0.7357,0,3,0,0.7357,0,3,0
prod,cc22ec65-077f-4bce-8df4-a1025c67aee8,ear-training,100,0.6,0,0.40896,0.4090,0,1,2,0.4090,0,1,2,0.4090,0,1,2,0.4090,0,1,2,0.4090,0,1,2,0.4090,0,1,2
prod,f82b003d-4871-4361-aabe-71355c3b9427,ear-training,100,0.6,0,0.662663,0.6627,0,9,2,0.6117,1,9,2,0.6117,1,9,2,0.6627,0,9,2,0.6117,1,9,2,0.6117,1,9,2
prod,4b041ddb-1780-4760-827d-480ff9e7a42c,ear-training,100,0.6,0,0.42435,0.5176,0,4,7,0.4141,3,4,7,0.4141,3,4,7,0.5176,0,4,7,0.4141,3,4,7,0.4141,3,4,7
prod,f6cd4499-5706-41b3-b113-66bf3345d4e6,ear-training,100,0.6,0,0.578813,0.5788,0,2,4,0.5788,0,2,4,0.5788,0,2,4,0.5788,0,2,4,0.5788,0,2,4,0.5788,0,2,4
prod,141f97ea-6b1e-4df8-9041-2881db112c36,ear-training,100,0.6,0,0.588719,0.5887,0,2,4,0.5887,0,2,4,0.5887,0,2,4,0.5887,0,2,4,0.5887,0,2,4,0.5887,0,2,4
prod,b54edb0b-41a3-4036-ad06-e5f91882e807,ear-training,100,0.6,0,0.815457,0.8155,0,7,0,0.7249,1,7,0,0.7249,1,7,0,0.8155,0,7,0,0.7249,1,7,0,0.7249,1,7,0
prod,ef2dad3b-d0d8-435b-9a68-41728cfd1f7c,ear-training,100,0.6,0,0.659327,0.8171,0,7,0,0.6537,2,7,0,0.6537,2,7,0,0.7784,0,6,2,0.6919,1,6,2,0.6919,1,6,2
prod,15273763-6f42-4289-930e-2de4f0883f43,ear-training,100,0.6,0,0.627897,0.6398,0,4,1,0.5484,1,4,1,0.5484,1,4,1,0.6398,0,4,1,0.5484,1,4,1,0.5484,1,4,1
prod,671f1f24-ebfc-4772-8037-7e2f509859c9,ear-training,100,0.6,0,0.586285,0.6181,0,3,2,0.6181,0,3,2,0.6181,0,3,2,0.6181,0,3,2,0.6181,0,3,2,0.6181,0,3,2
prod,54bab722-1245-4d5f-8d6f-e436d409a516,ear-training,100,0.6,0,0.746135,0.7454,0,3,2,0.7454,0,3,2,0.7454,0,3,2,0.7454,0,3,2,0.7454,0,3,2,0.7454,0,3,2
prod,b2649652-d092-4301-82a9-5cb43d8d6957,ear-training,100,0.6,0,0.771296,0.7894,0,3,1,0.5262,2,3,1,0.6315,1,3,1,0.7894,0,3,1,0.5262,2,3,1,0.6315,1,3,1
prod,4f3fca76-a1e0-49fc-a5f8-0a98ce1bb7b6,ear-training,100,0.6,0,0.976379,0.9764,0,3,0,0.9764,0,3,0,0.9764,0,3,0,0.9764,0,3,0,0.9764,0,3,0,0.9764,0,3,0
prod,d3e6cc14-bdde-4b1d-bada-4d04885580e8,ear-training,100,0.6,0,0.983607,0.9836,0,4,0,0.9836,0,4,0,0.9836,0,4,0,0.9836,0,4,0,0.9836,0,4,0,0.9836,0,4,0
prod,96d7c3f4-02c4-4b29-9c77-85067dda477d,ear-training,100,0.6,0,0.842051,0.8421,0,3,1,0.8421,0,3,1,0.8421,0,3,1,0.8421,0,3,1,0.8421,0,3,1,0.8421,0,3,1
prod,027b7924-64cc-4471-ab7a-ea9e84f27c98,ear-training,100,0.6,0,0.989182,0.9892,0,4,0,0.9892,0,4,0,0.9892,0,4,0,0.9892,0,4,0,0.9892,0,4,0,0.9892,0,4,0
prod,cca5883f-aa22-4b60-a43b-a3e833d8cdf1,ear-training,100,0.6,0,0.953704,0.9537,0,5,0,0.7948,1,5,0,0.9537,0,5,0,0.9537,0,5,0,0.7948,1,5,0,0.9537,0,5,0
prod,fc48cc18-cf10-4518-bd01-5af0f71f6abb,ear-training,100,0.6,0,0.910714,0.9107,0,2,0,0.6071,1,2,0,0.6071,1,2,0,0.9107,0,2,0,0.6071,1,2,0,0.6071,1,2,0
prod,b50a18e1-6df7-4dec-8bb2-ef38e1946399,ear-training,100,0.6,0,0.990741,0.9907,0,3,0,0.9907,0,3,0,0.9907,0,3,0,0.9907,0,3,0,0.9907,0,3,0,0.9907,0,3,0
prod,5a1081dc-2820-44b6-925e-39738da3547e,ear-training,100,0.6,0,0.762809,0.7628,0,3,1,0.7628,0,3,1,0.7628,0,3,1,0.7628,0,3,1,0.7628,0,3,1,0.7628,0,3,1
prod,f42f7476-fb8b-4f97-830b-bfcf0517407c,ear-training,100,0.6,0,0.983653,0.9866,0,5,0,0.9866,0,5,0,0.9866,0,5,0,0.9866,0,5,0,0.9866,0,5,0,0.9866,0,5,0
prod,4ec691ff-b905-4d99-bfd4-75e1c5c57d56,ear-training,100,0.6,0,0.53064,0.5306,0,2,3,0.3316,3,2,3,0.3790,2,2,3,0.5306,0,2,3,0.3316,3,2,3,0.3790,2,2,3
prod,cc0794b5-149a-4169-af38-6748f0304b50,ear-training,100,0.6,0,0.972222,0.9722,0,5,0,0.9722,0,5,0,0.9722,0,5,0,0.9722,0,5,0,0.9722,0,5,0,0.9722,0,5,0
prod,1c445184-3a86-454f-9635-2ff5ab9935f6,ear-training,100,0.6,0,0.905093,0.9051,0,4,0,0.7241,1,4,0,0.7241,1,4,0,0.9051,0,4,0,0.7241,1,4,0,0.7241,1,4,0
prod,49e2441c-00ae-42b2-99ea-4e48d3ac1b63,ear-training,100,0.6,0,0.9707,0.9707,0,5,0,0.9707,0,5,0,0.9707,0,5,0,0.9707,0,5,0,0.9707,0,5,0,0.9707,0,5,0
prod,e2e528e2-521d-4663-978d-0697220536f7,ear-training,100,0.6,0,0.717491,0.7175,0,3,2,0.7175,0,3,2,0.7175,0,3,2,0.6623,0,3,1,0.6623,0,3,1,0.6623,0,3,1
prod,cf31db11-bbe9-4f17-a760-6e1aa3561b13,ear-training,100,0.6,0,0.874118,0.8741,0,4,0,0.6993,1,4,0,0.6993,1,4,0,0.8741,0,4,0,0.6993,1,4,0,0.6993,1,4,0
prod,cffb35ee-4b00-4eb9-8b2b-fd9f8aee24fd,ear-training,100,0.6,0,0.860629,0.8695,0,6,1,0.8695,0,6,1,0.8695,0,6,1,0.8695,0,6,1,0.8695,0,6,1,0.8695,0,6,1
prod,f9f1d2cd-fb06-49a3-81e1-daed5fb02feb,ear-training,100,0.6,0,0.594846,0.5948,0,3,4,0.5948,0,3,4,0.5948,0,3,4,0.5948,0,3,4,0.5948,0,3,4,0.5948,0,3,4
prod,8440016c-4d57-4004-95cf-02a38492f8f8,ear-training,100,0.6,0,0.531942,0.5141,0,3,5,0.4207,2,3,5,0.4627,1,3,5,0.5141,0,3,5,0.4207,2,3,5,0.4627,1,3,5
prod,d68dc459-2f36-4672-a15b-750598fcf171,ear-training,100,0.6,0,0.995305,0.9953,0,3,0,0.9953,0,3,0,0.9953,0,3,0,0.9953,0,3,0,0.9953,0,3,0,0.9953,0,3,0
prod,923a45af-c538-4bfb-8da5-c57ae8ce085d,ear-training,100,0.6,0,0.688889,0.7383,0,2,1,0.4430,2,2,1,0.4430,2,2,1,0.7383,0,2,1,0.4430,2,2,1,0.4430,2,2,1
prod,7b2fffdd-d987-41a6-be26-2e91a21e2252,ear-training,100,0.6,0,0.997321,0.9973,0,3,0,0.9973,0,3,0,0.9973,0,3,0,0.9973,0,3,0,0.9973,0,3,0,0.9973,0,3,0
prod,5753ba7b-958b-425e-9ffc-2859765d80f2,ear-training,100,0.6,0,0.905145,0.9051,0,6,1,0.9051,0,6,1,0.9051,0,6,1,0.9051,0,6,1,0.9051,0,6,1,0.9051,0,6,1
prod,e9cf0e0e-7ae8-42ce-9623-3ed82856e7d3,ear-training,100,0.6,0,0.99423,0.9942,0,3,0,0.9942,0,3,0,0.9942,0,3,0,0.9942,0,3,0,0.9942,0,3,0,0.9942,0,3,0
prod,b760420b-0e10-4685-bdd0-052ab7f89628,ear-training,100,0.6,0,0.993827,0.9938,0,3,0,0.9938,0,3,0,0.9938,0,3,0,0.9938,0,3,0,0.9938,0,3,0,0.9938,0,3,0
prod,a872899b-4a27-4b8f-b937-ac5b03c0e8ad,ear-training,100,0.6,0,0.9817,0.9817,0,3,0,0.9817,0,3,0,0.9817,0,3,0,0.9817,0,3,0,0.9817,0,3,0,0.9817,0,3,0
prod,67d9fe20-80c5-4601-bb6d-d9aad6fd9048,ear-training,100,0.6,0,0.895092,0.8951,0,6,1,0.8951,0,6,1,0.8951,0,6,1,0.8951,0,6,1,0.8951,0,6,1,0.8951,0,6,1
prod,08afb5c6-f025-4fd5-b9dc-25015f4df9fa,ear-training,100,0.6,0,0.578411,0.5784,0,5,1,0.5061,1,5,1,0.5061,1,5,1,0.5784,0,5,1,0.5061,1,5,1,0.5061,1,5,1
prod,fafb1bc8-1f4f-4dd5-be80-77c5b6122763,ear-training,100,0.6,0,0.660559,0.6606,0,6,0,0.5138,2,6,0,0.5138,2,6,0,0.5801,0,5,1,0.5076,1,5,1,0.5076,1,5,1
prod,ae01ce6a-f0a7-44e4-b886-03418a5aabf6,ear-training,100,0.6,0,0.969136,0.9691,0,3,0,0.7269,1,3,0,0.9691,0,3,0,0.9691,0,3,0,0.7269,1,3,0,0.9691,0,3,0
prod,e7a757ac-d826-4ad4-a721-1ebe64bbfb71,ear-training,100,0.6,0,0.796674,0.7967,0,2,1,0.7967,0,2,1,0.7967,0,2,1,0.7967,0,2,1,0.7967,0,2,1,0.7967,0,2,1
prod,506ff690-9984-4db9-adc4-d86de92f4e30,ear-training,100,0.6,0,0.851187,0.8512,0,7,0,0.8512,0,7,0,0.8512,0,7,0,0.8512,0,7,0,0.8512,0,7,0,0.8512,0,7,0
prod,9df92a6f-2d78-4f9a-8fae-66ef26b87bb9,ear-training,100,0.6,0,0.978395,0.9784,0,3,0,0.9784,0,3,0,0.9784,0,3,0,0.9784,0,3,0,0.9784,0,3,0,0.9784,0,3,0
prod,9eeda1b8-03ed-4613-b15c-1f3355a43c4a,ear-training,100,0.6,0,0.247569,0.2476,0,0,2,0.1238,2,0,2,0.1650,1,0,2,0.2476,0,0,2,0.1238,2,0,2,0.1650,1,0,2
prod,d90ca068-a255-4092-b305-becbc8f9fc09,ear-training,100,0.6,0,0.607407,0.6074,0,1,1,0.3037,2,1,1,0.4049,1,1,1,0.6074,0,1,1,0.3037,2,1,1,0.4049,1,1,1
prod,6f11e1c5-1093-4247-9989-7231b4d7bc19,ear-training,100,0.6,0,0.977274,0.9773,0,3,0,0.9773,0,3,0,0.9773,0,3,0,0.9773,0,3,0,0.9773,0,3,0,0.9773,0,3,0
prod,7929716f-dd2a-43fd-9a01-8473bf81264f,ear-training,100,0.6,0,0.991236,0.9912,0,3,0,0.9912,0,3,0,0.9912,0,3,0,0.9912,0,3,0,0.9912,0,3,0,0.9912,0,3,0
prod,9281ef24-be65-49e9-8975-c7e6915ba481,ear-training,100,0.6,0,0.654989,0.6550,0,2,2,0.4367,2,2,2,0.4367,2,2,2,0.6550,0,2,2,0.4367,2,2,2,0.4367,2,2,2
prod,2ea15189-ba20-4f91-bd28-2c988cf94f3c,ear-training,100,0.6,0,0.394892,0.3949,0,0,4,0.3949,0,0,4,0.3949,0,0,4,0.3949,0,0,4,0.3949,0,0,4,0.3949,0,0,4
prod,70f04c33-dfee-4bb8-bcdf-deaf9be88ce2,ear-training,100,0.6,0,0.994892,0.9949,0,4,0,0.9949,0,4,0,0.9949,0,4,0,0.9949,0,4,0,0.9949,0,4,0,0.9949,0,4,0
prod,32fb5c5e-a639-414f-9af1-9083c887b2da,ear-training,100,0.6,0,0.99651,0.9965,0,3,0,0.9965,0,3,0,0.9965,0,3,0,0.9965,0,3,0,0.9965,0,3,0,0.9965,0,3,0
prod,4d3e8d62-2f7d-4447-8e91-eae3cfc3d391,ear-training,100,0.6,0,0.972222,0.9722,0,6,0,0.8333,1,6,0,0.9722,0,6,0,0.9722,0,6,0,0.8333,1,6,0,0.9722,0,6,0
prod,b2cce370-4c98-4897-8fcd-d4397d5de5ab,ear-training,100,0.6,0,0.593845,0.5938,0,4,2,0.4454,2,4,2,0.4454,2,4,2,0.7616,0,4,2,0.6528,1,4,2,0.7616,0,4,2
prod,66d72c47-1e78-4f1f-9cea-1452c074c8cd,ear-training,100,0.6,0,0.992068,0.9921,0,3,0,0.9921,0,3,0,0.9921,0,3,0,0.9921,0,3,0,0.9921,0,3,0,0.9921,0,3,0
prod,5ab446d1-29d4-450f-84ff-4bdd7df2a271,ear-training,100,0.6,0,0.936643,0.9366,0,4,0,0.6244,2,4,0,0.9366,0,4,0,0.9366,0,4,0,0.6244,2,4,0,0.9366,0,4,0
prod,f0f0a830-8aec-4f5b-ad01-2b9c97251961,ear-training,100,0.6,0,0.458886,0.4589,0,2,5,0.4079,1,2,5,0.4079,1,2,5,0.4589,0,2,5,0.4079,1,2,5,0.4079,1,2,5
prod,9def3747-7448-4cc6-881c-1a94c58308b2,ear-training,100,0.6,0,0.540561,0.5406,0,3,4,0.4805,1,3,4,0.4805,1,3,4,0.5406,0,3,4,0.4805,1,3,4,0.4805,1,3,4
prod,d8a5b97d-e5c5-4f5c-83c7-9d2fd5cb78c7,ear-training,100,0.6,0,0.993421,0.9934,0,8,0,0.9934,0,8,0,0.9934,0,8,0,0.9934,0,8,0,0.9934,0,8,0,0.9934,0,8,0
prod,a358d904-3e2b-42dd-99eb-f359a88235c0,ear-training,100,0.6,0,0.985521,0.9855,0,8,0,0.9855,0,8,0,0.9855,0,8,0,0.9855,0,8,0,0.9855,0,8,0,0.9855,0,8,0
prod,2eadd028-6347-4084-bf7a-b190abd3ef2c,ear-training,100,0.6,0,0.953704,0.9537,0,3,0,0.7153,1,3,0,0.9537,0,3,0,0.9537,0,3,0,0.7153,1,3,0,0.9537,0,3,0
prod,c794d1c0-40fe-4e85-9827-40d8610c2436,ear-training,100,0.6,0,0.684429,0.6844,0,2,1,0.5133,1,2,1,0.6844,0,2,1,0.6844,0,2,1,0.5133,1,2,1,0.6844,0,2,1
prod,b807cf5c-02bb-4caf-936c-ce85bf7abbdf,ear-training,100,0.6,0,0.990741,0.9907,0,3,0,0.9907,0,3,0,0.9907,0,3,0,0.9907,0,3,0,0.9907,0,3,0,0.9907,0,3,0
prod,56ee4b63-798f-417f-9258-84958a69ec12,ear-training,100,0.6,0,0.99423,0.9942,0,3,0,0.9942,0,3,0,0.9942,0,3,0,0.9942,0,3,0,0.9942,0,3,0,0.9942,0,3,0
prod,c539fb48-f8c9-4d6b-a3e4-e44d7f1568a9,ear-training,100,0.6,0,0.992473,0.9925,0,2,0,0.9925,0,2,0,0.9925,0,2,0,0.9925,0,2,0,0.9925,0,2,0,0.9925,0,2,0
prod,9c7743e5-0bdb-4878-812c-8f36947a8d3a,ear-training,100,0.6,0,0.668892,0.7337,0,2,1,0.5503,1,2,1,0.5503,1,2,1,0.7337,0,2,1,0.5503,1,2,1,0.5503,1,2,1
prod,322f1ca7-c1e1-4dd8-85e8-85bba918110a,ear-training,100,0.6,0,0.333543,0.3335,0,0,3,0.3335,0,0,3,0.3335,0,0,3,0.3335,0,0,3,0.3335,0,0,3,0.3335,0,0,3
prod,6bfc95e2-59b6-4e54-bcdf-4432a268d1e6,ear-training,100,0.6,0,0.996504,0.9965,0,4,0,0.9965,0,4,0,0.9965,0,4,0,0.9965,0,4,0,0.9965,0,4,0,0.9965,0,4,0
prod,ecc79c3b-f593-4b56-b68e-7f4386df6967,ear-training,100,0.6,0,0.842174,0.8422,0,3,1,0.8422,0,3,1,0.8422,0,3,1,0.8422,0,3,1,0.8422,0,3,1,0.8422,0,3,1
prod,b186cad2-f1e6-43a1-944c-416827d61b5d,ear-training,100,0.6,0,0.975305,0.9753,0,8,0,0.9753,0,8,0,0.9753,0,8,0,0.9753,0,8,0,0.9753,0,8,0,0.9753,0,8,0
prod,918b1ad9-d427-413e-8c60-7d27051e7497,ear-training,100,0.6,0,0.383327,0.3833,0,0,6,0.3833,0,0,6,0.3833,0,0,6,0.3833,0,0,6,0.3833,0,0,6,0.3833,0,0,6
prod,25834fe1-8e72-4cd5-b35d-383b8c70c697,ear-training,100,0.6,0,0.530394,0.5304,0,2,4,0.5304,0,2,4,0.5304,0,2,4,0.5304,0,2,4,0.5304,0,2,4,0.5304,0,2,4
prod,3f49f706-badf-481a-a57d-f3b1933a4487,ear-training,100,0.6,0,0.982792,0.9828,0,4,0,0.9828,0,4,0,0.9828,0,4,0,0.9828,0,4,0,0.9828,0,4,0,0.9828,0,4,0
prod,1b59929e-8281-4313-a08e-82bb25fe86d0,ear-training,100,0.6,0,0.296013,0.3924,0,0,4,0.3139,1,0,4,0.3139,1,0,4,0.3924,0,0,4,0.3139,1,0,4,0.3139,1,0,4
prod,0d09d802-e231-4edd-bc08-35c5bc4312d4,ear-training,100,0.6,0,0.501146,0.5011,0,1,1,0.5011,0,1,1,0.5011,0,1,1,0.5011,0,1,1,0.5011,0,1,1,0.5011,0,1,1
prod,8caa9d66-2824-496f-a9da-6589aa1b5b05,ear-training,100,0.6,0,0.993827,0.9938,0,3,0,0.7454,1,3,0,0.9938,0,3,0,0.9938,0,3,0,0.7454,1,3,0,0.9938,0,3,0
prod,76df8fb4-d5d8-46fe-9023-ed99bf42bfc9,ear-training,100,0.6,0,0.999059,0.9991,0,3,0,0.9991,0,3,0,0.9991,0,3,0,0.9991,0,3,0,0.9991,0,3,0,0.9991,0,3,0
prod,ff5a5292-2a29-4bc8-b672-8787448f551b,ear-training,100,0.6,0,0.990102,0.9901,0,3,0,0.9901,0,3,0,0.9901,0,3,0,0.9901,0,3,0,0.9901,0,3,0,0.9901,0,3,0
prod,b9e67120-ab95-4992-8ea4-c3985623e5f3,ear-training,100,0.6,0,0.989859,0.9899,0,4,0,0.9899,0,4,0,0.9899,0,4,0,0.9899,0,4,0,0.9899,0,4,0,0.9899,0,4,0
prod,30053d7a-e00b-4919-b51f-904ff9c7f42b,ear-training,100,0.6,0,0.983006,0.9830,0,3,0,0.9830,0,3,0,0.9830,0,3,0,0.9830,0,3,0,0.9830,0,3,0,0.9830,0,3,0
prod,9c1f14f3-94ff-4583-a105-aa4bc31c31ff,ear-training,100,0.6,0,0.990741,0.9907,0,3,0,0.9907,0,3,0,0.9907,0,3,0,0.9907,0,3,0,0.9907,0,3,0,0.9907,0,3,0
prod,da35f05d-016e-400c-8027-b95349402c69,ear-training,100,0.6,0,0.966049,0.9660,0,3,0,0.9660,0,3,0,0.9660,0,3,0,0.9660,0,3,0,0.9660,0,3,0,0.9660,0,3,0
prod,8b4e711d-c396-4c37-949c-a920365d2da1,ear-training,100,0.6,0,0.976524,0.9765,0,4,0,0.9765,0,4,0,0.9765,0,4,0,0.9765,0,4,0,0.9765,0,4,0,0.9765,0,4,0
prod,e7333c2b-dc2d-403e-b2e1-c6ff26935ab6,ear-training,100,0.6,0,0.981767,0.9818,0,3,0,0.9818,0,3,0,0.9818,0,3,0,0.9818,0,3,0,0.9818,0,3,0,0.9818,0,3,0
prod,7ed0bef4-d4f7-4955-bb43-f62e4c0fdeb5,ear-training,100,0.6,0,0.962963,0.9630,0,3,0,0.7222,1,3,0,0.9630,0,3,0,0.9630,0,3,0,0.7222,1,3,0,0.9630,0,3,0
prod,aa60c4a9-fcd5-4f3b-a090-3be6204f19dd,ear-training,100,0.6,0,0.488251,0.4883,0,1,2,0.3662,1,1,2,0.3662,1,1,2,0.4883,0,1,2,0.3662,1,1,2,0.3662,1,1,2
prod,de9a04c7-733d-447d-a3e9-fe3afb233be3,ear-training,100,0.6,0,0.898765,0.9352,0,3,0,0.7014,1,3,0,0.7014,1,3,0,0.9352,0,3,0,0.7014,1,3,0,0.7014,1,3,0
prod,2da835f4-ce4a-4e7d-8a65-ab0212bae596,ear-training,100,0.6,0,0.552314,0.5877,0,1,2,0.5877,0,1,2,0.5877,0,1,2,0.5877,0,1,2,0.5877,0,1,2,0.5877,0,1,2
prod,6a409b47-4f8d-4d3e-b51d-8e2394c14408,ear-training,100,0.6,0,0.986155,0.9862,0,2,0,0.9862,0,2,0,0.9862,0,2,0,0.9862,0,2,0,0.9862,0,2,0,0.9862,0,2,0
prod,2188778c-1869-4a9c-adcd-7ab5b7902e3b,ear-training,100,0.6,0,0.950617,0.9506,0,3,0,0.7130,1,3,0,0.9506,0,3,0,0.9506,0,3,0,0.7130,1,3,0,0.9506,0,3,0
prod,5a5df257-e47f-447d-a48f-1ba92fde932f,ear-training,100,0.6,0,0.902778,0.9028,0,2,0,0.6019,1,2,0,0.9028,0,2,0,0.9028,0,2,0,0.6019,1,2,0,0.9028,0,2,0
prod,c4d5cdd1-9a08-4009-a315-b5200a29dfdc,ear-training,100,0.6,0,0.990174,0.9902,0,3,0,0.9902,0,3,0,0.9902,0,3,0,0.9902,0,3,0,0.9902,0,3,0,0.9902,0,3,0
prod,e947fd6a-18e2-4cde-b37a-ed4202cc3b24,ear-training,100,0.6,0,0.388864,0.3889,0,0,3,0.3889,0,0,3,0.3889,0,0,3,0.3889,0,0,3,0.3889,0,0,3,0.3889,0,0,3
prod,b0da14dc-bcc6-4120-b96d-5e3b3c1a95c3,ear-training,100,0.6,0,0.979494,0.9795,0,4,0,0.9795,0,4,0,0.9795,0,4,0,0.9795,0,4,0,0.9795,0,4,0,0.9795,0,4,0
prod,f9499f59-7d4a-47ff-89a6-53c7a901b90e,ear-training,100,0.6,0,0.534574,0.5346,0,1,3,0.5346,0,1,3,0.5346,0,1,3,0.5346,0,1,3,0.5346,0,1,3,0.5346,0,1,3
prod,dc8e5e15-b36c-462e-8ee4-835724917a50,ear-training,100,0.6,0,0.87963,0.8796,0,3,0,0.8796,0,3,0,0.8796,0,3,0,0.8796,0,3,0,0.8796,0,3,0,0.8796,0,3,0
prod,0c92e2be-24a7-4879-822f-fe5b9fcabe00,ear-training,100,0.6,0,0.846101,0.8461,0,3,1,0.8461,0,3,1,0.8461,0,3,1,0.8461,0,3,1,0.8461,0,3,1,0.8461,0,3,1
prod,e3245c56-8c3d-4e90-8fb2-ff1057a1d712,ear-training,100,0.6,0,0.489487,0.4895,0,1,3,0.4895,0,1,3,0.4895,0,1,3,0.4895,0,1,3,0.4895,0,1,3,0.4895,0,1,3
prod,42fa24ae-39f4-4508-9c7d-3583ba529a85,ear-training,100,0.6,0,0.986335,0.9863,0,4,0,0.9863,0,4,0,0.9863,0,4,0,0.9863,0,4,0,0.9863,0,4,0,0.9863,0,4,0
prod,626456b2-3061-4332-978a-fc4b372e614b,ear-training,100,0.6,0,0.735084,0.7351,0,2,1,0.5513,1,2,1,0.7351,0,2,1,0.7351,0,2,1,0.5513,1,2,1,0.7351,0,2,1
prod,ab6127d3-dc79-4aff-8b44-f614657533aa,ear-training,100,0.6,0,0.985475,0.9855,0,3,0,0.9855,0,3,0,0.9855,0,3,0,0.9855,0,3,0,0.9855,0,3,0,0.9855,0,3,0
prod,442c4930-370c-4c01-8cdc-012b4a0ec47a,ear-training,100,0.6,0,0.376123,0.5877,0,1,2,0.4407,1,1,2,0.5877,0,1,2,0.5877,0,1,2,0.4407,1,1,2,0.5877,0,1,2
prod,6e71db09-d5a4-47dd-b7ed-e58126d9b163,ear-training,100,0.6,0,0.780996,0.8080,0,6,0,0.8080,0,6,0,0.8080,0,6,0,0.8080,0,6,0,0.8080,0,6,0,0.8080,0,6,0
prod,534845cf-e157-45a0-857b-74a4e4e9d08c,ear-training,100,0.6,0,0.982407,0.9824,0,4,0,0.9824,0,4,0,0.9824,0,4,0,0.9824,0,4,0,0.9824,0,4,0,0.9824,0,4,0
prod,24275ab4-dcbe-4369-aae2-6c8eaf864053,ear-training,100,0.6,0,0.987654,0.9877,0,3,0,0.9877,0,3,0,0.9877,0,3,0,0.9877,0,3,0,0.9877,0,3,0,0.9877,0,3,0
prod,1f24cc25-b681-4f96-861c-e6452a212f7b,ear-training,100,0.6,0,0.591329,0.5913,0,1,2,0.5913,0,1,2,0.5913,0,1,2,0.5913,0,1,2,0.5913,0,1,2,0.5913,0,1,2
prod,9c5f7c85-8ccb-4e70-99bb-2392fc2942cb,ear-training,100,0.6,0,0.578395,0.5784,0,1,2,0.5784,0,1,2,0.5784,0,1,2,0.5784,0,1,2,0.5784,0,1,2,0.5784,0,1,2
prod,2142e6c8-053c-497c-8d9c-4aff04217da8,ear-training,100,0.6,0,0.984568,0.9846,0,3,0,0.9846,0,3,0,0.9846,0,3,0,0.9846,0,3,0,0.9846,0,3,0,0.9846,0,3,0
prod,bb9e2bb7-5434-4357-9f84-404ba176607f,ear-training,100,0.6,0,0.964311,0.9643,0,4,0,0.9643,0,4,0,0.9643,0,4,0,0.9643,0,4,0,0.9643,0,4,0,0.9643,0,4,0
prod,8729dab3-0842-4cfe-8def-fc59df78af74,ear-training,100,0.6,0,0.535632,0.5356,0,1,3,0.5356,0,1,3,0.5356,0,1,3,0.5356,0,1,3,0.5356,0,1,3,0.5356,0,1,3
prod,eb9e3bd3-c896-4c62-b0f3-2bbbd1784a00,ear-training,100,0.6,0,0.717593,0.7176,0,2,0,0.2392,4,2,0,0.7176,0,2,0,0.7176,0,2,0,0.2392,4,2,0,0.7176,0,2,0
prod,a1603051-3c55-4fd1-b49b-27651aa90071,ear-training,100,0.6,0,0.672657,0.6727,0,1,1,0.4484,1,1,1,0.4484,1,1,1,0.6727,0,1,1,0.4484,1,1,1,0.4484,1,1,1
prod,a940b4a3-0ccb-443f-bcb6-f417a83c60ed,ear-training,100,0.6,0,0.778061,0.7781,0,3,1,0.6224,1,3,1,0.7781,0,3,1,0.7781,0,3,1,0.6224,1,3,1,0.7781,0,3,1
prod,7dec4843-837e-4ab9-8332-f2d5b2a19b04,ear-training,100,0.6,0,0.540375,0.5404,0,1,3,0.5404,0,1,3,0.5404,0,1,3,0.5404,0,1,3,0.5404,0,1,3,0.5404,0,1,3
prod,7cf89d70-bb49-4084-9272-5dd2b2596ffd,ear-training,100,0.6,0,0.992966,0.9930,0,3,0,0.7447,1,3,0,0.7447,1,3,0,0.9930,0,3,0,0.7447,1,3,0,0.7447,1,3,0
prod,ab3052fb-f7cd-43fb-ba9d-8b781956f6c9,ear-training,100,0.6,0,0.985182,0.9852,0,8,0,0.9852,0,8,0,0.9852,0,8,0,0.9852,0,8,0,0.9852,0,8,0,0.9852,0,8,0
prod,8a1e7023-5ca2-4384-b3ad-9bca13b3c869,ear-training,100,0.6,0,0.986861,0.9869,0,8,0,0.9869,0,8,0,0.9869,0,8,0,0.9869,0,8,0,0.9869,0,8,0,0.9869,0,8,0
prod,7c624e1c-9a88-4a4c-ae0b-6b3877bee6ce,ear-training,100,0.6,0,0.710028,0.7100,0,2,1,0.5325,1,2,1,0.5325,1,2,1,0.7100,0,2,1,0.5325,1,2,1,0.5325,1,2,1
prod,33a26f90-5feb-4dee-baa9-30012a183032,ear-training,100,0.6,0,0.996914,0.9969,0,3,0,0.9969,0,3,0,0.9969,0,3,0,0.9969,0,3,0,0.9969,0,3,0,0.9969,0,3,0
prod,5ff4aad2-61f7-4880-91f9-9101faef8819,ear-training,100,0.6,0,0.982732,0.9827,0,8,0,0.9827,0,8,0,0.9827,0,8,0,0.9827,0,8,0,0.9827,0,8,0,0.9827,0,8,0
prod,a1858541-e510-4597-b864-e9387fac3d10,ear-training,100,0.6,0,0.94732,0.9473,0,4,0,0.7579,1,4,0,0.7579,1,4,0,0.9473,0,4,0,0.7579,1,4,0,0.7579,1,4,0
prod,d86ebd5f-28a7-47cf-b763-bb212f6497b2,ear-training,100,0.6,0,0.953838,0.9915,0,3,0,0.9915,0,3,0,0.9915,0,3,0,0.9915,0,3,0,0.9915,0,3,0,0.9915,0,3,0
prod,27803ea7-92ae-4efe-8145-4b6dcf520c97,ear-training,100,0.6,0,0.73386,0.7339,0,4,2,0.6290,1,4,2,0.6290,1,4,2,0.6647,0,3,3,0.6647,0,3,3,0.6647,0,3,3
prod,1e153892-f745-43b8-b55b-7edb8f34d8bd,ear-training,100,0.6,0,0.646928,0.6469,0,3,3,0.5545,1,3,3,0.5545,1,3,3,0.6469,0,3,3,0.5545,1,3,3,0.5545,1,3,3
prod,a13d1fe6-aa7a-4dea-8d2d-6a91a0a585d1,ear-training,100,0.6,0,0.993827,0.9938,0,3,0,0.9938,0,3,0,0.9938,0,3,0,0.9938,0,3,0,0.9938,0,3,0,0.9938,0,3,0
prod,5c6b508c-7092-498e-9739-aeeb00ee8828,ear-training,100,0.6,0,0.991879,0.9919,0,3,0,0.9919,0,3,0,0.9919,0,3,0,0.9919,0,3,0,0.9919,0,3,0,0.9919,0,3,0
prod,8229e636-2b3f-4d93-8c4a-ff3e19b3d3b0,ear-training,100,0.6,0,0.975888,0.9759,0,2,0,0.9759,0,2,0,0.9759,0,2,0,0.9759,0,2,0,0.9759,0,2,0,0.9759,0,2,0
prod,e52d07e6-6ecb-4a24-ae47-45574c80ca57,ear-training,100,0.6,0,0.801765,0.8018,0,7,0,0.8018,0,7,0,0.8018,0,7,0,0.8018,0,7,0,0.8018,0,7,0,0.8018,0,7,0
prod,2fa9fa37-d9f6-4c6d-b5df-77900d9eaf8b,ear-training,100,0.6,0,0.690542,0.8093,0,6,2,0.7194,1,6,2,0.8093,0,6,2,0.8093,0,6,2,0.7194,1,6,2,0.8093,0,6,2
prod,31716a3c-e964-4615-8b46-b008ecee1791,ear-training,100,0.6,0,0.99372,0.9937,0,4,0,0.9937,0,4,0,0.9937,0,4,0,0.9937,0,4,0,0.9937,0,4,0,0.9937,0,4,0
prod,2ed9094f-f280-4e00-9eb5-c0661dc7b102,ear-training,100,0.6,0,0.992177,0.9922,0,3,0,0.9922,0,3,0,0.9922,0,3,0,0.9922,0,3,0,0.9922,0,3,0,0.9922,0,3,0
prod,67e8a890-844e-4ab7-9493-9ad0a4dd9a75,ear-training,100,0.6,0,0.993827,0.9938,0,3,0,0.9938,0,3,0,0.9938,0,3,0,0.9938,0,3,0,0.9938,0,3,0,0.9938,0,3,0
prod,5904e246-b32c-4fdd-80b6-2e51f9794d58,ear-training,100,0.6,0,0.57433,0.7694,0,5,0,0.6595,1,5,0,0.6595,1,5,0,0.6694,0,4,1,0.6694,0,4,1,0.6694,0,4,1
prod,a8690f96-2445-4678-ba99-a23c0eb20c27,ear-training,100,0.6,0,0.963559,0.9636,0,3,0,0.9636,0,3,0,0.9636,0,3,0,0.9636,0,3,0,0.9636,0,3,0,0.9636,0,3,0
prod,73f4dc09-28a9-4ccd-bbf1-e962aa0f647c,ear-training,100,0.6,0,0.73508,0.7397,0,6,1,0.6575,1,6,1,0.6575,1,6,1,0.7397,0,6,1,0.6575,1,6,1,0.6575,1,6,1
prod,29192901-d469-49d0-8857-f0b49ab6edd0,ear-training,100,0.6,0,0.634175,0.8169,0,5,0,0.8169,0,5,0,0.8169,0,5,0,0.8169,0,5,0,0.8169,0,5,0,0.8169,0,5,0
prod,2785871a-ee97-4274-8261-244d29c28c8b,ear-training,100,0.6,0,0.691543,0.6915,0,3,3,0.6915,0,3,3,0.6915,0,3,3,0.6270,0,3,2,0.6270,0,3,2,0.6270,0,3,2
prod,eecc9edf-3901-40b0-b7bd-2b0ab0ad7ce1,ear-training,100,0.6,0,0.984977,0.9850,0,4,0,0.9850,0,4,0,0.9850,0,4,0,0.9850,0,4,0,0.9850,0,4,0,0.9850,0,4,0
prod,a98bd783-e07c-4238-9e4a-1663baf99b2b,ear-training,100,0.6,0,0.783848,0.7838,0,4,2,0.7838,0,4,2,0.7838,0,4,2,0.7752,0,4,2,0.7752,0,4,2,0.7752,0,4,2
prod,cdf7c2eb-ab1d-43f2-8440-58631a642f32,ear-training,100,0.6,0,0.984518,0.9845,0,6,0,0.9845,0,6,0,0.9845,0,6,0,0.9845,0,6,0,0.9845,0,6,0,0.9845,0,6,0
prod,efb4e082-f12a-4902-88cb-a384a9670475,ear-training,100,0.6,0,0.960574,0.9606,0,5,0,0.9606,0,5,0,0.9606,0,5,0,0.9606,0,5,0,0.9606,0,5,0,0.9606,0,5,0
prod,014007ed-6c36-487b-afe7-3c4523ebf137,ear-training,100,0.6,0,0.993827,0.9938,0,3,0,0.9938,0,3,0,0.9938,0,3,0,0.9938,0,3,0,0.9938,0,3,0,0.9938,0,3,0
prod,b94a5612-ca9a-45c3-8a98-d0f8db82c6db,ear-training,100,0.6,0,0.743056,0.7431,0,3,0,0.5944,1,3,0,0.7431,0,3,0,0.7431,0,3,0,0.5944,1,3,0,0.7431,0,3,0
prod,ddbaab8f-7769-425c-8279-c76b6f996b5e,ear-training,100,0.6,0,0.891667,0.8917,0,5,1,0.7643,1,5,1,0.8917,0,5,1,0.8917,0,5,1,0.7643,1,5,1,0.8917,0,5,1
prod,2847ea4e-38b1-45b9-8a6c-2ad64260e464,ear-training,100,0.6,0,0.970389,0.9704,0,4,0,0.9704,0,4,0,0.9704,0,4,0,0.9704,0,4,0,0.9704,0,4,0,0.9704,0,4,0
prod,d51509ad-71ef-4e56-be28-04e94339fb9c,ear-training,100,0.6,0,0.380622,0.3806,0,1,3,0.3045,1,1,3,0.3045,1,1,3,0.3806,0,1,3,0.3045,1,1,3,0.3045,1,1,3
prod,ffb33e79-8341-409c-9abf-139ff7f4451d,ear-training,100,0.6,0,0.591171,0.5912,0,2,4,0.5912,0,2,4,0.5912,0,2,4,0.5912,0,2,4,0.5912,0,2,4,0.5912,0,2,4
prod,b8ea3a64-c3d9-49f9-a694-f1d4ce00bcb9,ear-training,100,0.6,0,0.333142,0.3331,0,0,6,0.3331,0,0,6,0.3331,0,0,6,0.4101,0,1,4,0.4101,0,1,4,0.4101,0,1,4
prod,f7426820-23ee-4b2a-8ee8-e2eb6ad24794,ear-training,100,0.6,0,0.990136,0.9901,0,2,0,0.9901,0,2,0,0.9901,0,2,0,0.9901,0,2,0,0.9901,0,2,0,0.9901,0,2,0
prod,643ce3c8-c8c5-4511-a9c2-f47a0407e0a1,ear-training,100,0.6,0,0.709314,0.9321,0,3,0,0.6991,1,3,0,0.9321,0,3,0,0.9321,0,3,0,0.6991,1,3,0,0.9321,0,3,0
prod,8297ebe2-1d94-46f0-81e2-ef975f6fe97c,ear-training,100,0.6,0,0.727632,0.7276,0,4,0,0.6064,1,4,0,0.6064,1,4,0,0.7276,0,4,0,0.6064,1,4,0,0.6064,1,4,0
prod,e5a8735e-bd36-4a66-9fa2-55e4da88cbe6,ear-training,100,0.6,0,0.586638,0.5866,0,2,4,0.5866,0,2,4,0.5866,0,2,4,0.5866,0,2,4,0.5866,0,2,4,0.5866,0,2,4
prod,eae943f8-0317-415c-9851-3de33543b935,ear-training,100,0.6,0,0.695261,0.6953,0,3,3,0.6953,0,3,3,0.6953,0,3,3,0.6953,0,3,3,0.6953,0,3,3,0.6953,0,3,3
prod,198a8472-51b6-44e1-ab29-0bcf89204db6,ear-training,100,0.6,0,0.591196,0.5912,0,2,4,0.5912,0,2,4,0.5912,0,2,4,0.5912,0,2,4,0.5912,0,2,4,0.5912,0,2,4
prod,7fd19e1e-6420-4246-a421-cb965f12743d,ear-training,100,0.6,0,0.475764,0.4758,0,1,5,0.4078,1,1,5,0.4078,1,1,5,0.4758,0,1,5,0.4078,1,1,5,0.4078,1,1,5
prod,400355c5-5cda-4921-907a-b5ea97b871f5,ear-training,100,0.6,0,0.547559,0.6735,0,2,2,0.6735,0,2,2,0.6735,0,2,2,0.6735,0,2,2,0.6735,0,2,2,0.6735,0,2,2
prod,a8c99fb3-c318-4554-b055-5706a46bcaf4,ear-training,100,0.6,0,0.681459,0.6815,0,2,2,0.6815,0,2,2,0.6815,0,2,2,0.6815,0,2,2,0.6815,0,2,2,0.6815,0,2,2
prod,022bb95b-d12b-48ca-b2bf-45d604abfd7d,ear-training,100,0.6,0,0.997147,0.9971,0,2,0,0.9971,0,2,0,0.9971,0,2,0,0.9971,0,2,0,0.9971,0,2,0,0.9971,0,2,0
prod,c4fc9b79-645d-4fc3-a858-0e580d3aa430,ear-training,100,0.6,0,0.630556,0.6306,0,1,1,0.4204,1,1,1,0.6306,0,1,1,0.6306,0,1,1,0.4204,1,1,1,0.6306,0,1,1
prod,4bc56397-a330-44d5-aad3-629149d3be1c,ear-training,100,0.6,0,0.833982,0.8340,0,3,1,0.8340,0,3,1,0.8340,0,3,1,0.8340,0,3,1,0.8340,0,3,1,0.8340,0,3,1
prod,36639d73-a209-4d8f-9e9b-78a5b62f6786,ear-training,100,0.6,0,0.990741,0.9907,0,5,0,0.9907,0,5,0,0.9907,0,5,0,0.9907,0,5,0,0.9907,0,5,0,0.9907,0,5,0
prod,86c273c8-bf5a-4fc4-b169-836a20a46b74,ear-training,100,0.6,0,0.788484,0.7885,0,6,3,0.7885,0,6,3,0.7885,0,6,3,0.7885,0,6,3,0.7885,0,6,3,0.7885,0,6,3
prod,bc316283-6d9d-46c1-9fce-3ecae9d06751,ear-training,100,0.6,0,0.984253,0.9843,0,5,0,0.9843,0,5,0,0.9843,0,5,0,0.9843,0,5,0,0.9843,0,5,0,0.9843,0,5,0
prod,e03de0b5-7ac9-40f4-8223-b6b9e973480a,ear-training,100,0.6,0,0.508032,0.5080,0,1,4,0.5080,0,1,4,0.5080,0,1,4,0.5080,0,1,4,0.5080,0,1,4,0.5080,0,1,4
prod,da2e964f-5975-4f6f-809f-597c8d7ded3d,ear-training,100,0.6,0,0.947531,0.9475,0,3,0,0.9475,0,3,0,0.9475,0,3,0,0.9475,0,3,0,0.9475,0,3,0,0.9475,0,3,0
prod,4f9d03c9-ad31-43eb-8e2f-9101d3bffc74,ear-training,100,0.6,0,0.87963,0.8796,0,8,0,0.7197,2,8,0,0.8796,0,8,0,0.8796,0,8,0,0.7197,2,8,0,0.8796,0,8,0
prod,802afa0b-559c-4fd9-b4a2-b0b3720d602d,ear-training,100,0.6,0,0.980194,0.9802,0,6,0,0.9802,0,6,0,0.9802,0,6,0,0.9802,0,6,0,0.9802,0,6,0,0.9802,0,6,0
prod,5a4f02cd-f921-4140-96ff-665210ae4c87,ear-training,100,0.6,0,0.989157,0.9892,0,4,0,0.9892,0,4,0,0.9892,0,4,0,0.9892,0,4,0,0.9892,0,4,0,0.9892,0,4,0
prod,0af8d10b-68e8-4476-9aa9-8a139cbb7714,ear-training,100,0.6,0,0.98068,0.9807,0,5,0,0.9807,0,5,0,0.9807,0,5,0,0.9807,0,5,0,0.9807,0,5,0,0.9807,0,5,0
prod,af7acb89-5fad-496f-ad9c-169ebe7c4e9a,ear-training,100,0.6,0,0.430047,0.4634,0,1,7,0.4634,0,1,7,0.4634,0,1,7,0.4598,0,1,7,0.4598,0,1,7,0.4598,0,1,7
prod,96570239-9756-4d24-a58e-b628d6ea1395,ear-training,100,0.6,0,0.775309,0.7753,0,2,1,0.7753,0,2,1,0.7753,0,2,1,0.7753,0,2,1,0.7753,0,2,1,0.7753,0,2,1
prod,a7055d55-319c-4643-82b4-3953419b27d2,ear-training,100,0.6,0,0.675068,0.6078,0,3,5,0.6078,0,3,5,0.6078,0,3,5,0.6078,0,3,5,0.6078,0,3,5,0.6078,0,3,5
prod,b1dcb353-7929-4350-9971-17a45cc904f8,ear-training,100,0.6,0,0.606661,0.6067,0,4,3,0.5393,1,4,3,0.6067,0,4,3,0.6067,0,4,3,0.5393,1,4,3,0.6067,0,4,3
prod,4b0cff29-b567-4f63-bf6f-769c770125b0,ear-training,100,0.6,0,0.808818,0.8212,0,5,1,0.7039,1,5,1,0.7039,1,5,1,0.8212,0,5,1,0.7039,1,5,1,0.7039,1,5,1
prod,880fcc2c-6338-41ba-a0af-f3bac9765d37,ear-training,100,0.6,0,0.586357,0.5864,0,2,4,0.5864,0,2,4,0.5864,0,2,4,0.5864,0,2,4,0.5864,0,2,4,0.5864,0,2,4
prod,875475ae-b81d-409f-93ee-4e2919b798ab,ear-training,100,0.6,0,0.979718,0.9797,0,2,0,0.9797,0,2,0,0.9797,0,2,0,0.9797,0,2,0,0.9797,0,2,0,0.9797,0,2,0
prod,04b17b5d-d055-4c00-9408-832d0245003b,ear-training,100,0.6,0,0.936947,0.9369,0,6,0,0.8031,1,6,0,0.8031,1,6,0,0.9369,0,6,0,0.8031,1,6,0,0.8031,1,6,0
prod,79ab157a-f6fb-4720-baf2-2d9c887e58eb,ear-training,100,0.6,0,0.989815,0.9898,0,4,0,0.9898,0,4,0,0.9898,0,4,0,0.9898,0,4,0,0.9898,0,4,0,0.9898,0,4,0
prod,318686ab-ec21-419a-9c0a-b5f2695696ce,ear-training,100,0.6,0,0.791765,0.7918,0,4,2,0.7918,0,4,2,0.7918,0,4,2,0.7918,0,4,2,0.7918,0,4,2,0.7918,0,4,2
prod,f1a01c0a-20b3-4db2-aca4-299edc07868b,ear-training,100,0.6,0,0.579378,0.5794,0,2,4,0.5794,0,2,4,0.5794,0,2,4,0.5794,0,2,4,0.5794,0,2,4,0.5794,0,2,4
prod,3ad1f770-417c-4336-a89b-3aba1cb21d65,ear-training,100,0.6,0,0.987654,0.9877,0,3,0,0.9877,0,3,0,0.9877,0,3,0,0.9877,0,3,0,0.9877,0,3,0,0.9877,0,3,0
prod,d9391316-26bd-464d-b005-519bed863688,ear-training,100,0.6,0,0.593827,0.5938,0,1,2,0.5938,0,1,2,0.5938,0,1,2,0.5938,0,1,2,0.5938,0,1,2,0.5938,0,1,2
prod,02ef481b-23c2-4fc4-a74b-1a4fe568e18c,ear-training,100,0.6,0,0.971987,0.9720,0,3,0,0.7290,1,3,0,0.9720,0,3,0,0.9720,0,3,0,0.7290,1,3,0,0.9720,0,3,0
prod,7c0853d3-48f1-46ff-b218-ff41a940587e,ear-training,100,0.6,0,0.988325,0.9883,0,5,0,0.9883,0,5,0,0.9883,0,5,0,0.9883,0,5,0,0.9883,0,5,0,0.9883,0,5,0
prod,6c9ee165-6c43-4e5d-9486-6000cbc7be6e,ear-training,100,0.6,0,0.996296,0.9963,0,5,0,0.9963,0,5,0,0.9963,0,5,0,0.9963,0,5,0,0.9963,0,5,0,0.9963,0,5,0
prod,c881c35a-e51d-462d-8306-43daa63d58d3,ear-training,100,0.6,0,0.992445,0.9924,0,4,0,0.9924,0,4,0,0.9924,0,4,0,0.9924,0,4,0,0.9924,0,4,0,0.9924,0,4,0
prod,a63d5b0d-aaeb-4f8c-86f1-63eba80597c6,ear-training,100,0.6,0,0.9839,0.9839,0,4,0,0.9839,0,4,0,0.9839,0,4,0,0.9839,0,4,0,0.9839,0,4,0,0.9839,0,4,0
prod,1c934166-91bd-4c9f-9c9b-09ae2135e4ec,ear-training,100,0.6,0,0.993704,0.9937,0,5,0,0.9937,0,5,0,0.9937,0,5,0,0.9937,0,5,0,0.9937,0,5,0,0.9937,0,5,0
prod,0ee7f337-fe26-4433-a55a-79847b28ee3b,ear-training,100,0.6,0,0.864361,0.8644,0,7,1,0.7683,1,7,1,0.7683,1,7,1,0.8236,0,7,0,0.7321,1,7,0,0.7321,1,7,0
prod,e69be11e-a62a-418e-8f65-a0309027cf8b,ear-training,100,0.6,0,0.614957,0.5378,0,3,4,0.4303,2,3,4,0.4781,1,3,4,0.5343,0,3,4,0.4275,2,3,4,0.4750,1,3,4
prod,6d084886-7c35-45c7-a29c-ecefa4264a3f,ear-training,100,0.6,0,0.592483,0.5925,0,3,2,0.5078,1,3,2,0.5078,1,3,2,0.5925,0,3,2,0.5078,1,3,2,0.5078,1,3,2
prod,c62c586d-8c58-4421-8c7c-0dfde1963103,ear-training,100,0.6,0,0.684161,0.6842,0,4,1,0.5864,1,4,1,0.5864,1,4,1,0.6842,0,4,1,0.5864,1,4,1,0.5864,1,4,1
prod,cf61b0ad-b5ad-4db8-9d6b-a830e40e59a7,ear-training,100,0.6,0,0.947531,0.9475,0,3,0,0.7106,1,3,0,0.7106,1,3,0,0.9475,0,3,0,0.7106,1,3,0,0.7106,1,3,0
prod,ee2ddcd9-13b7-48aa-a4fc-0a50f1966219,ear-training,100,0.6,0,0.656533,0.6938,0,4,4,0.6938,0,4,4,0.6938,0,4,4,0.6938,0,4,4,0.6938,0,4,4,0.6938,0,4,4
prod,2c9318b0-828e-4c9f-a257-d2f17c512fef,ear-training,100,0.6,0,0.662097,0.6094,0,3,5,0.6094,0,3,5,0.6094,0,3,5,0.6094,0,3,5,0.6094,0,3,5,0.6094,0,3,5
prod,2556655a-481a-4a29-8a10-770f63f9c670,ear-training,100,0.6,0,0.99537,0.9954,0,2,0,0.6636,1,2,0,0.6636,1,2,0,0.9954,0,2,0,0.6636,1,2,0,0.6636,1,2,0
prod,8d5e93e7-fe1d-4fd3-ba44-7fc0a7a5e06a,ear-training,100,0.6,0,0.610185,0.6102,0,4,4,0.4881,2,4,4,0.5424,1,4,4,0.5940,0,4,4,0.5280,1,4,4,0.5940,0,4,4
prod,9c06657c-6937-4e33-9d4d-ddfbc145d134,ear-training,100,0.6,0,0.616659,0.6167,0,3,5,0.6167,0,3,5,0.6167,0,3,5,0.6167,0,3,5,0.6167,0,3,5,0.6167,0,3,5
prod,bf6a5510-fddb-4edc-858a-411bfb3bf5a0,ear-training,100,0.6,0,0.988725,0.9887,0,6,0,0.9887,0,6,0,0.9887,0,6,0,0.9887,0,6,0,0.9887,0,6,0,0.9887,0,6,0
prod,a9c87c00-78a2-4ba7-bb7d-6e78357ff56d,ear-training,100,0.6,0,0.412287,0.4267,0,1,10,0.3911,1,1,10,0.3911,1,1,10,0.4267,0,1,10,0.3911,1,1,10,0.3911,1,1,10
prod,3144dd73-475b-4775-b1c7-5d13d5104945,ear-training,100,0.6,0,0.611528,0.5848,0,4,7,0.5848,0,4,7,0.5848,0,4,7,0.6230,0,5,5,0.6230,0,5,5,0.6230,0,5,5
prod,cd29401f-3554-4c47-aeb8-7ceb1e1e1727,ear-training,100,0.6,0,0.531811,0.5249,0,2,6,0.5249,0,2,6,0.5249,0,2,6,0.5249,0,2,6,0.5249,0,2,6,0.5249,0,2,6
prod,6c6cf336-3360-4ef3-accc-f7f645f71a97,ear-training,100,0.6,0,0.553726,0.5537,0,3,4,0.4922,1,3,4,0.4922,1,3,4,0.5537,0,3,4,0.4922,1,3,4,0.4922,1,3,4
prod,258ca7dd-8d7e-4c2f-838c-13068abb93f6,ear-training,100,0.6,0,0.735185,0.6882,0,4,4,0.6882,0,4,4,0.6882,0,4,4,0.6882,0,4,4,0.6882,0,4,4,0.6882,0,4,4
prod,ac526493-063f-4a77-8df0-8adf470416b8,ear-training,100,0.6,0,0.708161,0.7082,0,4,3,0.6196,1,4,3,0.7082,0,4,3,0.6410,0,3,4,0.6410,0,3,4,0.6410,0,3,4
prod,4e9fac48-4baf-4444-9514-205b5cac2a72,ear-training,100,0.6,0,0.946792,0.9468,0,3,0,0.9468,0,3,0,0.9468,0,3,0,0.9468,0,3,0,0.9468,0,3,0,0.9468,0,3,0
prod,a090c657-d844-4680-837e-6af3e41d5069,ear-training,100,0.6,0,0.94213,0.9421,0,4,0,0.7537,1,4,0,0.9421,0,4,0,0.9421,0,4,0,0.7537,1,4,0,0.9421,0,4,0
prod,5f4d4d6e-dddf-4e83-8c06-3bb889403b1c,ear-training,100,0.6,0,0.485689,0.5459,0,1,3,0.5459,0,1,3,0.5459,0,1,3,0.5459,0,1,3,0.5459,0,1,3,0.5459,0,1,3
prod,3eee4dfd-8f4a-4b6c-bd42-a684880b0efa,ear-training,100,0.6,0,0.687421,0.6874,0,2,2,0.6874,0,2,2,0.6874,0,2,2,0.6874,0,2,2,0.6874,0,2,2,0.6874,0,2,2
prod,962ba44e-5dde-405d-b543-23130c56bb8a,ear-training,100,0.6,0,0.991812,0.9918,0,3,0,0.9918,0,3,0,0.9918,0,3,0,0.9918,0,3,0,0.9918,0,3,0,0.9918,0,3,0
prod,f03cb894-5796-4c9a-a2f1-e87fbacb4713,ear-training,100,0.6,0,0.969136,0.9691,0,3,0,0.7269,1,3,0,0.9691,0,3,0,0.9691,0,3,0,0.7269,1,3,0,0.9691,0,3,0
prod,c30feac9-0c93-4a92-b5ea-792ea8d6a732,ear-training,100,0.6,0,0.962006,0.9620,0,2,0,0.9620,0,2,0,0.9620,0,2,0,0.9620,0,2,0,0.9620,0,2,0,0.9620,0,2,0
prod,de303959-0710-4701-808c-04213a12a091,ear-training,100,0.6,0,0.979119,0.9791,0,2,0,0.9791,0,2,0,0.9791,0,2,0,0.9791,0,2,0,0.9791,0,2,0,0.9791,0,2,0
prod,265b7cab-c7b4-4eba-bbe0-4f46ea77da98,ear-training,100,0.6,0,0.587159,0.5872,0,2,0,0.5872,0,2,0,0.5872,0,2,0,0.5872,0,2,0,0.5872,0,2,0,0.5872,0,2,0
prod,f9d9fa6d-6ec5-439f-995d-ac226a282115,ear-training,100,0.6,0,0.695062,0.9914,0,3,0,0.9914,0,3,0,0.9914,0,3,0,0.9914,0,3,0,0.7435,1,3,0,0.9914,0,3,0
prod,1ef4c5a1-d326-485c-bbfd-0bff7a47e152,ear-training,100,0.6,0,0.891297,0.9392,0,4,0,0.7514,1,4,0,0.7514,1,4,0,0.9392,0,4,0,0.7514,1,4,0,0.7514,1,4,0
prod,4155de50-9adc-4ecb-ba32-9f0edf2e441b,ear-training,100,0.6,0,0.747685,0.7477,0,3,0,0.7477,0,3,0,0.7477,0,3,0,0.7477,0,3,0,0.7477,0,3,0,0.7477,0,3,0
prod,815076a3-81ad-4309-8958-58d3a977479b,ear-training,100,0.6,0,0.998757,0.9988,0,3,0,0.9988,0,3,0,0.9988,0,3,0,0.9988,0,3,0,0.9988,0,3,0,0.9988,0,3,0
prod,18478d91-1c23-4985-bb2a-e8d57c376223,ear-training,100,0.6,0,0.842136,0.8421,0,3,1,0.8421,0,3,1,0.8421,0,3,1,0.8421,0,3,1,0.8421,0,3,1,0.8421,0,3,1
prod,087c9400-0f1e-4b38-8371-f5fdb990f586,ear-training,100,0.6,0,0.990875,0.9909,0,3,0,0.9909,0,3,0,0.9909,0,3,0,0.9909,0,3,0,0.9909,0,3,0,0.9909,0,3,0
prod,8591d833-5fb2-4c7c-885f-38edda088899,ear-training,100,0.6,0,0.975309,0.9753,0,2,0,0.9753,0,2,0,0.9753,0,2,0,0.9753,0,2,0,0.9753,0,2,0,0.9753,0,2,0
prod,f215cc69-d482-49a0-82ce-87188c127c20,ear-training,100,0.6,0,0.998639,0.9986,0,2,0,0.9986,0,2,0,0.9986,0,2,0,0.9986,0,2,0,0.9986,0,2,0,0.9986,0,2,0
prod,8b42788d-891f-4183-97d3-bf232a788a49,ear-training,100,0.6,0,0.896838,0.9428,0,4,0,0.7542,1,4,0,0.7542,1,4,0,0.9428,0,4,0,0.7542,1,4,0,0.7542,1,4,0
prod,f90d8de6-c641-4c75-8cf4-cff6e261237b,ear-training,100,0.6,0,0.766919,0.8983,0,2,0,0.4492,2,2,0,0.8983,0,2,0,0.8983,0,2,0,0.4492,2,2,0,0.8983,0,2,0
prod,43bf8555-0e13-4d91-86f0-abed84102b99,ear-training,100,0.6,0,0.51435,0.5440,0,3,6,0.5440,0,3,6,0.5440,0,3,6,0.5440,0,3,6,0.5440,0,3,6,0.5440,0,3,6
prod,a6379a69-191f-41cf-b9cf-60acd6da4673,ear-training,100,0.6,0,0.591634,0.8543,0,7,2,0.6990,2,7,2,0.7689,1,7,2,0.8543,0,7,2,0.6990,2,7,2,0.7689,1,7,2
prod,3dd66ee6-bb62-442b-a285-74cddce5a2d6,ear-training,100,0.6,0,0.531126,0.7455,0,6,3,0.6100,2,6,3,0.6710,1,6,3,0.7455,0,6,3,0.6100,2,6,3,0.6710,1,6,3
prod,4a710cf6-b452-4faf-8170-93264b3b5f72,ear-training,100,0.6,0,0.793827,0.7938,0,2,1,0.7938,0,2,1,0.7938,0,2,1,0.7938,0,2,1,0.7938,0,2,1,0.7938,0,2,1
prod,7fc01911-2e9a-42b1-98e4-baba9dbc10be,ear-training,100,0.6,0,0.84464,0.8446,0,3,1,0.8446,0,3,1,0.8446,0,3,1,0.8446,0,3,1,0.8446,0,3,1,0.8446,0,3,1
prod,368b8a68-791d-4ee0-bd3c-70bb13423607,ear-training,100,0.6,0,0.684527,0.6845,0,2,2,0.6845,0,2,2,0.6845,0,2,2,0.6845,0,2,2,0.6845,0,2,2,0.6845,0,2,2
prod,2e5b7f94-2257-44d0-8867-09eba0b9fe71,ear-training,100,0.6,0,0.826524,0.8265,0,3,1,0.8265,0,3,1,0.8265,0,3,1,0.8265,0,3,1,0.8265,0,3,1,0.8265,0,3,1
prod,ecf70b9a-24f9-46b3-a293-38a134d65408,ear-training,100,0.6,0,0.491802,0.5133,0,1,3,0.4106,1,1,3,0.4106,1,1,3,0.5133,0,1,3,0.4106,1,1,3,0.4106,1,1,3
prod,8b5647ad-4c8f-4c21-a9dc-37d8d57035f4,ear-training,100,0.6,0,0.55308,0.5531,0,2,2,0.3160,3,2,2,0.5531,0,2,2,0.5531,0,2,2,0.3160,3,2,2,0.5531,0,2,2
prod,aa5be891-5aa7-4732-8ad0-ca71fd2f83f3,ear-training,100,0.6,0,0.979764,0.9822,0,8,0,0.9822,0,8,0,0.9822,0,8,0,0.9822,0,8,0,0.9822,0,8,0,0.9822,0,8,0
prod,9ecb1ee0-45c6-4c0e-aa8d-dcb0515b6395,ear-training,100,0.6,0,0.717914,0.7179,0,2,1,0.5384,1,2,1,0.5384,1,2,1,0.7179,0,2,1,0.5384,1,2,1,0.5384,1,2,1
prod,827c159b-52f9-4773-96d2-399bb54e051c,ear-training,100,0.6,0,0.769136,0.7691,0,2,1,0.7691,0,2,1,0.7691,0,2,1,0.7691,0,2,1,0.7691,0,2,1,0.7691,0,2,1
prod,4ece4a88-51f2-4cd4-9e70-89a9caa49dae,ear-training,100,0.6,0,0.813563,0.9321,0,3,0,0.6991,1,3,0,0.9321,0,3,0,0.9321,0,3,0,0.5593,2,3,0,0.6991,1,3,0
prod,8a4ee5f9-e0e2-4410-9e21-cf5ef89d4fc0,ear-training,105,0.6,0,0.988105,0.9881,0,3,0,0.9881,0,3,0,0.9881,0,3,0,0.9881,0,3,0,0.9881,0,3,0,0.9881,0,3,0
prod,7acab452-8ee2-4672-bb58-ebed0f616df8,ear-training,105,0.6,0,0.996367,0.9964,0,4,0,0.9964,0,4,0,0.9964,0,4,0,0.9964,0,4,0,0.9964,0,4,0,0.9964,0,4,0
prod,6491a3dc-b75e-43e6-a778-0403b32b5fc0,ear-training,105,0.6,0,0.739574,0.7396,0,3,0,0.7396,0,3,0,0.7396,0,3,0,0.7396,0,3,0,0.7396,0,3,0,0.7396,0,3,0
prod,68d78134-1066-492d-a348-520f99089b7a,ear-training,105,0.6,0,0.96609,0.9661,0,3,0,0.9661,0,3,0,0.9661,0,3,0,0.9661,0,3,0,0.9661,0,3,0,0.9661,0,3,0
prod,6056cefd-82d3-4b5e-a58e-0b25695766b8,ear-training,105,0.6,0,0.911506,0.9115,0,3,0,0.6836,1,3,0,0.6836,1,3,0,0.9115,0,3,0,0.6836,1,3,0,0.6836,1,3,0
prod,4247a2e4-c151-4b79-91e2-1380d2577a0c,ear-training,105,0.6,0,0.542738,0.6561,0,2,0,0.6561,0,2,0,0.6561,0,2,0,0.6561,0,2,0,0.6561,0,2,0,0.6561,0,2,0
prod,9de9c2b6-f24d-4564-ad6f-aa9dc61bcf87,ear-training,105,0.6,0,0.996452,0.9965,0,4,0,0.9965,0,4,0,0.9965,0,4,0,0.9965,0,4,0,0.9965,0,4,0,0.9965,0,4,0
prod,42f6c529-66b4-450c-affa-1484adc91738,ear-training,105,0.6,0,0.997342,0.9973,0,2,0,0.9973,0,2,0,0.9973,0,2,0,0.9973,0,2,0,0.9973,0,2,0,0.9973,0,2,0
prod,6410040f-ca09-487d-9099-1a6af8e2d084,ear-training,105,0.6,0,0.723028,0.7686,0,2,1,0.5765,1,2,1,0.7686,0,2,1,0.7686,0,2,1,0.5765,1,2,1,0.7686,0,2,1
prod,797a98ae-029c-42ee-bd67-ff88593102fe,ear-training,105,0.6,0,0.950376,0.9504,0,4,0,0.9504,0,4,0,0.9504,0,4,0,0.9504,0,4,0,0.9504,0,4,0,0.9504,0,4,0
prod,035abe91-51bf-427d-b6cb-038614131ad9,ear-training,105,0.6,0,0.976924,0.9769,0,6,0,0.9769,0,6,0,0.9769,0,6,0,0.9769,0,6,0,0.9769,0,6,0,0.9769,0,6,0
prod,ce9b1254-5af3-42ce-8c49-4f25c34b4c6e,ear-training,105,0.6,0,0.386122,0.3861,0,1,4,0.3310,1,1,4,0.3310,1,1,4,0.3861,0,1,4,0.3310,1,1,4,0.3310,1,1,4
prod,fddff0ba-a370-4989-9560-3f91c3c69b5b,ear-training,105,0.6,0,0.988741,0.9887,0,2,0,0.9887,0,2,0,0.9887,0,2,0,0.9887,0,2,0,0.9887,0,2,0,0.9887,0,2,0
prod,e9f7cc8a-0ba6-4250-8865-fdd63c4f5493,ear-training,105,0.6,0,0.999069,0.9991,0,2,0,0.9991,0,2,0,0.9991,0,2,0,0.9991,0,2,0,0.9991,0,2,0,0.9991,0,2,0
prod,98d16145-73a5-4b1c-89e6-0dd295b301c6,ear-training,105,0.6,0,0.819517,0.9481,0,3,0,0.5688,2,3,0,0.7110,1,3,0,0.9481,0,3,0,0.5688,2,3,0,0.7110,1,3,0
prod,39c2745c-f913-402a-b17f-c2f2d386389d,ear-training,105,0.6,0,0.960774,0.9877,0,3,0,0.7408,1,3,0,0.9877,0,3,0,0.9780,0,3,0,0.7335,1,3,0,0.9780,0,3,0
prod,5abc46d9-31ad-4bc2-8aa7-5c9527f6b023,ear-training,105,0.6,0,0.956958,0.9570,0,6,0,0.8202,1,6,0,0.8202,1,6,0,0.9570,0,6,0,0.8202,1,6,0,0.8202,1,6,0
prod,de8e1680-c416-4fda-9fd3-81630ac28265,ear-training,105,0.6,0,0.991554,0.9916,0,2,0,0.4958,2,2,0,0.4958,2,2,0,0.9916,0,2,0,0.4958,2,2,0,0.4958,2,2,0
prod,c6342e58-959d-4cf2-9537-dc4e13f8f3a8,ear-training,105,0.6,0,0.989096,0.9891,0,5,0,0.9891,0,5,0,0.9891,0,5,0,0.9891,0,5,0,0.9891,0,5,0,0.9891,0,5,0
prod,09d2caa0-8ffc-4be5-867a-555669b46fc2,ear-training,105,0.6,0,0.917948,0.9179,0,2,0,0.4590,2,2,0,0.4590,2,2,0,0.9179,0,2,0,0.4590,2,2,0,0.4590,2,2,0
prod,e23e6ee0-dae8-476d-9270-e47a0ea68196,ear-training,105,0.6,0,0.797148,0.7971,0,5,2,0.7971,0,5,2,0.7971,0,5,2,0.7971,0,5,2,0.7971,0,5,2,0.7971,0,5,2
prod,ae7af1ee-7c2d-46ae-9320-1d84d92902dc,ear-training,105,0.6,0,0.319697,0.3839,0,0,7,0.3359,1,0,7,0.3839,0,0,7,0.3867,0,0,7,0.3867,0,0,7,0.3867,0,0,7
prod,3f0ad968-ba64-42dc-bc85-6bafa60d5f52,ear-training,105,0.6,0,0.98215,0.9822,0,5,0,0.9822,0,5,0,0.9822,0,5,0,0.9822,0,5,0,0.9822,0,5,0,0.9822,0,5,0
prod,aa6f64f5-0e75-4598-8009-4810daebb90b,ear-training,105,0.6,0,0.594435,0.5944,0,3,5,0.5944,0,3,5,0.5944,0,3,5,0.5944,0,3,5,0.5944,0,3,5,0.5944,0,3,5
prod,ce3d0e58-cb1d-4c89-8135-23d6def88cc6,ear-training,105,0.6,0,0.984289,0.9843,0,4,0,0.9843,0,4,0,0.9843,0,4,0,0.9719,0,4,0,0.9719,0,4,0,0.9719,0,4,0
prod,e02b92c6-ebfc-4543-ab05-d380bc5bfdac,ear-training,105,0.6,0,0.705065,0.7355,0,7,5,0.7355,0,7,5,0.7355,0,7,5,0.7355,0,7,5,0.7355,0,7,5,0.7355,0,7,5
prod,b17d581e-fc62-4df4-a032-d85f12af124f,ear-training,105,0.6,0,0.554147,0.7360,0,7,5,0.7360,0,7,5,0.7360,0,7,5,0.7360,0,7,5,0.7360,0,7,5,0.7360,0,7,5
prod,551564c6-2820-4bb4-ae70-2703ce735506,ear-training,105,0.6,0,0.99418,0.9942,0,3,0,0.9942,0,3,0,0.9942,0,3,0,0.9942,0,3,0,0.9942,0,3,0,0.9942,0,3,0
prod,a0b39726-9c6e-4f6f-921b-ab5e0213ece8,ear-training,105,0.6,0,0.779028,0.6930,0,3,3,0.6930,0,3,3,0.6930,0,3,3,0.6930,0,3,3,0.6930,0,3,3,0.6930,0,3,3
prod,0fdc81f3-80b3-459e-aa9d-54323f09291a,ear-training,105,0.6,0,0.69286,0.6929,0,3,3,0.6929,0,3,3,0.6929,0,3,3,0.6929,0,3,3,0.5939,1,3,3,0.5939,1,3,3
prod,f5824c9f-8807-481a-adfc-2976d5f8753e,ear-training,105,0.6,0,0.453393,0.5161,0,2,4,0.5161,0,2,4,0.5161,0,2,4,0.5161,0,2,4,0.5161,0,2,4,0.5161,0,2,4
prod,9c675bf3-2af7-49e2-98e8-539b7c6e906d,ear-training,105,0.6,0,0.570749,0.5707,0,2,4,0.5707,0,2,4,0.5707,0,2,4,0.5707,0,2,4,0.5707,0,2,4,0.5707,0,2,4
prod,2edc3c95-01d5-408f-a8c8-371423fb696a,ear-training,105,0.6,0,0.975867,0.9759,0,3,0,0.9759,0,3,0,0.9759,0,3,0,0.9759,0,3,0,0.9759,0,3,0,0.9759,0,3,0
prod,11a97dd4-9811-4593-9424-da228b7e4b60,ear-training,105,0.6,0,0.723783,0.7238,0,2,1,0.5428,1,2,1,0.7238,0,2,1,0.7238,0,2,1,0.5428,1,2,1,0.7238,0,2,1
prod,5c0f6b6e-0415-4538-ad38-2bf7acf34ca1,ear-training,105,0.6,0,0.513443,0.7175,0,9,2,0.6623,1,9,2,0.7175,0,9,2,0.7175,0,9,2,0.6623,1,9,2,0.7175,0,9,2
prod,863310c4-93d8-41a2-8d24-1f84d50ad41d,ear-training,105,0.6,0,0.570067,0.5701,0,5,6,0.4561,3,5,6,0.4561,3,5,6,0.5701,0,5,6,0.4561,3,5,6,0.4561,3,5,6
prod,f6972413-346d-4d74-80d6-9563b78fc5a0,ear-training,105,0.6,0,0.69043,0.6904,0,3,3,0.6904,0,3,3,0.6904,0,3,3,0.6904,0,3,3,0.6904,0,3,3,0.6904,0,3,3
prod,3f07a287-be9d-43ac-9fc4-8554aa9841b5,ear-training,105,0.6,0,0.693754,0.6938,0,4,2,0.5946,1,4,2,0.5946,1,4,2,0.6938,0,4,2,0.5203,2,4,2,0.5203,2,4,2
prod,408c79d7-4174-40d0-8f9d-83b9cd154f6b,ear-training,105,0.6,0,0.901699,0.9017,0,7,1,0.9017,0,7,1,0.9017,0,7,1,0.9017,0,7,1,0.9017,0,7,1,0.9017,0,7,1
prod,ca387b95-ceda-4c9d-85e5-1f2364e82a16,ear-training,105,0.6,0,0.706072,0.7343,0,8,4,0.6294,2,8,4,0.6294,2,8,4,0.7343,0,8,4,0.6294,2,8,4,0.6294,2,8,4
prod,e62a194d-fad1-4aa9-a6fe-0f9081357069,ear-training,105,0.6,0,0.980875,0.9809,0,2,0,0.9809,0,2,0,0.9809,0,2,0,0.9809,0,2,0,0.9809,0,2,0,0.9809,0,2,0
prod,42a76863-2372-4993-ab7f-bc7d189749b9,ear-training,105,0.6,0,0.992748,0.9927,0,4,0,0.9927,0,4,0,0.9927,0,4,0,0.9927,0,4,0,0.9927,0,4,0,0.9927,0,4,0
prod,37aaa19a-71bf-48f9-9a52-54c70d791bb8,ear-training,105,0.6,0,0.35436,0.3544,0,0,12,0.2835,3,0,12,0.3271,1,0,12,0.3535,0,0,12,0.3030,2,0,12,0.3263,1,0,12
prod,14201b67-5652-4d47-a9c4-6cef2754ad49,ear-training,105,0.6,0,0.382778,0.3872,0,1,10,0.3574,1,1,10,0.3872,0,1,10,0.3872,0,1,10,0.3574,1,1,10,0.3872,0,1,10
prod,b3b9467f-f79d-4598-9174-819ddbe0440e,ear-training,105,0.6,0,0.690407,0.6904,0,1,1,0.6904,0,1,1,0.6904,0,1,1,0.6904,0,1,1,0.6904,0,1,1,0.6904,0,1,1
prod,f587c8a5-4a11-46a5-99db-fb77e98f8439,ear-training,105,0.6,0,0.670958,0.6710,0,1,1,0.6710,0,1,1,0.6710,0,1,1,0.6710,0,1,1,0.6710,0,1,1,0.6710,0,1,1
prod,68c20ad7-65d7-487c-ba52-7a0e6838b1fb,ear-training,105,0.6,0,0.747433,0.8089,0,3,1,0.6471,1,3,1,0.6471,1,3,1,0.6664,0,2,2,0.6664,0,2,2,0.6664,0,2,2
prod,0eede417-1533-4a73-a61e-e53470373f0a,ear-training,105,0.6,0,0.983648,0.9836,0,3,0,0.9836,0,3,0,0.9836,0,3,0,0.9836,0,3,0,0.9836,0,3,0,0.9836,0,3,0
prod,63be75ca-1862-4b65-8b39-5b2aa4f374e7,ear-training,105,0.6,0,0.423085,0.4231,0,2,3,0.4231,0,2,3,0.4231,0,2,3,0.4231,0,2,3,0.4231,0,2,3,0.4231,0,2,3
prod,f4f667e8-d4e1-4d34-8ea6-18996b9fb093,ear-training,105,0.6,0,0.688507,0.6885,0,3,3,0.6885,0,3,3,0.6885,0,3,3,0.6885,0,3,3,0.6885,0,3,3,0.6885,0,3,3
prod,20019662-94fd-48c8-a648-99ac98f0e480,ear-training,105,0.6,0,0.820349,0.8203,0,5,0,0.8203,0,5,0,0.8203,0,5,0,0.8203,0,5,0,0.8203,0,5,0,0.8203,0,5,0
prod,030bfc45-6475-4782-9b47-bc61c908424d,ear-training,105,0.6,0,0.994526,0.9945,0,4,0,0.9945,0,4,0,0.9945,0,4,0,0.9945,0,4,0,0.9945,0,4,0,0.9945,0,4,0
prod,b697cd36-0013-4f99-a91f-24c14c642e44,ear-training,105,0.6,0,0.751222,0.7541,0,4,2,0.6463,1,4,2,0.6463,1,4,2,0.7541,0,4,2,0.6463,1,4,2,0.6463,1,4,2
prod,723efa6c-55d3-4532-8511-59ef872cd318,ear-training,105,0.6,0,0.759197,0.7592,0,5,3,0.7592,0,5,3,0.7592,0,5,3,0.7592,0,5,3,0.7592,0,5,3,0.7592,0,5,3
prod,a6b222f0-fa7f-4ad5-bb48-eff1e5d405fb,ear-training,105,0.6,0,0.645385,0.6443,0,5,2,0.6443,0,5,2,0.6443,0,5,2,0.5611,0,4,2,0.5611,0,4,2,0.5611,0,4,2
prod,ed9d9ad8-4dcf-436f-a3b1-db6aa254903d,ear-training,105,0.6,0,0.992345,0.9923,0,5,0,0.9923,0,5,0,0.9923,0,5,0,0.9923,0,5,0,0.9923,0,5,0,0.9923,0,5,0
prod,a63df8a6-fcb2-4508-bef8-bb976497e888,ear-training,105,0.6,0,0.983934,0.9839,0,4,0,0.9839,0,4,0,0.9839,0,4,0,0.9839,0,4,0,0.9839,0,4,0,0.9839,0,4,0
prod,4e561dc9-bcc6-44fd-a2fc-bfe6ceb634bd,ear-training,105,0.6,0,0.989314,0.9893,0,3,0,0.9893,0,3,0,0.9893,0,3,0,0.9893,0,3,0,0.9893,0,3,0,0.9893,0,3,0
prod,ae6cb36f-c62c-439d-bcf2-edcfbb0ebcf2,ear-training,105,0.6,0,0.77021,0.7732,0,6,2,0.6873,1,6,2,0.6873,1,6,2,0.7732,0,6,2,0.6873,1,6,2,0.6873,1,6,2
prod,14180e07-a56b-4e0b-9a0f-352b4ba92f74,ear-training,105,0.6,0,0.835317,0.8353,0,3,1,0.8353,0,3,1,0.8353,0,3,1,0.8353,0,3,1,0.8353,0,3,1,0.8353,0,3,1
prod,d0ee740f-8584-47d1-ab29-e5e3afc4d1df,ear-training,105,0.6,0,0.677358,0.6803,0,3,3,0.5831,1,3,3,0.5831,1,3,3,0.6803,0,3,3,0.5831,1,3,3,0.5831,1,3,3
prod,b75e7834-0c62-4989-9057-9e362dfdac65,ear-training,105,0.6,0,0.584311,0.5893,0,2,4,0.5893,0,2,4,0.5893,0,2,4,0.5893,0,2,4,0.5893,0,2,4,0.5893,0,2,4
prod,cbdab58c-14e5-4c39-9673-a67258c8048c,ear-training,105,0.6,0,0.7074,0.6606,0,6,5,0.6606,0,6,5,0.6606,0,6,5,0.6606,0,6,5,0.6606,0,6,5,0.6606,0,6,5
prod,dcb327b0-d6d0-47d8-91d0-4cbaac13beb4,ear-training,105,0.6,0,0.902263,0.9023,0,7,1,0.9023,0,7,1,0.9023,0,7,1,0.9023,0,7,1,0.9023,0,7,1,0.9023,0,7,1
prod,3eeb7267-2a3c-4237-9eea-6756a270a8bf,ear-training,105,0.6,0,0.527599,0.6120,0,3,5,0.6120,0,3,5,0.6120,0,3,5,0.6120,0,3,5,0.6120,0,3,5,0.6120,0,3,5
prod,ce8532fe-7241-4684-bd7c-3fd62de226a3,ear-training,105,0.6,0,0.9936,0.9936,0,3,0,0.9936,0,3,0,0.9936,0,3,0,0.9936,0,3,0,0.9936,0,3,0,0.9936,0,3,0
prod,72bcb43d-6680-4433-acf2-953cd9f4896d,ear-training,105,0.6,0,0.781815,0.7818,0,4,2,0.7818,0,4,2,0.7818,0,4,2,0.7818,0,4,2,0.7818,0,4,2,0.7818,0,4,2
prod,01f3975b-2369-4e0f-9cf3-b3681d76a84e,ear-training,105,0.6,0,0.987115,0.9871,0,2,0,0.9871,0,2,0,0.9871,0,2,0,0.9871,0,2,0,0.9871,0,2,0,0.9871,0,2,0
prod,ddc81eba-6940-4acc-b6b3-b7c486915ebb,ear-training,105,0.6,0,0.718214,0.7349,0,5,3,0.7349,0,5,3,0.7349,0,5,3,0.7349,0,5,3,0.7349,0,5,3,0.7349,0,5,3
prod,2b736a9b-a78a-4bb6-81e7-8ecd281bbacb,ear-training,105,0.6,0,0.998228,0.9982,0,3,0,0.9982,0,3,0,0.9982,0,3,0,0.9982,0,3,0,0.9982,0,3,0,0.9982,0,3,0
prod,0fbe5696-a612-4daf-8c40-7ae74007eb21,ear-training,105,0.6,0,0.992917,0.9929,0,3,0,0.9929,0,3,0,0.9929,0,3,0,0.9929,0,3,0,0.9929,0,3,0,0.9929,0,3,0
prod,2c08dabf-b185-4dc4-951a-fc69bbea7eae,ear-training,105,0.6,0,0.98443,0.9844,0,3,0,0.9844,0,3,0,0.9844,0,3,0,0.9844,0,3,0,0.9844,0,3,0,0.9844,0,3,0
prod,40bcaeee-96b7-4bfb-9c21-dd1f49c8da83,ear-training,105,0.6,0,0.974347,0.9743,0,3,0,0.9743,0,3,0,0.9743,0,3,0,0.9743,0,3,0,0.9743,0,3,0,0.9743,0,3,0
prod,a655d26a-b997-4518-8ddf-52bb1f96c3a5,ear-training,105,0.6,0,0.69714,0.6971,0,1,1,0.6971,0,1,1,0.6971,0,1,1,0.6971,0,1,1,0.6971,0,1,1,0.6971,0,1,1
prod,9dd88679-3ef3-4a1d-a5a1-d8f7a09b4e39,ear-training,105,0.6,0,0.598432,0.6440,0,1,1,0.4294,1,1,1,0.6440,0,1,1,0.6440,0,1,1,0.4294,1,1,1,0.6440,0,1,1
prod,4aa155c4-36fb-4e37-8db7-7d8c5690242e,ear-training,105,0.6,0,0.686981,0.6870,0,4,1,0.5888,1,4,1,0.5888,1,4,1,0.6870,0,4,1,0.5888,1,4,1,0.5888,1,4,1
prod,4a7f6487-b500-46b5-96fb-5c876491265a,ear-training,105,0.6,0,0.592545,0.5925,0,3,2,0.5079,1,3,2,0.5079,1,3,2,0.5925,0,3,2,0.5079,1,3,2,0.5079,1,3,2
prod,d6a9a053-ac63-4685-83ca-ed970a8f2200,ear-training,105,0.6,0,0.481176,0.5332,0,3,1,0.5332,0,3,1,0.5332,0,3,1,0.5332,0,3,1,0.5332,0,3,1,0.5332,0,3,1
prod,2f7ecd81-93b8-4e25-8f2c-ba435ade0fdd,ear-training,105,0.6,0,0.655747,0.6557,0,4,1,0.6557,0,4,1,0.6557,0,4,1,0.6557,0,4,1,0.6557,0,4,1,0.6557,0,4,1
prod,6924b1e5-70bd-4e81-8d27-d163ec55de53,ear-training,105,0.6,0,0.596306,0.6131,0,2,1,0.2627,4,2,1,0.3065,3,2,1,0.6131,0,2,1,0.2627,4,2,1,0.3065,3,2,1
prod,bf2ead77-2fc7-4daf-a476-6edbb6ec3606,ear-training,105,0.6,0,0.974792,0.9748,0,3,0,0.9748,0,3,0,0.9748,0,3,0,0.9748,0,3,0,0.9748,0,3,0,0.9748,0,3,0
prod,977c7559-3227-495d-b516-60c183699f9d,ear-training,105,0.6,0,0.956978,0.9570,0,7,0,0.8374,1,7,0,0.9570,0,7,0,0.9570,0,7,0,0.8374,1,7,0,0.9570,0,7,0
prod,0da040b4-d220-490f-8f15-087b2b1857db,ear-training,105,0.6,0,0.989733,0.9897,0,2,0,0.9897,0,2,0,0.9897,0,2,0,0.9897,0,2,0,0.9897,0,2,0,0.9897,0,2,0
prod,155e5443-b036-42d5-a317-799567e0e20f,ear-training,105,0.6,0,0.838751,0.8388,0,3,1,0.8388,0,3,1,0.8388,0,3,1,0.8388,0,3,1,0.8388,0,3,1,0.8388,0,3,1
prod,e76c11bc-39b0-4a2f-9e1c-fb3e098fecdb,ear-training,105,0.6,0,0.981215,0.9812,0,3,0,0.9812,0,3,0,0.9812,0,3,0,0.9812,0,3,0,0.9812,0,3,0,0.9812,0,3,0
prod,68c2e07c-9807-4a62-b666-d9da496578ce,ear-training,105,0.6,0,0.816319,0.8793,0,5,1,0.8793,0,5,1,0.8793,0,5,1,0.8793,0,5,1,0.8793,0,5,1,0.8793,0,5,1
prod,a60b29d7-b0ea-4290-b9f7-ff2e1913c69a,ear-training,105,0.6,0,0.318395,0.4236,0,1,5,0.3177,2,1,5,0.3177,2,1,5,0.4236,0,1,5,0.3177,2,1,5,0.3177,2,1,5
prod,b63e517a-2330-4b5b-8c59-185b7eb5ecaf,ear-training,105,0.6,0,0.983508,0.9835,0,3,0,0.9835,0,3,0,0.9835,0,3,0,0.9835,0,3,0,0.9835,0,3,0,0.9835,0,3,0
prod,e841b769-4536-450f-9571-f8d867449e3c,ear-training,105,0.6,0,0.649361,0.6984,0,2,1,0.2993,4,2,1,0.3492,3,2,1,0.4295,0,1,2,0.2577,2,1,2,0.3221,1,1,2
prod,d3b357fe-52cb-4ccf-9a44-e08db7a4e046,ear-training,105,0.6,0,0.982577,0.9826,0,3,0,0.9826,0,3,0,0.9826,0,3,0,0.9826,0,3,0,0.9826,0,3,0,0.9826,0,3,0
prod,e239f66c-44c3-45de-9029-4f160dcf8799,ear-training,105,0.6,0,0.992134,0.9921,0,2,0,0.9921,0,2,0,0.9921,0,2,0,0.9921,0,2,0,0.9921,0,2,0,0.9921,0,2,0
prod,1857a30e-7512-4767-9a6a-52d32a4c2138,ear-training,105,0.6,0,0.840198,0.8402,0,3,1,0.8402,0,3,1,0.8402,0,3,1,0.8402,0,3,1,0.8402,0,3,1,0.8402,0,3,1
prod,81c822da-9e3e-46d2-a738-c9eecc101463,ear-training,105,0.6,0,0.79061,0.7906,0,2,1,0.7906,0,2,1,0.7906,0,2,1,0.7906,0,2,1,0.7906,0,2,1,0.7906,0,2,1
prod,0948b296-c483-4942-84fc-f1ee023cdaef,ear-training,105,0.6,0,0.895025,0.8950,0,2,0,0.4475,2,2,0,0.4475,2,2,0,0.8950,0,2,0,0.4475,2,2,0,0.4475,2,2,0
prod,14e81b41-675c-4338-bd3d-883e61f40e06,ear-training,105,0.6,0,0.99723,0.9972,0,3,0,0.9972,0,3,0,0.9972,0,3,0,0.9972,0,3,0,0.9972,0,3,0,0.9972,0,3,0
prod,a4ed3836-479b-4c2c-9496-f1fcedd1ca03,ear-training,105,0.6,0,0.368919,0.3689,0,0,3,0.2767,1,0,3,0.2767,1,0,3,0.3689,0,0,3,0.2767,1,0,3,0.2767,1,0,3
prod,b8fa96b2-3a0d-47d7-b338-72e74d33675c,ear-training,105,0.6,0,0.963621,0.9636,0,3,0,0.9636,0,3,0,0.9636,0,3,0,0.9636,0,3,0,0.9636,0,3,0,0.9636,0,3,0
prod,34dd19f3-e06b-4dff-9f91-f8b176e1565f,ear-training,105,0.6,0,0.737429,0.7374,0,3,0,0.5899,1,3,0,0.5899,1,3,0,0.7374,0,3,0,0.5899,1,3,0,0.5899,1,3,0
prod,2a7a3576-2ba4-4e07-abd6-460124195fcc,ear-training,105,0.6,0,0.802917,0.8029,0,3,0,0.6022,1,3,0,0.8029,0,3,0,0.8029,0,3,0,0.6022,1,3,0,0.8029,0,3,0
prod,ab91954a-9d35-4b13-afdf-aaddbcb52f85,ear-training,105,0.6,0,0.976004,0.9760,0,2,0,0.9760,0,2,0,0.9760,0,2,0,0.9760,0,2,0,0.9760,0,2,0,0.9760,0,2,0
prod,52443dae-ccc3-4c4d-8a8f-1b42d118dbf0,ear-training,105,0.6,0,0.938611,0.9386,0,3,0,0.7040,1,3,0,0.9386,0,3,0,0.9386,0,3,0,0.7040,1,3,0,0.9386,0,3,0
prod,abaa624f-5526-4cac-a2ff-bd7225a8dea2,ear-training,105,0.6,0,0.953958,0.9540,0,4,0,0.7632,1,4,0,0.9540,0,4,0,0.9540,0,4,0,0.7632,1,4,0,0.9540,0,4,0
prod,c82c707d-f315-4f92-acdd-178d655de427,ear-training,105,0.6,0,0.990198,0.9902,0,4,0,0.9902,0,4,0,0.9902,0,4,0,0.9902,0,4,0,0.9902,0,4,0,0.9902,0,4,0
prod,b0bdf8d0-9cef-4ebf-8317-4005e6dd2aa1,ear-training,105,0.6,0,0.992444,0.9924,0,3,0,0.9924,0,3,0,0.9924,0,3,0,0.9924,0,3,0,0.9924,0,3,0,0.9924,0,3,0
prod,7aa0f11c-8562-4397-98a3-1650c7ca8647,ear-training,105,0.6,0,0.993623,0.9936,0,3,0,0.9936,0,3,0,0.9936,0,3,0,0.9936,0,3,0,0.9936,0,3,0,0.9936,0,3,0
prod,c51f8acd-139b-4ffb-b42b-83acf97f5f61,ear-training,105,0.6,0,0.542461,0.7442,0,2,1,0.5582,1,2,1,0.5582,1,2,1,0.7442,0,2,1,0.5582,1,2,1,0.5582,1,2,1
prod,80f36cd1-2625-4f99-9546-000cef6d610a,ear-training,105,0.6,0,0.99571,0.9957,0,4,0,0.9957,0,4,0,0.9957,0,4,0,0.9957,0,4,0,0.9957,0,4,0,0.9957,0,4,0
prod,0a53cc4b-8592-49cb-90d4-4cf76e588e84,ear-training,105,0.6,0,0.558395,0.5584,0,1,2,0.5584,0,1,2,0.5584,0,1,2,0.5584,0,1,2,0.5584,0,1,2,0.5584,0,1,2
prod,3ad1946d-fc44-4243-a472-48c8a59c0616,ear-training,105,0.6,0,0.368586,0.3686,0,0,3,0.2212,2,0,3,0.2212,2,0,3,0.3686,0,0,3,0.2212,2,0,3,0.2212,2,0,3
prod,ffb5159e-b246-434f-a6f6-cb7de24a4334,ear-training,105,0.6,0,0.987729,0.9877,0,2,0,0.9877,0,2,0,0.9877,0,2,0,0.9877,0,2,0,0.9877,0,2,0,0.9877,0,2,0
prod,ea81edc7-0f0f-45a5-9179-004bd524289e,ear-training,105,0.6,0,0.544323,0.5443,0,1,2,0.4082,1,1,2,0.4082,1,1,2,0.5443,0,1,2,0.4082,1,1,2,0.4082,1,1,2
prod,ef90a287-f8cf-4df8-b9b9-6f2d2b6a63a4,ear-training,105,0.6,0,0.594333,0.5943,0,1,2,0.5943,0,1,2,0.5943,0,1,2,0.5943,0,1,2,0.5943,0,1,2,0.5943,0,1,2
prod,d8353a1b-d9da-4f46-8db1-12b8c09babb1,ear-training,105,0.6,0,0.671343,0.6713,0,2,2,0.6713,0,2,2,0.6713,0,2,2,0.6713,0,2,2,0.6713,0,2,2,0.6713,0,2,2
prod,d22164e6-feed-454c-85ab-e92f23681ac6,ear-training,105,0.6,0,0.681378,0.6814,0,2,2,0.6814,0,2,2,0.6814,0,2,2,0.6814,0,2,2,0.6814,0,2,2,0.6814,0,2,2
prod,71636046-9cb8-4fe0-bca2-d6063379dde4,ear-training,105,0.6,0,0.99414,0.9941,0,3,0,0.9941,0,3,0,0.9941,0,3,0,0.9941,0,3,0,0.9941,0,3,0,0.9941,0,3,0
prod,5dcc1ab4-4b05-4617-8c34-427aa74276eb,ear-training,105,0.6,0,0.99128,0.9913,0,3,0,0.9913,0,3,0,0.9913,0,3,0,0.9913,0,3,0,0.9913,0,3,0,0.9913,0,3,0
prod,f06b7b4e-9982-4c05-9079-06b0a33844f1,ear-training,105,0.6,0,0.98609,0.9861,0,3,0,0.9861,0,3,0,0.9861,0,3,0,0.9861,0,3,0,0.9861,0,3,0,0.9861,0,3,0
prod,4eee3c9e-1f79-4860-849a-ee71378bddf3,ear-training,105,0.6,0,0.999056,0.9991,0,3,0,0.9991,0,3,0,0.9991,0,3,0,0.9991,0,3,0,0.9991,0,3,0,0.9991,0,3,0
prod,b82dbe2e-d130-40e6-92a6-6cefdc9663f2,ear-training,105,0.6,0,0.977806,0.9778,0,3,0,0.7334,1,3,0,0.7334,1,3,0,0.9778,0,3,0,0.7334,1,3,0,0.7334,1,3,0
prod,004fda71-711b-4306-978f-c7b4cf7c92fa,ear-training,105,0.6,0,0.704611,0.5821,0,1,2,0.3492,2,1,2,0.4365,1,1,2,0.5821,0,1,2,0.3492,2,1,2,0.4365,1,1,2
prod,19e7fc6f-d800-4fc6-8a18-ceed109423a0,ear-training,105,0.6,0,0.875806,0.8758,0,3,0,0.6569,1,3,0,0.8758,0,3,0,0.8758,0,3,0,0.6569,1,3,0,0.8758,0,3,0
prod,dfdc712d-0998-436f-a204-29a9c73da759,ear-training,105,0.6,0,0.678844,0.6788,0,2,2,0.6788,0,2,2,0.6788,0,2,2,0.6788,0,2,2,0.6788,0,2,2,0.6788,0,2,2
prod,31927c23-b70b-44d0-a2bc-9c6ad771692a,ear-training,105,0.6,0,0.454038,0.5312,0,1,3,0.5312,0,1,3,0.5312,0,1,3,0.5312,0,1,3,0.5312,0,1,3,0.5312,0,1,3
prod,d853d4c6-93fa-49e9-a452-b15d9ea1acb0,ear-training,105,0.6,0,0.987313,0.9873,0,3,0,0.9873,0,3,0,0.9873,0,3,0,0.9873,0,3,0,0.9873,0,3,0,0.9873,0,3,0
prod,b1039845-9696-4552-aef5-a57ef7742316,ear-training,105,0.6,0,0.769306,0.7693,0,2,1,0.7693,0,2,1,0.7693,0,2,1,0.7693,0,2,1,0.7693,0,2,1,0.7693,0,2,1
prod,d7901966-5ce6-4424-b1c2-14a95f648eaa,ear-training,105,0.6,0,0.87675,0.8768,0,2,0,0.5845,1,2,0,0.5845,1,2,0,0.8768,0,2,0,0.5845,1,2,0,0.5845,1,2,0
prod,8f05fd4e-800a-4b48-9fcd-7e98bcbd0565,ear-training,105,0.6,0,0.985833,0.9858,0,3,0,0.9858,0,3,0,0.9858,0,3,0,0.9858,0,3,0,0.9858,0,3,0,0.9858,0,3,0
prod,c0ee6a33-0736-4c0b-9137-761bab00c79a,ear-training,105,0.6,0,0.777446,0.7774,0,2,1,0.7774,0,2,1,0.7774,0,2,1,0.7774,0,2,1,0.7774,0,2,1,0.7774,0,2,1
prod,60c2287f-4b5b-4b0f-8c26-16b2f9ba386a,ear-training,105,0.6,0,0.512729,0.5230,0,1,2,0.2242,4,1,2,0.3138,2,1,2,0.5230,0,1,2,0.2242,4,1,2,0.3138,2,1,2
prod,7bc9afbb-f9c3-43a4-9bd2-b66ed160f935,ear-training,105,0.6,0,0.739654,0.7397,0,2,1,0.5547,1,2,1,0.5547,1,2,1,0.7397,0,2,1,0.5547,1,2,1,0.5547,1,2,1
prod,4e325fd3-48aa-4ae8-9cc1-d90bfab0d87a,ear-training,105,0.6,0,0.574716,0.5747,0,1,2,0.4310,1,1,2,0.4310,1,1,2,0.5747,0,1,2,0.5747,0,1,2,0.5747,0,1,2
prod,15ba25a6-14b0-40b6-859e-cbf0a07692bd,ear-training,105,0.6,0,0.705744,0.7348,0,2,1,0.5511,1,2,1,0.5511,1,2,1,0.7348,0,2,1,0.5511,1,2,1,0.5511,1,2,1
prod,e0da88f7-aab6-4a6f-8791-a96f8a1a9293,ear-training,105,0.6,0,0.970823,0.9708,0,2,0,0.9708,0,2,0,0.9708,0,2,0,0.9708,0,2,0,0.9708,0,2,0,0.9708,0,2,0
prod,e5677c1e-603b-490f-bd47-10f1ce2294a6,ear-training,105,0.6,0,0.977812,0.9778,0,2,0,0.9778,0,2,0,0.9778,0,2,0,0.9778,0,2,0,0.9778,0,2,0,0.9778,0,2,0
prod,897586dc-8489-43fb-a6db-4723d557bd7f,ear-training,105,0.6,0,0.982528,0.9825,0,3,0,0.9825,0,3,0,0.9825,0,3,0,0.9825,0,3,0,0.9825,0,3,0,0.9825,0,3,0
prod,19af3e6b-3446-4563-b51b-5a6c13c6fe52,ear-training,105,0.6,0,0.892302,0.7877,0,2,1,0.4726,2,2,1,0.5908,1,2,1,0.7877,0,2,1,0.4726,2,2,1,0.5908,1,2,1
prod,1c49da1a-735b-44d7-817f-efe672426609,ear-training,105,0.6,0,0.98882,0.9888,0,3,0,0.9888,0,3,0,0.9888,0,3,0,0.9888,0,3,0,0.9888,0,3,0,0.9888,0,3,0
prod,543cc792-3454-493c-9753-0db175689240,ear-training,105,0.6,0,0.996389,0.9964,0,3,0,0.9964,0,3,0,0.9964,0,3,0,0.9964,0,3,0,0.9964,0,3,0,0.9964,0,3,0
prod,38ceecca-211f-4932-a0f0-31bc0d706a99,ear-training,105,0.6,0,0.754518,0.7817,0,4,0,0.7817,0,4,0,0.7817,0,4,0,0.7817,0,4,0,0.7817,0,4,0,0.7817,0,4,0
prod,f0b978e4-2bb8-4156-bf84-977cf09c9b8a,ear-training,105,0.6,0,0.904375,0.9044,0,2,0,0.6029,1,2,0,0.9044,0,2,0,0.9044,0,2,0,0.9044,0,2,0,0.9044,0,2,0
prod,6ca2f105-0b8a-49ac-b330-95a06b618520,ear-training,105,0.6,0,0.692802,0.6928,0,2,2,0.6928,0,2,2,0.6928,0,2,2,0.6928,0,2,2,0.6928,0,2,2,0.6928,0,2,2
prod,122e127d-c857-41db-af67-f063c5e86249,ear-training,105,0.6,0,0.68749,0.6875,0,2,2,0.6875,0,2,2,0.6875,0,2,2,0.6875,0,2,2,0.6875,0,2,2,0.6875,0,2,2
prod,35557320-e83d-463c-8ee2-c74ffc021d57,ear-training,105,0.6,0,0.986272,0.9863,0,4,0,0.9863,0,4,0,0.9863,0,4,0,0.9863,0,4,0,0.9863,0,4,0,0.9863,0,4,0
prod,4bd92b65-0301-414d-bdcb-ad485e615c8f,ear-training,105,0.6,0,0.985361,0.9854,0,2,0,0.9854,0,2,0,0.9854,0,2,0,0.9854,0,2,0,0.9854,0,2,0,0.9854,0,2,0
prod,8f7966ce-85e9-4feb-833e-5660a6c948b5,ear-training,105,0.6,0,0.718131,0.7181,0,3,2,0.7181,0,3,2,0.7181,0,3,2,0.7181,0,3,2,0.7181,0,3,2,0.7181,0,3,2
prod,da5c6158-bff9-487b-8733-6424f79e5c51,ear-training,105,0.6,0,0.932411,0.9324,0,4,0,0.7459,1,4,0,0.7459,1,4,0,0.9225,0,4,0,0.7380,1,4,0,0.7380,1,4,0
prod,7b194bee-ff15-4006-bcf3-f470a96db3b7,ear-training,105,0.6,0,0.75048,0.7505,0,3,2,0.7505,0,3,2,0.7505,0,3,2,0.7505,0,3,2,0.7505,0,3,2,0.7505,0,3,2
prod,24f878f2-6271-4808-ad1c-b87990e6e96e,ear-training,105,0.6,0,0.74138,0.7822,0,4,0,0.7822,0,4,0,0.7822,0,4,0,0.7822,0,4,0,0.7822,0,4,0,0.7822,0,4,0
prod,2fea8c43-53bd-4c03-9376-9eced44da702,ear-training,105,0.6,0,0.835364,0.8354,0,3,1,0.8354,0,3,1,0.8354,0,3,1,0.8354,0,3,1,0.8354,0,3,1,0.8354,0,3,1
prod,df9eecc4-715f-4a6c-b5e9-7c62bb914bbc,ear-training,105,0.6,0,0.989726,0.9897,0,4,0,0.9897,0,4,0,0.9897,0,4,0,0.9897,0,4,0,0.9897,0,4,0,0.9897,0,4,0
prod,c185eeca-b747-43ea-9173-ac08b5607ec4,ear-training,105,0.6,0,0.531931,0.5319,0,1,3,0.5319,0,1,3,0.5319,0,1,3,0.5319,0,1,3,0.5319,0,1,3,0.5319,0,1,3
prod,edea42f8-3f9d-409b-b391-5cc6b2ff4c32,ear-training,105,0.6,0,0.993894,0.9939,0,5,0,0.9939,0,5,0,0.9939,0,5,0,0.9939,0,5,0,0.9939,0,5,0,0.9939,0,5,0
prod,8b338f3c-10f7-456c-9c99-230aeec09410,ear-training,105,0.6,0,0.987412,0.9874,0,4,0,0.9874,0,4,0,0.9874,0,4,0,0.9874,0,4,0,0.9874,0,4,0,0.9874,0,4,0
prod,1a6b08ee-8824-459c-910d-d9f5dc1f52f5,ear-training,105,0.6,0,0.996141,0.9961,0,2,0,0.9961,0,2,0,0.9961,0,2,0,0.9961,0,2,0,0.9961,0,2,0,0.9961,0,2,0
prod,534da04f-1b29-4251-a007-23c4010a3778,ear-training,105,0.6,0,0.765153,0.7180,0,4,2,0.7180,0,4,2,0.7180,0,4,2,0.7736,0,5,0,0.7736,0,5,0,0.7736,0,5,0
prod,af882409-331f-4223-9fee-ce6a12ad24cd,ear-training,105,0.6,0,0.982298,0.9823,0,3,0,0.9823,0,3,0,0.9823,0,3,0,0.9823,0,3,0,0.9823,0,3,0,0.9823,0,3,0
prod,323f1f5d-3161-4518-ad0f-eda98128bdf4,ear-training,105,0.6,0,0.987392,0.9919,0,4,0,0.9919,0,4,0,0.9919,0,4,0,0.9919,0,4,0,0.9919,0,4,0,0.9919,0,4,0
prod,4f1be581-75e2-4dce-bf4d-a584d96834ba,ear-training,105,0.6,0,0.711042,0.7376,0,3,0,0.7376,0,3,0,0.7376,0,3,0,0.7376,0,3,0,0.7376,0,3,0,0.7376,0,3,0
prod,0c001e58-e3c4-4f69-b14c-2cbef77e13cf,ear-training,105,0.6,0,0.5819,0.5819,0,2,1,0.5819,0,2,1,0.5819,0,2,1,0.5819,0,2,1,0.5819,0,2,1,0.5819,0,2,1
prod,689232db-b64d-4025-9f1c-198d1d90d226,ear-training,105,0.6,0,0.685394,0.7193,0,4,1,0.7193,0,4,1,0.7193,0,4,1,0.7193,0,4,1,0.7193,0,4,1,0.7193,0,4,1
prod,0f7ed3df-b80a-417a-a18d-a41c660af5b8,ear-training,105,0.6,0,0.840193,0.8613,0,4,1,0.8613,0,4,1,0.8613,0,4,1,0.8613,0,4,1,0.8613,0,4,1,0.8613,0,4,1
prod,bec469a2-bb3d-426a-9ec5-0a837bf58b51,ear-training,105,0.6,0,0.503888,0.5039,0,1,4,0.5039,0,1,4,0.5039,0,1,4,0.5039,0,1,4,0.5039,0,1,4,0.5039,0,1,4
prod,b48725e2-3cef-4094-9ecc-4c5d63d541d8,ear-training,105,0.6,0,0.978127,0.9781,0,6,0,0.9781,0,6,0,0.9781,0,6,0,0.9781,0,6,0,0.9781,0,6,0,0.9781,0,6,0
prod,d72a5e1e-d8b5-4bfa-ae9d-8945566e4a7c,ear-training,105,0.6,0,0.556178,0.5562,0,2,4,0.5562,0,2,4,0.5562,0,2,4,0.5562,0,2,4,0.5562,0,2,4,0.5562,0,2,4
prod,1d53afa8-7bae-45c4-86ad-f1ae4daa4dd4,ear-training,105,0.6,0,0.922792,0.9228,0,2,0,0.6152,1,2,0,0.9228,0,2,0,0.9228,0,2,0,0.6152,1,2,0,0.9228,0,2,0
prod,536583f3-0684-458a-9491-662e189a18df,ear-training,105,0.6,0,0.986249,0.9862,0,6,0,0.9862,0,6,0,0.9862,0,6,0,0.9862,0,6,0,0.9862,0,6,0,0.9862,0,6,0
prod,1aeae0bc-e9cf-4244-a2b6-b5a8132e87ec,ear-training,105,0.6,0,0.999892,0.9999,0,2,0,0.9999,0,2,0,0.9999,0,2,0,0.9999,0,2,0,0.9999,0,2,0,0.9999,0,2,0
prod,156a62d5-3957-4f92-bc14-9759b60972a1,ear-training,105,0.6,0,0.96913,0.9691,0,2,0,0.9691,0,2,0,0.9691,0,2,0,0.9691,0,2,0,0.9691,0,2,0,0.9691,0,2,0
prod,595d5cbe-8ed1-4eb4-8ea5-cfbd0d00aaed,ear-training,105,0.6,0,0.770785,0.9414,0,3,0,0.7061,1,3,0,0.7061,1,3,0,0.9414,0,3,0,0.7061,1,3,0,0.7061,1,3,0
prod,01e9b2f6-ec12-4249-bbf4-5f79ccd17a2c,ear-training,105,0.6,0,0.987512,0.9875,0,5,0,0.9875,0,5,0,0.9875,0,5,0,0.9875,0,5,0,0.9875,0,5,0,0.9875,0,5,0
prod,5d698e7f-7c7b-49c6-800f-21176dcb2e0c,ear-training,105,0.6,0,0.989139,0.9891,0,3,0,0.9891,0,3,0,0.9891,0,3,0,0.9891,0,3,0,0.9891,0,3,0,0.9891,0,3,0
prod,2a7b0887-19a1-450e-8f64-f4b852253ad0,ear-training,105,0.6,0,0.864597,0.8646,0,4,1,0.8646,0,4,1,0.8646,0,4,1,0.8646,0,4,1,0.8646,0,4,1,0.8646,0,4,1
prod,b54c780f-3c7e-4d2a-b696-1cf99af8c532,ear-training,105,0.6,0,0.862808,0.8628,0,4,1,0.8628,0,4,1,0.8628,0,4,1,0.8628,0,4,1,0.8628,0,4,1,0.8628,0,4,1
prod,9decf3d9-55ba-4891-971f-34fb3377d9e1,ear-training,105,0.6,0,0.925898,0.9259,0,4,0,0.9259,0,4,0,0.9259,0,4,0,0.9259,0,4,0,0.7407,1,4,0,0.9259,0,4,0
prod,cffb0031-2c92-48f1-a4e1-e473d47c1b23,ear-training,105,0.6,0,0.54178,0.5418,0,1,3,0.5418,0,1,3,0.5418,0,1,3,0.5418,0,1,3,0.5418,0,1,3,0.5418,0,1,3
prod,8ade03d4-266a-4bf5-9fe0-73dcc9a92c3f,ear-training,105,0.6,0,0.994806,0.9948,0,3,0,0.9948,0,3,0,0.9948,0,3,0,0.9948,0,3,0,0.9948,0,3,0,0.9948,0,3,0
prod,9aab152d-b3d5-4135-b9fe-c818d67b906c,ear-training,105,0.6,0,0.599386,0.5956,0,1,2,0.4467,1,1,2,0.4467,1,1,2,0.5956,0,1,2,0.4467,1,1,2,0.4467,1,1,2
prod,418d92ad-4be6-48c4-be72-37f92eaab916,ear-training,105,0.6,0,0.865722,0.8657,0,3,0,0.8657,0,3,0,0.8657,0,3,0,0.8657,0,3,0,0.8657,0,3,0,0.8657,0,3,0
prod,1e0f3b9f-297b-45b6-a37d-8c223d90bf9e,ear-training,105,0.6,0,0.98895,0.9889,0,5,0,0.9889,0,5,0,0.9889,0,5,0,0.9889,0,5,0,0.9889,0,5,0,0.9889,0,5,0
prod,e2c1eaee-5438-4b3d-92d2-9834aa4df248,ear-training,105,0.6,0,0.784264,0.7843,0,2,1,0.7843,0,2,1,0.7843,0,2,1,0.7843,0,2,1,0.7843,0,2,1,0.7843,0,2,1
prod,d1abb50c-6d17-4c31-8c15-24436ec0a3fb,ear-training,105,0.6,0,0.995305,0.9953,0,2,0,0.9953,0,2,0,0.9953,0,2,0,0.9953,0,2,0,0.9953,0,2,0,0.9953,0,2,0
prod,55f8c74b-c9d3-4131-ab92-5a734b3693df,ear-training,105,0.6,0,0.98512,0.9851,0,6,0,0.9851,0,6,0,0.9851,0,6,0,0.9851,0,6,0,0.9851,0,6,0,0.9851,0,6,0
prod,f7ffd437-5ca6-4d7d-9a73-e80f468bef92,ear-training,105,0.6,0,0.385761,0.3858,0,0,6,0.3858,0,0,6,0.3858,0,0,6,0.3858,0,0,6,0.3858,0,0,6,0.3858,0,0,6
prod,c788629c-947e-4e93-a1d4-0ac9f8ae93e6,ear-training,105,0.6,0,0.666379,0.6664,0,2,0,0.6664,0,2,0,0.6664,0,2,0,0.6664,0,2,0,0.6664,0,2,0,0.6664,0,2,0
prod,7316d55c-f040-4212-a101-2571baa99117,ear-training,105,0.6,0,0.988311,0.9883,0,3,0,0.9883,0,3,0,0.9883,0,3,0,0.9883,0,3,0,0.9883,0,3,0,0.9883,0,3,0
prod,77147b29-a0e5-4476-ba29-d8d4206ed5de,ear-training,105,0.6,0,0.96215,0.9622,0,3,0,0.9622,0,3,0,0.9622,0,3,0,0.9622,0,3,0,0.9622,0,3,0,0.9622,0,3,0
prod,93975186-7532-4dd6-9c8b-12ffbfe4e57c,ear-training,105,0.6,0,0.708517,0.7367,0,4,2,0.6315,1,4,2,0.7367,0,4,2,0.7367,0,4,2,0.6315,1,4,2,0.7367,0,4,2
prod,049eab3d-1373-4570-bca7-4917f12034b7,ear-training,105,0.6,0,0.942891,0.9429,0,4,0,0.7543,1,4,0,0.9429,0,4,0,0.9429,0,4,0,0.7543,1,4,0,0.9429,0,4,0
prod,736440f4-98ac-42d4-b800-3ff0838d8200,ear-training,105,0.6,0,0.784223,0.7842,0,2,1,0.7842,0,2,1,0.7842,0,2,1,0.7842,0,2,1,0.7842,0,2,1,0.7842,0,2,1
prod,493dfecd-c801-4e17-840f-0c9f2a05716b,ear-training,105,0.6,0,0.863292,0.8633,0,2,0,0.5755,1,2,0,0.8633,0,2,0,0.8633,0,2,0,0.5755,1,2,0,0.8633,0,2,0
prod,e633c2d5-3e56-4fd2-acc8-2d49d5a07f48,ear-training,105,0.6,0,0.345222,0.3452,0,0,2,0.1726,2,0,2,0.1726,2,0,2,0.3452,0,0,2,0.1726,2,0,2,0.1726,2,0,2
prod,8146a383-e99f-4f9e-84f5-1bc16e953907,ear-training,105,0.6,0,0.985523,0.9855,0,4,0,0.9855,0,4,0,0.9855,0,4,0,0.9855,0,4,0,0.9855,0,4,0,0.9855,0,4,0
prod,44177318-009d-4c81-9f85-e96b530a03b6,ear-training,105,0.6,0,0.784595,0.7846,0,4,0,0.6538,1,4,0,0.6538,1,4,0,0.7846,0,4,0,0.6538,1,4,0,0.6538,1,4,0
prod,89540048-8d36-4a3b-b798-6f4ce2676b56,ear-training,105,0.6,0,0.988252,0.9883,0,7,0,0.9883,0,7,0,0.9883,0,7,0,0.9883,0,7,0,0.9883,0,7,0,0.9883,0,7,0
prod,1e7e00c5-c602-4983-8ea6-08b10d8358b0,ear-training,105,0.6,0,0.999352,0.9994,0,2,0,0.9994,0,2,0,0.9994,0,2,0,0.9994,0,2,0,0.9994,0,2,0,0.9994,0,2,0
prod,c515f13f-faf3-4c94-846e-bd48d483a66c,ear-training,105,0.6,0,0.937356,0.9374,0,4,0,0.9374,0,4,0,0.9374,0,4,0,0.9374,0,4,0,0.9374,0,4,0,0.9374,0,4,0
prod,3ab30bc5-2c88-4ae3-b3d0-a689d194cca7,ear-training,105,0.6,0,0.86218,0.8622,0,4,1,0.8622,0,4,1,0.8622,0,4,1,0.8622,0,4,1,0.8622,0,4,1,0.8622,0,4,1
prod,94eb3043-2e7c-4944-8e08-6fd2d7ca3c90,ear-training,105,0.6,0,0.620176,0.6610,0,3,1,0.6610,0,3,1,0.6610,0,3,1,0.6610,0,3,1,0.6610,0,3,1,0.6610,0,3,1
prod,f1c7c6cc-380b-4600-a55e-4b97ca489207,ear-training,105,0.6,0,0.95633,0.9563,0,4,0,0.9563,0,4,0,0.9563,0,4,0,0.9563,0,4,0,0.9563,0,4,0,0.9563,0,4,0
prod,f886b9bf-7876-4e26-b4fc-c0715dc72f2a,ear-training,105,0.6,0,0.983944,0.9839,0,4,0,0.9839,0,4,0,0.9839,0,4,0,0.9839,0,4,0,0.9839,0,4,0,0.9839,0,4,0
prod,cfc4c779-3732-42e6-b176-7c156b029c1f,ear-training,105,0.6,0,0.747022,0.7793,0,4,0,0.7793,0,4,0,0.7793,0,4,0,0.7793,0,4,0,0.7793,0,4,0,0.7793,0,4,0
prod,7032b8d7-d7bd-464b-80c4-26f60f74d4fc,ear-training,105,0.6,0,0.681233,0.6812,0,3,2,0.6812,0,3,2,0.6812,0,3,2,0.6812,0,3,2,0.6812,0,3,2,0.6812,0,3,2
prod,2f805184-9ee3-4948-adcf-e9f85d3229c3,ear-training,105,0.6,0,0.909357,0.9094,0,4,0,0.7275,1,4,0,0.7275,1,4,0,0.9094,0,4,0,0.7275,1,4,0,0.7275,1,4,0
prod,e6d43214-52af-462c-a268-7d3a903c7767,ear-training,105,0.6,0,0.679727,0.7288,0,3,0,0.7288,0,3,0,0.7288,0,3,0,0.7288,0,3,0,0.7288,0,3,0,0.7288,0,3,0
prod,bd7142c2-551b-4aee-ae73-d89630e9275c,ear-training,105,0.6,0,0.985671,0.9857,0,4,0,0.9857,0,4,0,0.9857,0,4,0,0.9857,0,4,0,0.9857,0,4,0,0.9857,0,4,0
prod,126dad6a-cdb8-447b-b181-fe6127abcce3,ear-training,105,0.6,0,0.653083,0.6531,0,3,0,0.6531,0,3,0,0.6531,0,3,0,0.6531,0,3,0,0.6531,0,3,0,0.6531,0,3,0
prod,43e9a616-a741-4943-8cb9-1e609725df74,ear-training,105,0.6,0,0.522162,0.5222,0,1,3,0.5222,0,1,3,0.5222,0,1,3,0.5222,0,1,3,0.5222,0,1,3,0.5222,0,1,3
prod,8ef77a2b-34cd-43e9-8355-e1655538b089,ear-training,105,0.6,0,0.750889,0.7509,0,2,1,0.7509,0,2,1,0.7509,0,2,1,0.7509,0,2,1,0.7509,0,2,1,0.7509,0,2,1
prod,0ab34306-a35f-48c5-a163-acb23d063dca,ear-training,105,0.6,0,0.814328,0.8143,0,5,0,0.8143,0,5,0,0.8143,0,5,0,0.8143,0,5,0,0.8143,0,5,0,0.8143,0,5,0
prod,93c198a1-fabe-454d-b767-d6a2722c449c,ear-training,105,0.6,0,0.662931,0.6629,0,3,3,0.6629,0,3,3,0.6629,0,3,3,0.6629,0,3,3,0.6629,0,3,3,0.6629,0,3,3
prod,4d415c47-d385-436e-99bf-b65f1f96635f,ear-training,105,0.6,0,0.949,0.9490,0,6,0,0.7117,2,6,0,0.7117,2,6,0,0.8581,0,5,1,0.8581,0,5,1,0.8581,0,5,1
prod,97ec093f-d116-42f8-b9b5-658bb9a370b8,ear-training,105,0.6,0,0.469778,0.4698,0,1,5,0.4698,0,1,5,0.4698,0,1,5,0.4698,0,1,5,0.4698,0,1,5,0.4698,0,1,5
prod,b3d8a728-5206-46a4-bcf9-d5311cf783c1,ear-training,105,0.6,0,0.760475,0.7605,0,4,2,0.7605,0,4,2,0.7605,0,4,2,0.7605,0,4,2,0.7605,0,4,2,0.7605,0,4,2
prod,06fddf71-d63f-4548-87f0-aa4f6ab9f74e,ear-training,105,0.6,0,0.380073,0.3801,0,3,4,0.3801,0,3,4,0.3801,0,3,4,0.3801,0,3,4,0.3801,0,3,4,0.3801,0,3,4
prod,6417f0d7-a9a5-4339-8f02-dcefb71956c8,ear-training,105,0.6,0,0.408217,0.4040,0,2,4,0.4040,0,2,4,0.4040,0,2,4,0.2811,0,1,4,0.2811,0,1,4,0.2811,0,1,4
prod,5593d4ee-491e-4f8f-b39c-9c26b0ddf5bd,ear-training,105,0.6,0,0.895119,0.8951,0,2,0,0.8951,0,2,0,0.8951,0,2,0,0.8951,0,2,0,0.8951,0,2,0,0.8951,0,2,0
prod,ae2a5000-561e-44d8-8613-564a6849b379,ear-training,105,0.6,0,0.649217,0.6492,0,5,1,0.6492,0,5,1,0.6492,0,5,1,0.6492,0,5,1,0.6492,0,5,1,0.6492,0,5,1
prod,024a84ac-e71f-486b-83c0-6538101eb65c,ear-training,105,0.6,0,0.456974,0.4711,0,2,5,0.4711,0,2,5,0.4711,0,2,5,0.5562,0,4,2,0.5562,0,4,2,0.5562,0,4,2
prod,a61ea0fe-919d-484a-98a0-5316652bacc7,ear-training,105,0.6,0,0.832708,0.8327,0,5,1,0.6245,2,5,1,0.8327,0,5,1,0.8327,0,5,1,0.6245,2,5,1,0.8327,0,5,1
prod,e4104b9a-822c-4825-8339-54b3f016e3b7,ear-training,105,0.6,0,0.982895,0.9829,0,4,0,0.9829,0,4,0,0.9829,0,4,0,0.9512,0,4,0,0.9512,0,4,0,0.9512,0,4,0
prod,37d55400-2f85-4514-8b27-f9859fcb90a2,ear-training,105,0.6,0,0.507712,0.5077,0,1,3,0.5077,0,1,3,0.5077,0,1,3,0.4744,0,1,3,0.4744,0,1,3,0.4744,0,1,3
prod,f55fb3c1-194a-4241-b5f4-580e10814ac4,ear-training,105,0.6,0,0.714948,0.7149,0,4,2,0.7149,0,4,2,0.7149,0,4,2,0.5944,0,4,0,0.5944,0,4,0,0.5944,0,4,0
prod,7e674e60-56ac-441e-b425-49dad1e325f3,ear-training,105,0.6,0,0.485639,0.6229,0,3,2,0.6229,0,3,2,0.6229,0,3,2,0.6229,0,3,2,0.6229,0,3,2,0.6229,0,3,2
prod,2efbcdce-74ff-4ff6-9381-4387089e5af6,ear-training,105,0.6,0,0.68741,0.6874,0,4,4,0.6874,0,4,4,0.6874,0,4,4,0.6874,0,4,4,0.6874,0,4,4,0.6874,0,4,4
prod,bc75b99b-1cbf-4846-9f57-cb9a23d39f23,ear-training,105,0.6,0,0.640364,0.6404,0,5,1,0.6404,0,5,1,0.6404,0,5,1,0.6404,0,5,1,0.6404,0,5,1,0.6404,0,5,1
prod,99984101-7436-4720-a374-ae1494d8e4c4,ear-training,105,0.6,0,0.994806,0.9948,0,3,0,0.9948,0,3,0,0.9948,0,3,0,0.9948,0,3,0,0.9948,0,3,0,0.9948,0,3,0
prod,bfb13e4d-9f1b-4e9a-89fb-7371bedea241,ear-training,105,0.6,0,0.715812,0.7158,0,4,1,0.7158,0,4,1,0.7158,0,4,1,0.7158,0,4,1,0.7158,0,4,1,0.7158,0,4,1
prod,5ca18078-00bd-4814-a0e9-5606f3e9acce,ear-training,105,0.6,0,0.54784,0.5478,0,2,4,0.5478,0,2,4,0.5478,0,2,4,0.5478,0,2,4,0.5478,0,2,4,0.5478,0,2,4
prod,f6128544-c67d-4f64-aaf7-68725873bf08,ear-training,105,0.6,0,0.729319,0.7293,0,5,3,0.6483,1,5,3,0.6483,1,5,3,0.6141,0,4,3,0.5458,1,4,3,0.5458,1,4,3
prod,dc57f477-9005-4613-843c-aa6330d08b0b,ear-training,105,0.6,0,0.659625,0.8136,0,7,0,0.8136,0,7,0,0.8136,0,7,0,0.7406,0,5,3,0.7406,0,5,3,0.7406,0,5,3
prod,50027335-5780-4e3d-b73e-f5bded0698fd,ear-training,105,0.6,0,0.979222,0.9792,0,3,0,0.7344,1,3,0,0.9792,0,3,0,0.9792,0,3,0,0.7344,1,3,0,0.9792,0,3,0
prod,f88c6c18-d847-4a8a-bd55-668f7d0b3246,ear-training,105,0.6,0,0.578217,0.5782,0,6,5,0.5782,0,6,5,0.5782,0,6,5,0.5588,0,6,4,0.5588,0,6,4,0.5588,0,6,4
prod,3b85e324-5ed6-4388-811a-02d2062f9473,ear-training,105,0.6,0,0.820107,0.8201,0,6,0,0.8201,0,6,0,0.8201,0,6,0,0.6851,0,5,0,0.6851,0,5,0,0.6851,0,5,0
prod,59b03e0c-e24c-4d81-8f8d-aa566e2502fc,ear-training,105,0.6,0,0.370059,0.3701,0,0,7,0.3701,0,0,7,0.3701,0,0,7,0.3701,0,0,7,0.3701,0,0,7,0.3701,0,0,7
prod,9da92f31-48f7-475f-9733-8def4e719eb3,ear-training,105,0.6,0,0.984151,0.9842,0,3,0,0.9842,0,3,0,0.9842,0,3,0,0.9842,0,3,0,0.9842,0,3,0,0.9842,0,3,0
prod,76ce3475-cd16-4387-bb62-e8d86cb74709,ear-training,105,0.6,0,0.945964,0.9460,0,7,0,0.8277,1,7,0,0.8277,1,7,0,0.9460,0,7,0,0.8277,1,7,0,0.8277,1,7,0
prod,5d333ff6-6a26-4ef6-8acc-f45ecf58845e,ear-training,105,0.6,0,0.551595,0.8029,0,6,0,0.7025,1,6,0,0.8029,0,6,0,0.8029,0,6,0,0.7025,1,6,0,0.8029,0,6,0
prod,c2f4781f-d30f-4770-8ba1-3d8f0b132bbd,ear-training,105,0.6,0,0.559594,0.5596,0,3,4,0.5596,0,3,4,0.5596,0,3,4,0.5596,0,3,4,0.5596,0,3,4,0.5596,0,3,4
prod,820f234e-1c11-44d9-8c4d-1e7bb2094893,ear-training,105,0.6,0,0.532646,0.5326,0,2,6,0.5326,0,2,6,0.5326,0,2,6,0.5326,0,2,6,0.5326,0,2,6,0.5326,0,2,6
prod,1b176ba0-154e-4a87-9b7f-e0b5d01e3c86,ear-training,105,0.6,0,0.99575,0.9958,0,2,0,0.9958,0,2,0,0.9958,0,2,0,0.9958,0,2,0,0.9958,0,2,0,0.9958,0,2,0
prod,99c7ca84-7009-444c-8ded-fad9be2faff2,ear-training,105,0.6,0,0.568483,0.5685,0,1,2,0.5685,0,1,2,0.5685,0,1,2,0.5685,0,1,2,0.5685,0,1,2,0.5685,0,1,2
prod,99f08ed7-6362-4239-8efd-e770c4020c0c,ear-training,105,0.6,0,0.558444,0.5584,0,1,2,0.5584,0,1,2,0.5584,0,1,2,0.5584,0,1,2,0.5584,0,1,2,0.5584,0,1,2
prod,4e3f706f-97a6-45eb-89c3-b4beb86b25c7,ear-training,105,0.6,0,0.991294,0.9913,0,4,0,0.9913,0,4,0,0.9913,0,4,0,0.9913,0,4,0,0.9913,0,4,0,0.9913,0,4,0
prod,c489e1d2-bb92-4e53-9a14-795ff906252a,ear-training,105,0.6,0,0.736974,0.7370,0,6,3,0.6030,2,6,3,0.6030,2,6,3,0.7370,0,6,3,0.6030,2,6,3,0.6030,2,6,3
prod,9b1b48da-1669-4cbe-bd6f-5109e8b9b104,ear-training,105,0.6,0,0.579537,0.5795,0,3,6,0.5216,1,3,6,0.5216,1,3,6,0.5795,0,3,6,0.5216,1,3,6,0.5216,1,3,6
prod,7b9ae5c6-e9af-438f-8c39-9fe33e446715,ear-training,105,0.6,0,0.860031,0.8600,0,8,0,0.8600,0,8,0,0.8600,0,8,0,0.8600,0,8,0,0.8600,0,8,0,0.8600,0,8,0
prod,70877f0d-f828-483b-b3c7-e7e6320f78e6,ear-training,105,0.6,0,0.989139,0.9891,0,3,0,0.9891,0,3,0,0.9891,0,3,0,0.9891,0,3,0,0.9891,0,3,0,0.9891,0,3,0
prod,02d4955c-afaa-4537-a06b-34f2ae8d166b,ear-training,105,0.6,0,0.991451,0.9915,0,3,0,0.9915,0,3,0,0.9915,0,3,0,0.9915,0,3,0,0.9915,0,3,0,0.9915,0,3,0
prod,5fe96ac3-8f5f-4915-b886-276a8c0772e5,ear-training,105,0.6,0,0.324917,0.3249,0,0,3,0.2437,1,0,3,0.2437,1,0,3,0.3249,0,0,3,0.2437,1,0,3,0.2437,1,0,3
prod,00ff4a55-d903-42dc-9c90-0bcc1e0969a2,ear-training,105,0.6,0,0.472542,0.5600,0,5,5,0.3500,6,5,5,0.3500,6,5,5,0.5600,0,5,5,0.3500,6,5,5,0.3500,6,5,5
prod,f638110a-b15b-4ebf-8515-8b92df4d84c9,ear-training,105,0.6,0,0.321198,0.3212,0,0,9,0.3212,0,0,9,0.3212,0,0,9,0.3212,0,0,9,0.3212,0,0,9,0.3212,0,0,9
prod,1ef4eb8a-3395-4906-84b8-6b48ecc67e9d,ear-training,105,0.6,0,0.942625,0.9426,0,2,0,0.9426,0,2,0,0.9426,0,2,0,0.9426,0,2,0,0.9426,0,2,0,0.9426,0,2,0
prod,40331226-686c-44db-9ace-d25b150a42e9,ear-training,105,0.6,0,0.485852,0.4888,0,2,8,0.3492,4,2,8,0.3492,4,2,8,0.4809,0,2,8,0.4007,2,2,8,0.4007,2,2,8
prod,9e19e96d-403e-4444-93ea-b3497c66175c,ear-training,105,0.6,0,0.432008,0.4320,0,3,7,0.3600,2,3,7,0.3600,2,3,7,0.3574,0,1,9,0.3249,1,1,9,0.3249,1,1,9
prod,9fa526e4-a277-44e4-9291-352f2a9d535d,ear-training,105,0.6,0,0.97025,0.9702,0,4,0,0.9702,0,4,0,0.9702,0,4,0,0.9702,0,4,0,0.9702,0,4,0,0.9702,0,4,0
prod,eac61ea8-b968-4252-b2ec-9934934d368f,ear-training,105,0.6,0,0.477463,0.5551,0,3,7,0.4626,2,3,7,0.5551,0,3,7,0.5551,0,3,7,0.4626,2,3,7,0.5551,0,3,7
prod,05930586-be96-477c-adbe-d96f5fe0ce9b,ear-training,105,0.6,0,0.512691,0.6227,0,4,6,0.4790,3,4,6,0.6227,0,4,6,0.6227,0,4,6,0.4790,3,4,6,0.6227,0,4,6
prod,3256ebb1-572e-4144-a2c5-e6afc3a4e09a,ear-training,105,0.6,0,0.958917,0.9589,0,4,0,0.9589,0,4,0,0.9589,0,4,0,0.9589,0,4,0,0.9589,0,4,0,0.9589,0,4,0
prod,b50e897d-b5fc-4b53-ada7-f68bf1979bb3,ear-training,105,0.6,0,0.981583,0.9816,0,3,0,0.9816,0,3,0,0.9816,0,3,0,0.9816,0,3,0,0.9816,0,3,0,0.9816,0,3,0
prod,20c5d815-0421-4caa-8f44-870bd35aa1da,ear-training,105,0.6,0,0.947583,0.9476,0,2,0,0.9476,0,2,0,0.9476,0,2,0,0.9476,0,2,0,0.9476,0,2,0,0.9476,0,2,0
prod,95b874c8-58e4-4446-8bb3-df88f8df95e7,ear-training,105,0.6,0,0.989038,0.9890,0,2,0,0.9890,0,2,0,0.9890,0,2,0,0.9890,0,2,0,0.9890,0,2,0,0.9890,0,2,0
prod,eb4361e1-c561-45ec-bf89-0398374166dd,ear-training,105,0.6,0,0.665029,0.6650,0,1,1,0.3325,2,1,1,0.3325,2,1,1,0.6650,0,1,1,0.3325,2,1,1,0.3325,2,1,1
prod,715a8433-550f-4064-8f0f-8b853c00d96f,ear-training,105,0.6,0,0.974854,0.9749,0,8,0,0.9749,0,8,0,0.9749,0,8,0,0.8610,0,7,0,0.8610,0,7,0,0.8610,0,7,0
prod,897f6e1b-e7e1-48a5-a615-83d110aee36f,ear-training,105,0.6,0,0.566,0.5660,0,1,2,0.5660,0,1,2,0.5660,0,1,2,0.5660,0,1,2,0.5660,0,1,2,0.5660,0,1,2
prod,dc7ba190-462d-480a-a7ba-bb63e4e6caf2,ear-training,105,0.6,0,0.559389,0.5594,0,1,2,0.5594,0,1,2,0.5594,0,1,2,0.5594,0,1,2,0.5594,0,1,2,0.5594,0,1,2
prod,0b8d6a2e-dbe9-4204-aa03-271da6d934a9,ear-training,105,0.6,0,0.971194,0.9712,0,3,0,0.7284,1,3,0,0.7284,1,3,0,0.9712,0,3,0,0.7284,1,3,0,0.7284,1,3,0
prod,84c1fa89-c6a9-4478-be1f-24866faed9b7,ear-training,105,0.6,0,0.968361,0.9684,0,3,0,0.9684,0,3,0,0.9684,0,3,0,0.9684,0,3,0,0.9684,0,3,0,0.9684,0,3,0
prod,5745bd7e-5096-4f30-b487-bfdbaa1ec49d,ear-training,105,0.6,0,0.961165,0.9612,0,3,0,0.9612,0,3,0,0.9612,0,3,0,0.9612,0,3,0,0.9612,0,3,0,0.9612,0,3,0
prod,3b34e7bd-339c-4351-9098-d46d9666b101,ear-training,105,0.6,0,0.358444,0.3584,0,0,3,0.2688,1,0,3,0.2688,1,0,3,0.3584,0,0,3,0.2688,1,0,3,0.2688,1,0,3
prod,5bf47fe2-708c-4a3e-b801-bec8a841a62c,ear-training,105,0.6,0,0.947583,0.9476,0,2,0,0.9476,0,2,0,0.9476,0,2,0,0.9476,0,2,0,0.9476,0,2,0,0.9476,0,2,0
prod,79be6e5f-0c01-45e5-abde-15e45c332733,ear-training,105,0.6,0,0.974972,0.9750,0,3,0,0.9750,0,3,0,0.9750,0,3,0,0.9750,0,3,0,0.9750,0,3,0,0.9750,0,3,0
prod,a1308b31-bcdc-44c7-b1d5-babcc3242789,ear-training,105,0.6,0,0.979813,0.9798,0,8,0,0.9798,0,8,0,0.9798,0,8,0,0.9798,0,8,0,0.9798,0,8,0,0.9798,0,8,0
prod,af1f77ed-de6b-42c0-a363-cb5e2e197031,ear-training,105,0.6,0,0.962458,0.9625,0,2,0,0.9625,0,2,0,0.9625,0,2,0,0.9625,0,2,0,0.9625,0,2,0,0.9625,0,2,0
prod,cace9ee1-5d4a-4e53-8b4c-81b9f924f65d,ear-training,105,0.6,0,0.959979,0.9600,0,4,0,0.9600,0,4,0,0.9600,0,4,0,0.9600,0,4,0,0.9600,0,4,0,0.9600,0,4,0
prod,0d8e98c4-8823-48ad-a7fe-388b15141b41,ear-training,105,0.6,0,0.971667,0.9717,0,3,0,0.9717,0,3,0,0.9717,0,3,0,0.9717,0,3,0,0.9717,0,3,0,0.9717,0,3,0
prod,f1efa6ca-a19c-4309-877e-56ff6549af82,ear-training,105,0.6,0,0.582528,0.5825,0,1,2,0.4369,1,1,2,0.5825,0,1,2,0.5825,0,1,2,0.4369,1,1,2,0.5825,0,1,2
prod,951d7369-6cfc-4ead-9a99-967531ada1e5,ear-training,105,0.6,0,0.50225,0.5023,0,1,2,0.5023,0,1,2,0.5023,0,1,2,0.4824,0,1,2,0.4824,0,1,2,0.4824,0,1,2
prod,c76f53a9-cc17-42c3-853f-8126b7d76ced,ear-training,105,0.6,0,0.986863,0.9869,0,3,0,0.9869,0,3,0,0.9869,0,3,0,0.9869,0,3,0,0.9869,0,3,0,0.9869,0,3,0
prod,a99d9fe0-c6f4-4320-9124-d1182f9bce0d,ear-training,105,0.6,0,0.772611,0.9296,0,3,0,0.5578,2,3,0,0.6972,1,3,0,0.9296,0,3,0,0.5578,2,3,0,0.6972,1,3,0
prod,e1037800-a486-4e0b-9270-7662246a3a70,ear-training,105,0.6,0,0.977693,0.9777,0,3,0,0.9777,0,3,0,0.9777,0,3,0,0.9777,0,3,0,0.9777,0,3,0,0.9777,0,3,0
prod,d1d38d27-9b11-4b0f-9bcd-213e557f6daf,ear-training,105,0.6,0,0.977333,0.9773,0,4,0,0.9773,0,4,0,0.9773,0,4,0,0.9773,0,4,0,0.9773,0,4,0,0.9773,0,4,0
prod,25f872af-fe40-4862-aaf6-e0f83cb3dc2a,ear-training,105,0.6,0,0.968361,0.9684,0,3,0,0.9684,0,3,0,0.9684,0,3,0,0.9684,0,3,0,0.9684,0,3,0,0.9684,0,3,0
prod,17ea2097-6666-4e4f-912f-f3516a5ca299,ear-training,105,0.6,0,0.977333,0.9773,0,2,0,0.6516,1,2,0,0.9773,0,2,0,0.9773,0,2,0,0.6516,1,2,0,0.9773,0,2,0
prod,5bb5e3fa-6f52-4ea9-85ec-3b8f951a17f0,ear-training,105,0.6,0,0.35321,0.3532,0,0,4,0.3532,0,0,4,0.3532,0,0,4,0.3532,0,0,4,0.3532,0,0,4,0.3532,0,0,4
prod,638fd8f3-e51a-4109-9dc8-78dbed45d581,ear-training,105,0.6,0,0.509979,0.5100,0,1,3,0.5100,0,1,3,0.5100,0,1,3,0.5100,0,1,3,0.5100,0,1,3,0.5100,0,1,3
prod,0c82d03d-5a4e-4573-bd10-58c25d1a59a8,ear-training,105,0.6,0,0.934109,0.9341,0,3,0,0.9341,0,3,0,0.9341,0,3,0,0.9341,0,3,0,0.9341,0,3,0,0.9341,0,3,0
prod,06c51ee2-196a-427d-bd2c-e32277680126,ear-training,105,0.6,0,0.98255,0.9826,0,3,0,0.9826,0,3,0,0.9826,0,3,0,0.9826,0,3,0,0.9826,0,3,0,0.9826,0,3,0
prod,38f1cf74-f084-48e2-b5ed-6ac1aa9a3189,ear-training,105,0.6,0,0.774972,0.7750,0,2,1,0.5812,1,2,1,0.5812,1,2,1,0.7750,0,2,1,0.5812,1,2,1,0.5812,1,2,1
prod,4a22ac42-0c41-4d2a-a99b-ecb0c72649af,ear-training,105,0.6,0,0.5075,0.5238,0,1,3,0.5238,0,1,3,0.5238,0,1,3,0.5238,0,1,3,0.5238,0,1,3,0.5238,0,1,3
prod,b818a406-263d-47d0-8600-a338f5df4c56,ear-training,105,0.6,0,0.367771,0.3678,0,0,4,0.3678,0,0,4,0.3678,0,0,4,0.3678,0,0,4,0.3678,0,0,4,0.3678,0,0,4
prod,cd9e0b68-d881-4d15-8495-e9a9d8ef8f76,ear-training,105,0.6,0,0.829292,0.8293,0,2,0,0.3317,3,2,0,0.5529,1,2,0,0.8293,0,2,0,0.3317,3,2,0,0.5529,1,2,0
prod,617c6f86-89fd-4ef4-aed6-773f19279080,ear-training,105,0.6,0,0.48588,0.6960,0,5,4,0.4474,5,5,4,0.5220,3,5,4,0.6960,0,5,4,0.4474,5,5,4,0.5220,3,5,4
prod,8ccd86dd-5327-436e-8f1d-5b94ccd66893,ear-training,105,0.6,0,0.810333,0.8103,0,3,1,0.8103,0,3,1,0.8103,0,3,1,0.8103,0,3,1,0.8103,0,3,1,0.8103,0,3,1
prod,8841efc7-6f8d-4633-9490-1c0128124cb0,ear-training,105,0.6,0,0.982528,0.9825,0,3,0,0.9825,0,3,0,0.9825,0,3,0,0.9825,0,3,0,0.9825,0,3,0,0.9825,0,3,0
prod,134c16fd-3755-4e27-aa07-5109e6fa5690,ear-training,105,0.6,0,0.664111,0.6641,0,3,3,0.6641,0,3,3,0.6641,0,3,3,0.6641,0,3,3,0.6641,0,3,3,0.6641,0,3,3
prod,830aa351-fa60-4fd9-b2ce-5c80698f9da2,ear-training,105,0.6,0,0.440736,0.4407,0,1,5,0.2938,3,1,5,0.2938,3,1,5,0.4407,0,1,5,0.2938,3,1,5,0.2938,3,1,5
prod,7162677b-1a2a-4adc-bde6-226415aa7be4,ear-training,105,0.6,0,0.99535,0.9953,0,3,0,0.9953,0,3,0,0.9953,0,3,0,0.9953,0,3,0,0.9953,0,3,0,0.9953,0,3,0
prod,3589a709-9a77-485f-afe5-39e801a329e5,ear-training,105,0.6,0,0.591082,0.5911,0,1,2,0.5911,0,1,2,0.5911,0,1,2,0.5911,0,1,2,0.5911,0,1,2,0.5911,0,1,2
prod,d1758bad-b655-4e15-b9af-da370e57715d,ear-training,105,0.6,0,0.409289,0.4093,0,1,1,0.4093,0,1,1,0.4093,0,1,1,0.4093,0,1,1,0.4093,0,1,1,0.4093,0,1,1
prod,8f53cf75-4388-4f70-9242-4f6c9bcabb1f,ear-training,105,0.6,0,0.97928,0.9793,0,8,0,0.9793,0,8,0,0.9793,0,8,0,0.9793,0,8,0,0.9793,0,8,0,0.9793,0,8,0
prod,e77d8385-4376-40da-a6f0-44509695eba1,ear-training,105,0.6,0,0.975998,0.9760,0,2,0,0.9760,0,2,0,0.9760,0,2,0,0.9760,0,2,0,0.9760,0,2,0,0.9760,0,2,0
prod,f66df6e3-e284-4241-a432-ccd2ae8f22ff,ear-training,105,0.6,0,0.573917,0.5739,0,1,1,0.2870,2,1,1,0.3826,1,1,1,0.5739,0,1,1,0.2870,2,1,1,0.3826,1,1,1
prod,70296ae3-bbe6-45a8-92b8-ad5a8516c3ba,ear-training,105,0.6,0,0.895521,0.8955,0,4,0,0.7164,1,4,0,0.7164,1,4,0,0.8955,0,4,0,0.7164,1,4,0,0.7164,1,4,0
prod,5bd55077-68c3-45f6-a7ef-7f69ca6867e7,ear-training,105,0.6,0,0.67875,0.6787,0,1,1,0.6787,0,1,1,0.6787,0,1,1,0.6787,0,1,1,0.6787,0,1,1,0.6787,0,1,1
prod,4a4f6616-0aec-42b0-aa29-c3a9198e24ed,ear-training,105,0.6,0,0.643981,0.6440,0,1,1,0.6440,0,1,1,0.6440,0,1,1,0.6440,0,1,1,0.6440,0,1,1,0.6440,0,1,1
prod,356e62c5-613a-4cbf-8bef-7639f0d909a7,ear-training,105,0.6,0,0.780842,0.8647,0,6,1,0.7566,1,6,1,0.7566,1,6,1,0.8647,0,6,1,0.7566,1,6,1,0.7566,1,6,1
prod,3518b6e3-4df7-4605-a449-4bc3571a31e4,ear-training,105,0.6,0,0.660214,0.6602,0,4,3,0.5777,1,4,3,0.6602,0,4,3,0.6602,0,4,3,0.5777,1,4,3,0.6602,0,4,3
prod,ff70e6a4-c6ed-45a3-ba24-4ce2c5d048b2,ear-training,105,0.6,0,0.982528,0.9825,0,3,0,0.9825,0,3,0,0.9825,0,3,0,0.9825,0,3,0,0.9825,0,3,0,0.9825,0,3,0
prod,2f21b167-4818-4a28-a204-979b25e1319a,ear-training,105,0.6,0,0.8188,0.8188,0,3,1,0.8188,0,3,1,0.8188,0,3,1,0.8188,0,3,1,0.8188,0,3,1,0.8188,0,3,1
prod,6dc2ddf2-7181-4330-bfbf-30ecc2ac4b01,ear-training,105,0.6,0,0.533535,0.5335,0,2,2,0.3557,2,2,2,0.3557,2,2,2,0.5335,0,2,2,0.3557,2,2,2,0.3557,2,2,2
prod,514410e6-0586-40d3-8642-dc094fae4c63,ear-training,105,0.6,0,0.408225,0.4082,0,1,2,0.4082,0,1,2,0.4082,0,1,2,0.4082,0,1,2,0.3266,1,1,2,0.3266,1,1,2
prod,b75041ac-5d1a-4ff7-ae8b-0d10ca974e10,ear-training,105,0.6,0,0.969306,0.9693,0,3,0,0.9693,0,3,0,0.9693,0,3,0,0.9693,0,3,0,0.9693,0,3,0,0.9693,0,3,0
prod,91206bc2-f4be-4001-865d-b60e9bdd5086,ear-training,105,0.6,0,0.675948,0.6759,0,5,2,0.6759,0,5,2,0.6759,0,5,2,0.6546,0,5,2,0.6546,0,5,2,0.6546,0,5,2
prod,88c26546-be75-445f-a8ac-76efa0d903af,ear-training,105,0.6,0,0.408195,0.7679,0,6,1,0.7679,0,6,1,0.7679,0,6,1,0.7679,0,6,1,0.7679,0,6,1,0.7679,0,6,1
prod,18a0b2cf-b3bb-4077-8db3-da41b8b80d10,ear-training,105,0.6,0,0.942861,0.9429,0,3,0,0.5657,2,3,0,0.7071,1,3,0,0.9429,0,3,0,0.5657,2,3,0,0.7071,1,3,0
prod,abb6647e-96cc-4f4b-88d4-d63aff0bc791,ear-training,105,0.6,0,0.501778,0.9252,0,3,0,0.4626,3,3,0,0.5551,2,3,0,0.9252,0,3,0,0.4626,3,3,0,0.5551,2,3,0
prod,228324f7-a9b3-4184-b890-bd8637c7962c,ear-training,105,0.6,0,0.782957,0.7830,0,4,2,0.6711,1,4,2,0.6711,1,4,2,0.7830,0,4,2,0.6711,1,4,2,0.6711,1,4,2
prod,3790a24b-024e-47e4-aace-20952d4fc5da,ear-training,105,0.6,0,0.979398,0.9794,0,4,0,0.9794,0,4,0,0.9794,0,4,0,0.9794,0,4,0,0.9794,0,4,0,0.9794,0,4,0
prod,de5efb88-c886-4b8e-8ce0-dcc86d310cc4,ear-training,105,0.6,0,0.971194,0.9712,0,3,0,0.7284,1,3,0,0.9712,0,3,0,0.9712,0,3,0,0.7284,1,3,0,0.9712,0,3,0
prod,af19c62d-e805-4394-9287-a5c1fc41509c,ear-training,105,0.6,0,0.962458,0.9625,0,2,0,0.9625,0,2,0,0.9625,0,2,0,0.9625,0,2,0,0.9625,0,2,0,0.9625,0,2,0
prod,a06dffbc-d2d4-4f2a-8d08-8488aa6d8887,ear-training,105,0.6,0,0.997702,0.9977,0,3,0,0.9977,0,3,0,0.9977,0,3,0,0.9977,0,3,0,0.9977,0,3,0,0.9977,0,3,0
prod,a85cdbc8-f6e9-47e5-972b-e83047341bad,ear-training,105,0.6,0,0.968833,0.9688,0,4,0,0.9688,0,4,0,0.9688,0,4,0,0.9688,0,4,0,0.9688,0,4,0,0.9688,0,4,0
prod,cc2d8d5d-39ee-4f29-8535-302ccc7ace55,ear-training,105,0.6,0,0.966884,0.9669,0,2,0,0.9669,0,2,0,0.9669,0,2,0,0.9669,0,2,0,0.9669,0,2,0,0.9669,0,2,0
prod,3167f231-3834-49b3-8464-49a496551c76,ear-training,105,0.6,0,0.862057,0.8621,0,2,0,0.5747,1,2,0,0.8621,0,2,0,0.8621,0,2,0,0.5747,1,2,0,0.8621,0,2,0
prod,bff9c890-923f-45e6-b4a5-35ceb8a6e648,ear-training,105,0.6,0,0.971431,0.9714,0,6,0,0.9714,0,6,0,0.9714,0,6,0,0.9714,0,6,0,0.9714,0,6,0,0.9714,0,6,0
prod,da6b0783-553d-4879-9eef-86b1ea8ab365,ear-training,105,0.6,0,0.957855,0.9579,0,3,0,0.9579,0,3,0,0.9579,0,3,0,0.9579,0,3,0,0.9579,0,3,0,0.9579,0,3,0
prod,a2552145-73cd-4340-a064-03c75b554f2b,ear-training,105,0.6,0,0.966567,0.9666,0,5,0,0.9666,0,5,0,0.9666,0,5,0,0.9666,0,5,0,0.9666,0,5,0,0.9666,0,5,0
prod,9b30f018-41ae-4adc-8566-1bab8b1718b4,ear-training,105,0.6,0,0.922502,0.9225,0,2,0,0.9225,0,2,0,0.9225,0,2,0,0.9225,0,2,0,0.9225,0,2,0,0.9225,0,2,0
prod,ac2b781c-cd42-4573-947b-f81d9f6e3319,ear-training,105,0.6,0,0.995763,0.9958,0,5,0,0.7113,2,5,0,0.7113,2,5,0,0.9958,0,5,0,0.7113,2,5,0,0.7113,2,5,0
prod,cf9de3a9-58ed-4402-85d7-76a1d1cbe4ab,ear-training,105,0.6,0,0.975633,0.9756,0,5,0,0.8130,1,5,0,0.8130,1,5,0,0.9756,0,5,0,0.9756,0,5,0,0.9756,0,5,0
prod,da5d12f4-9b2d-4a52-8226-b914ee8a3386,ear-training,105,0.6,0,0.944042,0.9440,0,2,0,0.9440,0,2,0,0.9440,0,2,0,0.9440,0,2,0,0.9440,0,2,0,0.9440,0,2,0
prod,73119f24-b03a-4f79-bfd2-72258ed79706,ear-training,105,0.6,0,0.953826,0.9538,0,3,0,0.9538,0,3,0,0.9538,0,3,0,0.9538,0,3,0,0.9538,0,3,0,0.9538,0,3,0
prod,f5c07acc-6d37-49e3-8c82-25acb68c9b90,ear-training,105,0.6,0,0.387851,0.4000,0,2,0,0.4000,0,2,0,0.4000,0,2,0,0.4000,0,2,0,0.4000,0,2,0,0.4000,0,2,0
prod,435fc146-94f3-4c29-bb4d-c9e943cf0a7e,ear-training,105,0.6,0,0.92775,0.9277,0,2,0,0.9277,0,2,0,0.9277,0,2,0,0.9277,0,2,0,0.9277,0,2,0,0.9277,0,2,0
prod,35332a11-2bdf-419e-bad2-93da5ab5164c,ear-training,105,0.6,0,0.941633,0.9416,0,5,0,0.7847,1,5,0,0.7847,1,5,0,0.9416,0,5,0,0.7847,1,5,0,0.7847,1,5,0
prod,c965e9d9-77b2-47cf-ab34-15c85bb41127,ear-training,105,0.6,0,0.868682,0.8687,0,2,0,0.8687,0,2,0,0.8687,0,2,0,0.8687,0,2,0,0.8687,0,2,0,0.8687,0,2,0
prod,fd106dd7-3b1d-48e6-9fc2-56dc37c905fd,ear-training,105,0.6,0,0.901542,0.9015,0,2,0,0.9015,0,2,0,0.9015,0,2,0,0.9015,0,2,0,0.9015,0,2,0,0.9015,0,2,0
prod,559156be-3e2f-4883-bf2f-f3b0cbcc10f0,ear-training,105,0.6,0,0.931912,0.9319,0,2,0,0.4660,2,2,0,0.9319,0,2,0,0.9319,0,2,0,0.4660,2,2,0,0.9319,0,2,0
prod,930b5208-9858-40c1-bf4b-d1d290f65503,ear-training,105,0.6,0,0.852517,0.8525,0,4,1,0.8525,0,4,1,0.8525,0,4,1,0.8525,0,4,1,0.8525,0,4,1,0.8525,0,4,1
prod,13bd7377-8434-4110-8814-58d00095afa0,ear-training,105,0.6,0,0.785187,0.7852,0,3,1,0.6281,1,3,1,0.6281,1,3,1,0.7852,0,3,1,0.6281,1,3,1,0.6281,1,3,1
prod,a7d2a5d7-d29a-49f6-a003-1cdc79460ae5,ear-training,105,0.6,0,0.323854,0.3239,0,0,4,0.2159,2,0,4,0.2159,2,0,4,0.3239,0,0,4,0.2159,2,0,4,0.2159,2,0,4
prod,670e5ecc-b959-4dc0-888b-0499748862a2,ear-training,105,0.6,0,0.922792,0.9228,0,2,0,0.9228,0,2,0,0.9228,0,2,0,0.9228,0,2,0,0.9228,0,2,0,0.9228,0,2,0
prod,b2afb0e0-b5e2-4dd6-9893-359c9aa1a278,ear-training,105,0.6,0,0.927921,0.9279,0,3,0,0.9279,0,3,0,0.9279,0,3,0,0.9279,0,3,0,0.9279,0,3,0,0.9279,0,3,0
prod,fab92c43-d9a3-4b6f-b1a0-ac5d250624b9,ear-training,105,0.6,0,0.979317,0.9793,0,5,0,0.9793,0,5,0,0.9793,0,5,0,0.9793,0,5,0,0.9793,0,5,0,0.9793,0,5,0
prod,85b6a8b9-1fc0-4b5c-afb8-1c1ea93bf993,ear-training,105,0.6,0,0.975917,0.9759,0,3,0,0.9759,0,3,0,0.9759,0,3,0,0.9759,0,3,0,0.9759,0,3,0,0.9759,0,3,0
prod,e928dd28-cdc9-435d-8026-5317a04a9581,ear-training,105,0.6,0,0.910413,0.9104,0,2,0,0.9104,0,2,0,0.9104,0,2,0,0.9104,0,2,0,0.9104,0,2,0,0.9104,0,2,0
prod,e35e36ed-3524-48dd-bff6-bf83ef289228,ear-training,105,0.6,0,0.942625,0.9426,0,2,0,0.9426,0,2,0,0.9426,0,2,0,0.9426,0,2,0,0.9426,0,2,0,0.9426,0,2,0
prod,f61e44cd-88b6-4206-bc4a-92a413482f32,ear-training,105,0.6,0,0.970486,0.9705,0,6,0,0.9705,0,6,0,0.9705,0,6,0,0.9705,0,6,0,0.9705,0,6,0,0.9705,0,6,0
prod,8b9c76a7-0b01-41bb-9ed6-f4d31a0df479,ear-training,105,0.6,0,0.732472,0.9533,0,3,0,0.7149,1,3,0,0.9533,0,3,0,0.9533,0,3,0,0.7149,1,3,0,0.9533,0,3,0
prod,5dfb26f1-5a75-473f-812c-84de6c0f84d8,ear-training,105,0.6,0,0.96515,0.9651,0,5,0,0.9651,0,5,0,0.9651,0,5,0,0.9651,0,5,0,0.9651,0,5,0,0.9651,0,5,0
prod,43c044db-d6b1-4914-af9c-aa78d2d54367,ear-training,105,0.6,0,0.375067,0.3751,0,0,5,0.3751,0,0,5,0.3751,0,0,5,0.3751,0,0,5,0.3751,0,0,5,0.3751,0,0,5
prod,66836c09-6570-4d89-a0cb-3ed7dfef4cbe,ear-training,105,0.6,0,0.959979,0.9600,0,4,0,0.9600,0,4,0,0.9600,0,4,0,0.9600,0,4,0,0.9600,0,4,0,0.9600,0,4,0
prod,ec55c1f0-b4a0-4b0e-b478-eca5b68ffb9b,ear-training,105,0.6,0,0.972375,0.9724,0,4,0,0.9724,0,4,0,0.9724,0,4,0,0.9724,0,4,0,0.9724,0,4,0,0.9724,0,4,0
prod,a8694cbf-44a5-4e95-a38a-e38066d5dcce,ear-training,105,0.6,0,0.95725,0.9872,0,4,0,0.9872,0,4,0,0.9872,0,4,0,0.9872,0,4,0,0.9872,0,4,0,0.9872,0,4,0
prod,4a6b410d-5489-486e-84e0-f8aca4a5fc4c,ear-training,105,0.6,0,0.958208,0.9582,0,2,0,0.6388,1,2,0,0.9582,0,2,0,0.9582,0,2,0,0.6388,1,2,0,0.9582,0,2,0
prod,ae340bfc-95e2-41b4-b155-cb4145c9edbc,ear-training,105,0.6,0,0.984417,0.9844,0,5,0,0.9844,0,5,0,0.9844,0,5,0,0.9844,0,5,0,0.9844,0,5,0,0.9844,0,5,0
prod,78e88dd8-777d-4c30-8181-82d66c1167f4,ear-training,105,0.6,0,0.952542,0.9525,0,2,0,0.9525,0,2,0,0.9525,0,2,0,0.9525,0,2,0,0.9525,0,2,0,0.9525,0,2,0
prod,8bae813c-7c18-458f-8698-1a4f3897fdac,ear-training,105,0.6,0,0.9643,0.9643,0,5,0,0.9643,0,5,0,0.9643,0,5,0,0.9643,0,5,0,0.9643,0,5,0,0.9643,0,5,0
prod,3b32aa0d-8eee-4e8f-8d35-3221b8b401df,ear-training,105,0.6,0,0.371383,0.3714,0,0,5,0.3714,0,0,5,0.3714,0,0,5,0.3714,0,0,5,0.3714,0,0,5,0.3714,0,0,5
prod,806d24ce-f67d-4a40-aedc-33832b24868c,ear-training,105,0.6,0,0.9503,0.9503,0,3,0,0.9503,0,3,0,0.9503,0,3,0,0.9503,0,3,0,0.9503,0,3,0,0.9503,0,3,0
prod,e5b1f736-1947-4420-99c8-081a6b0e1530,ear-training,105,0.6,0,0.556083,0.5561,0,1,2,0.5561,0,1,2,0.5561,0,1,2,0.5561,0,1,2,0.5561,0,1,2,0.5561,0,1,2
prod,6c9639e2-603f-42c3-ba5c-b75670f69ea8,ear-training,105,0.6,0,0.819469,0.8937,0,2,0,0.4469,2,2,0,0.5958,1,2,0,0.8937,0,2,0,0.4469,2,2,0,0.5958,1,2,0
prod,7203d45b-53c7-49fc-83fe-81b74144e3c6,ear-training,105,0.6,0,0.794717,0.7947,0,4,1,0.6623,1,4,1,0.6623,1,4,1,0.6032,0,2,3,0.6032,0,2,3,0.6032,0,2,3
prod,3abe266d-7111-491c-a3db-1dc98ca4c363,ear-training,105,0.6,0,0.606,0.6060,0,2,3,0.6060,0,2,3,0.6060,0,2,3,0.6060,0,2,3,0.6060,0,2,3,0.6060,0,2,3
prod,553e451d-ee4d-4b5e-b0b1-d562ab8622b3,ear-training,105,0.6,0,0.979813,0.9798,0,4,0,0.9798,0,4,0,0.9798,0,4,0,0.9798,0,4,0,0.9798,0,4,0,0.9798,0,4,0
prod,28164fa9-a85b-4d37-99d8-fcc6c56a126c,ear-training,105,0.6,0,0.961165,0.9612,0,3,0,0.9612,0,3,0,0.9612,0,3,0,0.9612,0,3,0,0.9612,0,3,0,0.9612,0,3,0
prod,53c381eb-9f39-407f-a98f-06808241cdf3,ear-training,105,0.6,0,0.572611,0.5726,0,1,2,0.5726,0,1,2,0.5726,0,1,2,0.5726,0,1,2,0.5726,0,1,2,0.5726,0,1,2
prod,bb3e201a-f018-40b0-bcea-ba538f3b3b89,ear-training,105,0.6,0,0.967417,0.9674,0,2,0,0.9674,0,2,0,0.9674,0,2,0,0.9674,0,2,0,0.9674,0,2,0,0.9674,0,2,0
prod,76d1d5f6-e43c-448d-8a7e-64499df0d117,ear-training,105,0.6,0,0.945549,0.9455,0,4,0,0.7564,1,4,0,0.7564,1,4,0,0.9455,0,4,0,0.7564,1,4,0,0.7564,1,4,0
prod,f9d04037-34b0-423a-97a4-f7f6fb61854d,ear-training,105,0.6,0,0.893392,0.8934,0,2,0,0.8934,0,2,0,0.8934,0,2,0,0.8934,0,2,0,0.8934,0,2,0,0.8934,0,2,0
prod,69e91c69-529f-405d-8cc2-a1d02e99cfc6,ear-training,105,0.6,0,0.981347,0.9813,0,6,0,0.9813,0,6,0,0.9813,0,6,0,0.9813,0,6,0,0.9813,0,6,0,0.9813,0,6,0
prod,7d432072-e87a-49e3-82e8-3b14d43264cc,ear-training,105,0.6,0,0.874736,0.8747,0,5,1,0.8747,0,5,1,0.8747,0,5,1,0.8747,0,5,1,0.8747,0,5,1,0.8747,0,5,1
prod,326fef26-a364-4e42-bbea-767b08c160e4,ear-training,105,0.6,0,0.470486,0.4705,0,1,5,0.4705,0,1,5,0.4705,0,1,5,0.4705,0,1,5,0.4705,0,1,5,0.4705,0,1,5
prod,b72c3151-f0e5-4d0b-83fc-8f9a7da12600,ear-training,105,0.6,0,0.874625,0.7921,0,3,1,0.5280,2,3,1,0.6336,1,3,1,0.7921,0,3,1,0.5280,2,3,1,0.6336,1,3,1
prod,a5c20044-436d-4090-997e-df0c3150a30e,ear-training,105,0.6,0,0.957711,0.9577,0,3,0,0.9577,0,3,0,0.9577,0,3,0,0.9577,0,3,0,0.9577,0,3,0,0.9577,0,3,0
prod,646c8dde-4ce7-4889-8dff-670ced4a4555,ear-training,105,0.6,0,0.89771,0.8977,0,2,0,0.8977,0,2,0,0.8977,0,2,0,0.8977,0,2,0,0.8977,0,2,0,0.8977,0,2,0
prod,aabd2c3a-1f8b-4e42-b1d5-865028c1c9a0,ear-training,105,0.6,0,0.886862,0.9035,0,2,0,0.6023,1,2,0,0.6023,1,2,0,0.9035,0,2,0,0.6023,1,2,0,0.6023,1,2,0
prod,10eee25e-99b6-411d-97cc-a5d169b8f412,ear-training,105,0.6,0,0.721297,0.7213,0,3,2,0.6011,1,3,2,0.7213,0,3,2,0.7213,0,3,2,0.6011,1,3,2,0.7213,0,3,2
prod,65fffe4f-df4e-4099-8d9d-58b254f712f9,ear-training,105,0.6,0,0.896372,0.8964,0,3,0,0.6723,1,3,0,0.6723,1,3,0,0.8964,0,3,0,0.6723,1,3,0,0.6723,1,3,0
prod,ee54f659-34d5-41ce-81f4-6d9062b128e4,ear-training,105,0.6,0,0.381714,0.3817,0,0,3,0.2863,1,0,3,0.2863,1,0,3,0.3817,0,0,3,0.2863,1,0,3,0.2863,1,0,3
prod,fed245cb-51b0-4682-96da-3a1b6d9c21b4,ear-training,105,0.6,0,0.96515,0.9651,0,5,0,0.9651,0,5,0,0.9651,0,5,0,0.9651,0,5,0,0.9651,0,5,0,0.9651,0,5,0
prod,14366f3f-4441-4f65-8407-169f0c7be0c0,ear-training,105,0.6,0,0.96059,0.9606,0,3,0,0.9606,0,3,0,0.9606,0,3,0,0.9606,0,3,0,0.9606,0,3,0,0.9606,0,3,0
prod,85e67368-b5ef-49ff-a42d-3d161b5a0701,ear-training,105,0.6,0,0.899956,0.9000,0,2,0,0.6000,1,2,0,0.9000,0,2,0,0.9000,0,2,0,0.6000,1,2,0,0.9000,0,2,0
prod,6b9ca396-fa32-4fca-8107-233b6428d8d0,ear-training,105,0.6,0,0.81801,0.8180,0,4,0,0.6544,1,4,0,0.8180,0,4,0,0.8180,0,4,0,0.6544,1,4,0,0.8180,0,4,0
prod,99fe0735-2722-46f7-a242-929bf4467800,ear-training,105,0.6,0,0.394927,0.3949,0,1,3,0.3949,0,1,3,0.3949,0,1,3,0.3949,0,1,3,0.3949,0,1,3,0.3949,0,1,3
prod,82d3acbf-af8e-4b0e-be6f-a86d984b56e3,ear-training,105,0.6,0,0.654618,0.6546,0,2,0,0.6546,0,2,0,0.6546,0,2,0,0.6546,0,2,0,0.6546,0,2,0,0.6546,0,2,0
prod,febb8718-3448-42ac-a397-f4d005c17d50,ear-training,105,0.6,0,0.485722,0.6657,0,2,0,0.4993,1,2,0,0.4993,1,2,0,0.6657,0,2,0,0.4993,1,2,0,0.4993,1,2,0
prod,7e75cdcb-d043-424e-bdb5-5b705e2e0473,ear-training,105,0.6,0,0.516921,0.5169,0,1,3,0.5169,0,1,3,0.5169,0,1,3,0.5169,0,1,3,0.5169,0,1,3,0.5169,0,1,3
prod,aa9ec92d-3d20-45f8-85f7-0f9bae1407a2,ear-training,105,0.6,0,0.414432,0.5745,0,2,1,0.4596,1,2,1,0.4596,1,2,1,0.5745,0,2,1,0.4596,1,2,1,0.4596,1,2,1
prod,d0bf9c7c-5845-4bd8-8452-5265a5bf56a8,ear-training,105,0.6,0,0.684746,0.6847,0,3,1,0.6847,0,3,1,0.6847,0,3,1,0.6847,0,3,1,0.6847,0,3,1,0.6847,0,3,1
prod,d18d19f2-6845-40bf-a69e-d15034373a05,ear-training,105,0.6,0,0.972729,0.9727,0,4,0,0.9727,0,4,0,0.9727,0,4,0,0.9727,0,4,0,0.9727,0,4,0,0.9727,0,4,0
prod,f801632b-9ca9-4138-a086-eb4f95033bc8,ear-training,105,0.6,0,0.961453,0.9615,0,3,0,0.9615,0,3,0,0.9615,0,3,0,0.9615,0,3,0,0.9615,0,3,0,0.9615,0,3,0
prod,852d9590-fb0a-49de-b9af-b16f1a80787d,ear-training,105,0.6,0,0.754694,0.7547,0,7,1,0.7547,0,7,1,0.7547,0,7,1,0.7547,0,7,1,0.7547,0,7,1,0.7547,0,7,1
prod,7e479d7c-f5ab-44e6-978c-b6df0120656a,ear-training,105,0.6,0,0.639593,0.8133,0,8,0,0.7320,1,8,0,0.7320,1,8,0,0.8133,0,8,0,0.7320,1,8,0,0.7320,1,8,0
prod,aea454ab-79c9-4336-b631-e94590ac53b0,ear-training,105,0.6,0,0.972729,0.9727,0,4,0,0.9727,0,4,0,0.9727,0,4,0,0.9727,0,4,0,0.9727,0,4,0,0.9727,0,4,0
prod,34351c44-a379-4d2a-9e95-efa85f0a9497,ear-training,105,0.6,0,0.985959,0.9860,0,6,0,0.9860,0,6,0,0.9860,0,6,0,0.9860,0,6,0,0.9860,0,6,0,0.9860,0,6,0
prod,2f2d2293-6136-471d-851e-b43cc8509911,ear-training,105,0.6,0,0.655806,0.6558,0,2,0,0.6558,0,2,0,0.6558,0,2,0,0.6558,0,2,0,0.6558,0,2,0,0.6558,0,2,0
prod,a430cdd3-fe56-43dc-bedb-1ad838a80388,ear-training,105,0.6,0,0.357783,0.3578,0,0,3,0.3578,0,0,3,0.3578,0,0,3,0.3578,0,0,3,0.3578,0,0,3,0.3578,0,0,3
prod,890068c4-88e2-4de9-86b8-1ddbcc44821d,ear-training,105,0.6,0,0.802542,0.8025,0,3,1,0.8025,0,3,1,0.8025,0,3,1,0.8025,0,3,1,0.8025,0,3,1,0.8025,0,3,1
prod,50d786f3-c2fc-41f5-ac4c-e764aab95728,ear-training,105,0.6,0,0.723896,0.7239,0,3,0,0.7239,0,3,0,0.7239,0,3,0,0.7239,0,3,0,0.7239,0,3,0,0.7239,0,3,0
prod,3a5a755d-39da-404e-ac9d-ff4f6f2bb2de,ear-training,105,0.6,0,0.599417,0.5994,0,2,2,0.5994,0,2,2,0.5994,0,2,2,0.5994,0,2,2,0.5994,0,2,2,0.5994,0,2,2
prod,cbc51a8b-f9d0-4452-bd40-f9354ee7eb7b,ear-training,105,0.6,0,0.784983,0.7850,0,4,0,0.7850,0,4,0,0.7850,0,4,0,0.7850,0,4,0,0.7850,0,4,0,0.7850,0,4,0
prod,18c75fcf-2697-48ef-a625-2447d6e069b1,ear-training,105,0.6,0,0.531963,0.5320,0,2,2,0.5320,0,2,2,0.5320,0,2,2,0.5320,0,2,2,0.5320,0,2,2,0.5320,0,2,2
prod,2159ed41-c7b5-4bfd-83d2-a68d4fc8846a,ear-training,105,0.6,0,0.960163,0.9602,0,5,0,0.9602,0,5,0,0.9602,0,5,0,0.7731,0,4,0,0.7731,0,4,0,0.7731,0,4,0
prod,48ac63f0-194f-4f42-829e-02adf7e50fa6,ear-training,105,0.6,0,0.6155,0.7473,0,4,0,0.7473,0,4,0,0.7473,0,4,0,0.5865,0,3,1,0.5865,0,3,1,0.5865,0,3,1
prod,f9483f4e-09cf-4f47-a1c7-d22281c2d244,ear-training,105,0.6,0,0.776286,0.7763,0,3,1,0.5175,2,3,1,0.5175,2,3,1,0.6362,0,2,2,0.5090,1,2,2,0.5090,1,2,2
prod,71448e70-f774-4174-8c8d-d0708e47986b,ear-training,105,0.6,0,0.711807,0.7118,0,3,0,0.7118,0,3,0,0.7118,0,3,0,0.7118,0,3,0,0.7118,0,3,0,0.7118,0,3,0
prod,ee8fd408-18dc-4a08-aeb9-01d1afa5a820,ear-training,105,0.6,0,0.939771,0.9398,0,2,0,0.9398,0,2,0,0.9398,0,2,0,0.9398,0,2,0,0.9398,0,2,0,0.9398,0,2,0
prod,5b9d15cc-befc-459b-8d81-bd6d6355e60b,ear-training,105,0.6,0,0.973083,0.9731,0,2,0,0.9731,0,2,0,0.9731,0,2,0,0.9731,0,2,0,0.9731,0,2,0,0.9731,0,2,0
prod,3c5bc8ac-1797-46ad-9168-64bac21835d5,ear-training,105,0.6,0,0.997086,0.9971,0,2,0,0.9971,0,2,0,0.9971,0,2,0,0.9971,0,2,0,0.9971,0,2,0,0.9971,0,2,0
prod,bc4e4689-6267-4595-a811-51f779e20a46,ear-training,105,0.6,0,0.989163,0.9892,0,4,0,0.7913,1,4,0,0.7913,1,4,0,0.9892,0,4,0,0.7913,1,4,0,0.7913,1,4,0
prod,9b41b92b-615d-4a13-a83a-fd3069bef465,ear-training,105,0.6,0,0.983976,0.9840,0,3,0,0.9840,0,3,0,0.9840,0,3,0,0.9840,0,3,0,0.9840,0,3,0,0.9840,0,3,0
prod,7807e1cf-f41b-4ef6-b178-b52f4252aec4,ear-training,105,0.6,0,0.772948,0.7729,0,2,1,0.7729,0,2,1,0.7729,0,2,1,0.7729,0,2,1,0.7729,0,2,1,0.7729,0,2,1
prod,f0807050-bceb-45d9-a69f-98709d7e20a3,ear-training,105,0.6,0,0.326806,0.3268,0,0,3,0.3268,0,0,3,0.3268,0,0,3,0.3268,0,0,3,0.3268,0,0,3,0.3268,0,0,3
prod,b4710c77-9d05-4133-9ba5-db8593258d7d,ear-training,105,0.6,0,0.938611,0.9386,0,3,0,0.7040,1,3,0,0.9386,0,3,0,0.9386,0,3,0,0.7040,1,3,0,0.9386,0,3,0
prod,555b7327-44e6-4ddd-8f0d-3ca4accf900f,ear-training,105,0.6,0,0.730521,0.7305,0,3,0,0.7305,0,3,0,0.7305,0,3,0,0.7305,0,3,0,0.7305,0,3,0,0.7305,0,3,0
prod,12279698-7b33-4f80-909b-a55cfdf7ea9f,ear-training,105,0.6,0,0.948292,0.9483,0,2,0,0.6322,1,2,0,0.6322,1,2,0,0.9483,0,2,0,0.6322,1,2,0,0.6322,1,2,0
prod,84adbd46-d2d0-4b4b-ba9a-4b956568a79f,ear-training,105,0.6,0,0.85382,0.8538,0,4,1,0.8538,0,4,1,0.8538,0,4,1,0.8538,0,4,1,0.8538,0,4,1,0.8538,0,4,1
prod,d80952d7-d3fb-4b9e-b58e-d823365e5f20,ear-training,105,0.6,0,0.744674,0.7447,0,4,0,0.7447,0,4,0,0.7447,0,4,0,0.7447,0,4,0,0.7447,0,4,0,0.7447,0,4,0
prod,b9e4f14d-0e90-4d44-8d07-2d08a8b078bd,ear-training,105,0.6,0,0.977144,0.9771,0,2,0,0.6514,1,2,0,0.9771,0,2,0,0.9771,0,2,0,0.6514,1,2,0,0.9771,0,2,0
prod,76b7a7d9-e2bf-4b97-9e47-21fd9d085875,ear-training,105,0.6,0,0.462623,0.5674,0,4,2,0.5674,0,4,2,0.5674,0,4,2,0.5674,0,4,2,0.5674,0,4,2,0.5674,0,4,2
prod,8ec3992a-c454-4604-ae67-fc80b53443b2,ear-training,105,0.6,0,0.52598,0.5260,0,3,4,0.5260,0,3,4,0.5260,0,3,4,0.5260,0,3,4,0.5260,0,3,4,0.5260,0,3,4
prod,6c3005a4-cbe4-401c-8a7e-cb6fdb903271,ear-training,105,0.6,0,0.980875,0.9809,0,2,0,0.9809,0,2,0,0.9809,0,2,0,0.9809,0,2,0,0.9809,0,2,0,0.9809,0,2,0
prod,bab58687-defe-459c-9c39-3d542beb66a0,ear-training,105,0.6,0,0.669818,0.6698,0,1,1,0.6698,0,1,1,0.6698,0,1,1,0.6698,0,1,1,0.6698,0,1,1,0.6698,0,1,1
prod,6982b582-2def-49a1-951e-fd049592c129,ear-training,105,0.6,0,0.941208,0.9412,0,2,0,0.9412,0,2,0,0.9412,0,2,0,0.9412,0,2,0,0.9412,0,2,0,0.9412,0,2,0
prod,eef51591-23ff-4bf6-82a4-37d0031260ca,ear-training,105,0.6,0,0.935346,0.9353,0,4,0,0.7483,1,4,0,0.7483,1,4,0,0.9353,0,4,0,0.7483,1,4,0,0.7483,1,4,0
prod,faadda9e-6345-4a6d-a815-25182af38c69,ear-training,105,0.6,0,0.638815,0.6388,0,4,4,0.6388,0,4,4,0.6388,0,4,4,0.6803,0,5,2,0.6803,0,5,2,0.6803,0,5,2
prod,02e23170-0629-4d90-9018-167ec8d9c34e,ear-training,105,0.6,0,0.642504,0.6425,0,4,4,0.6425,0,4,4,0.6425,0,4,4,0.6425,0,4,4,0.6425,0,4,4,0.6425,0,4,4
prod,db94de65-2d50-4b77-a4d8-816a29332fd7,ear-training,105,0.6,0,0.952542,0.9525,0,4,0,0.7620,1,4,0,0.9525,0,4,0,0.9525,0,4,0,0.7620,1,4,0,0.9525,0,4,0
prod,007c913a-821b-4a32-a934-90271babb847,ear-training,105,0.6,0,0.960688,0.9607,0,4,0,0.9607,0,4,0,0.9607,0,4,0,0.9607,0,4,0,0.9607,0,4,0,0.9607,0,4,0
prod,a068ad1a-ddd1-43cb-b7e0-2cd898bec180,ear-training,105,0.6,0,0.942612,0.9426,0,2,0,0.9426,0,2,0,0.9426,0,2,0,0.9426,0,2,0,0.9426,0,2,0,0.9426,0,2,0
prod,0285e070-cc00-49de-b00c-a53088d79167,ear-training,105,0.6,0,0.966,0.9660,0,3,0,0.9660,0,3,0,0.9660,0,3,0,0.9660,0,3,0,0.9660,0,3,0,0.9660,0,3,0
prod,5f572905-14c3-4cfe-a0f4-927788ab6fe3,ear-training,105,0.6,0,0.979222,0.9792,0,3,0,0.9792,0,3,0,0.9792,0,3,0,0.9792,0,3,0,0.9792,0,3,0,0.9792,0,3,0
prod,6baf4efe-2c27-4c0b-952c-e9128aa32b19,ear-training,105,0.6,0,0.747017,0.7470,0,4,0,0.7470,0,4,0,0.7470,0,4,0,0.7470,0,4,0,0.7470,0,4,0,0.7470,0,4,0
prod,0ecd4587-a5e5-4a3e-869a-0a833950000e,ear-training,105,0.6,0,0.972611,0.9726,0,3,0,0.9726,0,3,0,0.9726,0,3,0,0.9726,0,3,0,0.9726,0,3,0,0.9726,0,3,0
prod,beedfda5-6660-457e-a4e4-9a382284bec5,ear-training,105,0.6,0,0.988194,0.9882,0,3,0,0.9882,0,3,0,0.9882,0,3,0,0.9882,0,3,0,0.9882,0,3,0,0.9882,0,3,0
prod,a1c99886-a35f-41eb-8b1a-52b4ca9606d3,ear-training,105,0.6,0,0.987822,0.9878,0,5,0,0.9878,0,5,0,0.9878,0,5,0,0.9878,0,5,0,0.9878,0,5,0,0.9878,0,5,0
prod,d855e9a6-6bf1-4254-bcea-9bb7d0c80e75,ear-training,105,0.6,0,0.960333,0.9603,0,4,0,0.9603,0,4,0,0.9603,0,4,0,0.9603,0,4,0,0.9603,0,4,0,0.9603,0,4,0
prod,3fb8a99d-342b-4c04-a2ba-c92aa9f377fb,ear-training,105,0.6,0,0.966,0.9660,0,3,0,0.9660,0,3,0,0.9660,0,3,0,0.9660,0,3,0,0.9660,0,3,0,0.9660,0,3,0
prod,6528745a-181c-4882-84b0-2e6d816556f7,ear-training,105,0.6,0,0.990259,0.9903,0,5,0,0.9903,0,5,0,0.9903,0,5,0,0.9903,0,5,0,0.9903,0,5,0,0.9903,0,5,0
prod,2237ff7c-00f3-42cf-9f0c-9f254d4abde4,ear-training,105,0.6,0,0.736984,0.7370,0,3,0,0.7370,0,3,0,0.7370,0,3,0,0.7370,0,3,0,0.7370,0,3,0,0.7370,0,3,0
prod,6773018a-003f-433b-a0cd-03f582f9cd2c,ear-training,105,0.6,0,0.965292,0.9653,0,4,0,0.9653,0,4,0,0.9653,0,4,0,0.9653,0,4,0,0.9653,0,4,0,0.9653,0,4,0
prod,2500a126-34ed-46d4-8be3-29c77d042af7,ear-training,105,0.6,0,0.477111,0.4771,0,2,1,0.4771,0,2,1,0.4771,0,2,1,0.4771,0,2,1,0.4771,0,2,1,0.4771,0,2,1
prod,8c0ae235-fc54-424b-bc45-b41599b589e5,ear-training,105,0.6,0,0.365776,0.6611,0,3,0,0.4407,2,3,0,0.5289,1,3,0,0.6611,0,3,0,0.4407,2,3,0,0.5289,1,3,0
prod,82c30992-7b23-4c0e-aa86-8737607fd5ce,ear-training,105,0.6,0,0.954667,0.9547,0,3,0,0.7160,1,3,0,0.9547,0,3,0,0.9547,0,3,0,0.7160,1,3,0,0.9547,0,3,0
prod,857083fe-13c2-4f66-9a96-1ee0bd832407,ear-training,105,0.6,0,0.916,0.9160,0,11,1,0.9160,0,11,1,0.9160,0,11,1,0.8385,0,10,1,0.8385,0,10,1,0.8385,0,10,1
prod,be5cf9b5-1e4a-4f83-aeb5-d14ea7347f6f,ear-training,105,0.6,0,0.760806,0.7608,0,2,1,0.7608,0,2,1,0.7608,0,2,1,0.7608,0,2,1,0.7608,0,2,1,0.7608,0,2,1
prod,6ccf1945-6660-4c05-a8ab-86f4cca9d57e,ear-training,105,0.6,0,0.935596,0.9356,0,2,0,0.9356,0,2,0,0.9356,0,2,0,0.9356,0,2,0,0.9356,0,2,0,0.9356,0,2,0
prod,00f149bb-7688-489e-8ef1-c20b3b272ffd,ear-training,105,0.6,0,0.653958,0.6540,0,1,1,0.6540,0,1,1,0.6540,0,1,1,0.6540,0,1,1,0.6540,0,1,1,0.6540,0,1,1
prod,9129b461-940d-40af-ace7-3f508f1cd081,ear-training,105,0.6,0,0.731938,0.7319,0,3,0,0.7319,0,3,0,0.7319,0,3,0,0.7319,0,3,0,0.7319,0,3,0,0.7319,0,3,0
prod,8945db6d-71cf-42df-b809-8207e9dfc446,ear-training,105,0.6,0,0.946167,0.9462,0,2,0,0.9462,0,2,0,0.9462,0,2,0,0.9462,0,2,0,0.9462,0,2,0,0.9462,0,2,0
prod,b5f93bca-7550-4b94-88ea-36b77781f79b,ear-training,105,0.6,0,0.988667,0.9887,0,4,0,0.9887,0,4,0,0.9887,0,4,0,0.9887,0,4,0,0.9887,0,4,0,0.9887,0,4,0
prod,89e40491-554c-4448-81d8-d4459d6a4c7d,ear-training,105,0.6,0,0.898944,0.8989,0,3,0,0.5394,2,3,0,0.6742,1,3,0,0.8989,0,3,0,0.5394,2,3,0,0.6742,1,3,0
prod,772af19c-20e2-46f8-8869-c362d16ef0a4,ear-training,105,0.6,0,0.565056,0.5651,0,1,2,0.5651,0,1,2,0.5651,0,1,2,0.5651,0,1,2,0.5651,0,1,2,0.5651,0,1,2
prod,98041aae-94a4-4f6a-a245-c68bd2efc0c3,ear-training,105,0.6,0,0.968361,0.9684,0,3,0,0.9684,0,3,0,0.9684,0,3,0,0.9684,0,3,0,0.9684,0,3,0,0.9684,0,3,0
prod,07d5fa89-168b-404c-ae26-82a55f9d2dd8,ear-training,105,0.6,0,0.612833,0.6128,0,2,0,0.6128,0,2,0,0.6128,0,2,0,0.6128,0,2,0,0.6128,0,2,0,0.6128,0,2,0
prod,1e5d7d8f-7222-4387-933e-63f7ebcbe15c,ear-training,105,0.6,0,0.489083,0.5770,0,2,1,0.3297,3,2,1,0.3297,3,2,1,0.6543,0,2,2,0.4362,2,2,2,0.5235,1,2,2
prod,619a7d7c-7dc8-4602-8205-ac86ef25e931,ear-training,105,0.6,0,0.384833,0.5688,0,2,1,0.5688,0,2,1,0.5688,0,2,1,0.5688,0,2,1,0.5688,0,2,1,0.5688,0,2,1
prod,8e3b37ee-e5c8-4352-a1c5-eaa6d323ebb1,ear-training,105,0.6,0,0.937667,0.9377,0,2,0,0.9377,0,2,0,0.9377,0,2,0,0.9377,0,2,0,0.9377,0,2,0,0.9377,0,2,0
prod,1f37d5b8-eb31-4278-b597-792033e2fd33,ear-training,105,0.6,0,0.955233,0.9552,0,5,0,0.9552,0,5,0,0.9552,0,5,0,0.9552,0,5,0,0.9552,0,5,0,0.9552,0,5,0
prod,1b29160d-8f6c-4b55-ada7-f332c9510d71,ear-training,105,0.6,0,0.962694,0.9627,0,3,0,0.9627,0,3,0,0.9627,0,3,0,0.9627,0,3,0,0.9627,0,3,0,0.9627,0,3,0
prod,fba72903-67ee-4a12-8e9b-e7893a127c95,ear-training,105,0.6,0,0.87378,0.8738,0,4,1,0.8738,0,4,1,0.8738,0,4,1,0.8738,0,4,1,0.8738,0,4,1,0.8738,0,4,1
prod,5cd98a27-6b3b-4901-ac1a-c9a9fd10d1fc,ear-training,105,0.6,0,0.996458,0.9965,0,2,0,0.9965,0,2,0,0.9965,0,2,0,0.9965,0,2,0,0.9965,0,2,0,0.9965,0,2,0
prod,c3674043-1e4a-47e3-be85-368bea7170ba,ear-training,105,0.6,0,0.696458,0.6965,0,1,1,0.6965,0,1,1,0.6965,0,1,1,0.6965,0,1,1,0.6965,0,1,1,0.6965,0,1,1
prod,5dc698c8-588d-4140-a0c5-f1c2f78dba37,ear-training,105,0.6,0,0.9915,0.9915,0,3,0,0.9915,0,3,0,0.9915,0,3,0,0.9915,0,3,0,0.9915,0,3,0,0.9915,0,3,0
prod,0114a893-a2b3-4e69-afc6-0a4932361f4d,ear-training,105,0.6,0,0.981583,0.9816,0,3,0,0.9816,0,3,0,0.9816,0,3,0,0.9816,0,3,0,0.9816,0,3,0,0.9816,0,3,0
prod,e9148d39-a5f5-47a7-a97a-3df4fbe76bb2,ear-training,105,0.6,0,0.954833,0.9548,0,3,0,0.9548,0,3,0,0.9548,0,3,0,0.9548,0,3,0,0.9548,0,3,0,0.9548,0,3,0
prod,4414dfce-ff1c-46dd-9b17-a1b070dc36cd,ear-training,105,0.6,0,0.953935,0.9539,0,4,0,0.9539,0,4,0,0.9539,0,4,0,0.9539,0,4,0,0.9539,0,4,0,0.9539,0,4,0
prod,c2287449-143e-47e1-b13d-e0a06ddf1db2,ear-training,105,0.6,0,0.968361,0.9684,0,3,0,0.9684,0,3,0,0.9684,0,3,0,0.9684,0,3,0,0.9684,0,3,0,0.9684,0,3,0
prod,a2e1189c-f1de-4cb9-8bf4-386b78466c06,ear-training,105,0.6,0,0.907917,0.9079,0,2,0,0.6053,1,2,0,0.6053,1,2,0,0.9079,0,2,0,0.6053,1,2,0,0.6053,1,2,0
prod,2ff0edbb-c204-4230-941a-f7615c6af4d1,ear-training,105,0.6,0,0.976448,0.9764,0,8,0,0.9764,0,8,0,0.9764,0,8,0,0.9764,0,8,0,0.9764,0,8,0,0.9764,0,8,0
prod,f4d63efc-b145-4e78-bf37-ec3c8faf39eb,ear-training,105,0.6,0,0.970722,0.9707,0,3,0,0.9707,0,3,0,0.9707,0,3,0,0.9707,0,3,0,0.9707,0,3,0,0.9707,0,3,0
prod,0087e676-ca81-4c66-9cae-0390795a9ab0,ear-training,105,0.6,0,0.967417,0.9674,0,3,0,0.9674,0,3,0,0.9674,0,3,0,0.9674,0,3,0,0.9674,0,3,0,0.9674,0,3,0
prod,88378122-f5df-4dee-8201-078049745c89,ear-training,105,0.6,0,0.964938,0.9649,0,4,0,0.9649,0,4,0,0.9649,0,4,0,0.9649,0,4,0,0.9649,0,4,0,0.9649,0,4,0
prod,15abb95b-91db-4208-9e41-568f633ba611,ear-training,105,0.6,0,0.663167,0.6632,0,2,2,0.5305,1,2,2,0.5305,1,2,2,0.6632,0,2,2,0.5305,1,2,2,0.5305,1,2,2
prod,79dfc757-5766-4950-874b-ffe0f9a1f78b,ear-training,105,0.6,0,0.981229,0.9812,0,4,0,0.9812,0,4,0,0.9812,0,4,0,0.9812,0,4,0,0.9812,0,4,0,0.9812,0,4,0
prod,cabeadad-c114-48cc-a874-23b75a680834,ear-training,105,0.6,0,0.993585,0.9936,0,4,0,0.9936,0,4,0,0.9936,0,4,0,0.9936,0,4,0,0.9936,0,4,0,0.9936,0,4,0
prod,45c32ed2-d6c0-4120-9e7a-ce730e1c63d2,ear-training,105,0.6,0,0.276416,0.2764,0,0,3,0.2764,0,0,3,0.2764,0,0,3,0.2764,0,0,3,0.2764,0,0,3,0.2764,0,0,3
prod,1a00113c-f2af-4276-92c0-cbd8162fbc93,ear-training,105,0.6,0,0.98725,0.9873,0,2,0,0.9873,0,2,0,0.9873,0,2,0,0.9873,0,2,0,0.9873,0,2,0,0.9873,0,2,0
prod,f8d57221-a12f-4221-b2a8-b36356b76615,ear-training,105,0.6,0,0.967417,0.9674,0,2,0,0.9674,0,2,0,0.9674,0,2,0,0.9674,0,2,0,0.9674,0,2,0,0.9674,0,2,0
prod,a71a27c0-952c-4a65-b728-d266cba0b9ad,ear-training,105,0.6,0,0.952542,0.9525,0,2,0,0.9525,0,2,0,0.9525,0,2,0,0.9525,0,2,0,0.9525,0,2,0,0.9525,0,2,0
prod,8ab7334f-2538-40c9-bd61-7e30e4202c83,ear-training,105,0.6,0,0.952542,0.9525,0,2,0,0.9525,0,2,0,0.9525,0,2,0,0.9525,0,2,0,0.9525,0,2,0,0.9525,0,2,0
prod,0008b271-fb68-4e29-8ffb-754661a1bb55,ear-training,105,0.6,0,0.9915,0.9915,0,3,0,0.9915,0,3,0,0.9915,0,3,0,0.9915,0,3,0,0.9915,0,3,0,0.9915,0,3,0
prod,1e39afa9-25e8-4093-8943-2c5aa133ec46,ear-training,105,0.6,0,0.988667,0.9887,0,2,0,0.9887,0,2,0,0.9887,0,2,0,0.9887,0,2,0,0.9887,0,2,0,0.9887,0,2,0
prod,5b3944d0-749f-47c6-ba7d-9eb0feb136ec,ear-training,105,0.6,0,0.956083,0.9561,0,3,0,0.9561,0,3,0,0.9561,0,3,0,0.9561,0,3,0,0.9561,0,3,0,0.9561,0,3,0
prod,a6bbd476-de27-4513-9394-43ee1516f5bc,ear-training,105,0.6,0,0.966354,0.9664,0,4,0,0.9664,0,4,0,0.9664,0,4,0,0.9664,0,4,0,0.9664,0,4,0,0.9664,0,4,0
prod,be59fc8f-5676-4aac-8671-a3b2cd9257e6,ear-training,105,0.6,0,0.372375,0.3724,0,0,4,0.3724,0,0,4,0.3724,0,0,4,0.3724,0,0,4,0.3724,0,0,4,0.3724,0,0,4
prod,aac8eff7-8ea5-4c8e-b848-c635600ab32e,ear-training,105,0.6,0,0.778183,0.7782,0,4,0,0.6485,1,4,0,0.6485,1,4,0,0.7782,0,4,0,0.6485,1,4,0,0.6485,1,4,0
prod,735f3879-08e7-48ff-9994-f1d2d3d23401,ear-training,105,0.6,0,0.633747,0.7802,0,4,0,0.7802,0,4,0,0.7802,0,4,0,0.7802,0,4,0,0.7802,0,4,0,0.7802,0,4,0
prod,0e6d64b1-cf49-4622-b9b7-55cf442d8de9,ear-training,105,0.6,0,0.850703,0.8507,0,4,1,0.8507,0,4,1,0.8507,0,4,1,0.8507,0,4,1,0.8507,0,4,1,0.8507,0,4,1
prod,9df4996d-4964-4991-bf3f-83bbcc57e748,ear-training,105,0.6,0,0.761089,0.7611,0,2,1,0.7611,0,2,1,0.7611,0,2,1,0.7611,0,2,1,0.7611,0,2,1,0.7611,0,2,1
prod,c7ae1dba-8ac7-4cc4-bf3c-7d848a2365f0,ear-training,105,0.6,0,0.535306,0.5353,0,1,2,0.4015,1,1,2,0.4015,1,1,2,0.5353,0,1,2,0.4015,1,1,2,0.4015,1,1,2
prod,c36142c0-4f42-44bd-84bf-3cdeca9f7e50,ear-training,105,0.6,0,0.800643,0.8006,0,5,2,0.8006,0,5,2,0.8006,0,5,2,0.6583,0,4,2,0.6583,0,4,2,0.6583,0,4,2
prod,171d7e0e-ae90-4674-816e-e4196fdc8d3c,ear-training,105,0.6,0,0.969306,0.9693,0,3,0,0.9693,0,3,0,0.9693,0,3,0,0.9693,0,3,0,0.9693,0,3,0,0.9693,0,3,0
prod,d196a890-449d-4b5f-a7bc-57c59165b21f,ear-training,105,0.6,0,0.977617,0.9776,0,5,0,0.9776,0,5,0,0.9776,0,5,0,0.9776,0,5,0,0.9776,0,5,0,0.9776,0,5,0
prod,c60ed27d-5f88-4084-9555-669da7b07629,ear-training,105,0.6,0,0.962883,0.9629,0,5,0,0.9629,0,5,0,0.9629,0,5,0,0.9629,0,5,0,0.9629,0,5,0,0.9629,0,5,0
prod,937cb64c-4c11-463c-9790-d45b274a3d94,ear-training,105,0.6,0,0.781583,0.7816,0,4,0,0.7816,0,4,0,0.7816,0,4,0,0.7816,0,4,0,0.7816,0,4,0,0.7816,0,4,0
prod,0e096c34-265d-43e1-9c7f-ec01e109595b,ear-training,105,0.6,0,0.568267,0.5683,0,3,0,0.5683,0,3,0,0.5683,0,3,0,0.5683,0,3,0,0.5683,0,3,0,0.5683,0,3,0
prod,8b25bf35-8d15-42f8-af5a-73c3f2654498,ear-training,105,0.6,0,0.931373,0.9314,0,4,0,0.7451,1,4,0,0.9314,0,4,0,0.9314,0,4,0,0.7451,1,4,0,0.9314,0,4,0
prod,8855b31e-96dd-4453-850b-d9796fa37cff,ear-training,105,0.6,0,0.687083,0.7163,0,3,1,0.5731,1,3,1,0.5731,1,3,1,0.5500,0,2,2,0.5500,0,2,2,0.5500,0,2,2
prod,a9fe16da-2a2f-4e57-91e9-f8d164446972,ear-training,105,0.6,0,0.96175,0.9617,0,3,0,0.9617,0,3,0,0.9617,0,3,0,0.9617,0,3,0,0.9617,0,3,0,0.9617,0,3,0
prod,76fe5f35-be2e-480a-8446-5e2f526ee6c8,ear-training,105,0.6,0,0.946167,0.9462,0,4,0,0.9462,0,4,0,0.9462,0,4,0,0.9462,0,4,0,0.9462,0,4,0,0.9462,0,4,0
prod,fd01dee1-a5d3-4cf4-9814-c6f8656cf7ff,ear-training,105,0.6,0,0.937667,0.9377,0,2,0,0.9377,0,2,0,0.9377,0,2,0,0.9377,0,2,0,0.9377,0,2,0,0.9377,0,2,0
prod,4f9be806-a35e-4dde-ac6a-03e417b5e4e9,ear-training,105,0.6,0,0.971006,0.9710,0,3,0,0.9710,0,3,0,0.9710,0,3,0,0.9710,0,3,0,0.9710,0,3,0,0.9710,0,3,0
prod,021c3e80-d020-4f5e-97b5-6b0fadfab976,ear-training,105,0.6,0,0.571615,0.5716,0,2,0,0.5716,0,2,0,0.5716,0,2,0,0.5716,0,2,0,0.5716,0,2,0,0.5716,0,2,0
prod,e4245989-53e5-4137-8b24-6821ca7dde8b,ear-training,105,0.6,0,0.982292,0.9823,0,2,0,0.9823,0,2,0,0.9823,0,2,0,0.9823,0,2,0,0.9823,0,2,0,0.9823,0,2,0
prod,77482031-d526-4bdc-8b48-c9abce5c7acf,ear-training,105,0.6,0,0.776431,0.7764,0,5,0,0.7764,0,5,0,0.7764,0,5,0,0.7764,0,5,0,0.7764,0,5,0,0.7764,0,5,0
prod,bfc93a3e-6077-4867-aa68-ab597f76a02d,ear-training,105,0.6,0,0.713049,0.7130,0,3,0,0.7130,0,3,0,0.7130,0,3,0,0.7130,0,3,0,0.7130,0,3,0,0.7130,0,3,0
prod,10b229c3-dce2-45fa-8002-6c25a656400b,ear-training,105,0.6,0,0.503667,0.5819,0,2,1,0.5819,0,2,1,0.5819,0,2,1,0.5819,0,2,1,0.5819,0,2,1,0.5819,0,2,1
prod,3a5b1cb9-8b5e-4741-ac90-ac0d62f51a55,ear-training,105,0.6,0,0.960037,0.9600,0,4,0,0.9600,0,4,0,0.9600,0,4,0,0.9600,0,4,0,0.9600,0,4,0,0.9600,0,4,0
prod,f32e43f9-d57d-4ffa-92dc-435078e9c9c5,ear-training,105,0.6,0,0.948811,0.9488,0,3,0,0.9488,0,3,0,0.9488,0,3,0,0.9488,0,3,0,0.9488,0,3,0,0.9488,0,3,0
prod,c6711452-8e7f-4de9-bdff-00f40b0b43ed,ear-training,105,0.6,0,0.654924,0.6549,0,2,0,0.6549,0,2,0,0.6549,0,2,0,0.6549,0,2,0,0.6549,0,2,0,0.6549,0,2,0
prod,baf33c05-18c9-4a00-be88-dadbe5cba0c1,ear-training,105,0.6,0,0.946167,0.9462,0,4,0,0.9462,0,4,0,0.9462,0,4,0,0.9462,0,4,0,0.9462,0,4,0,0.9462,0,4,0
prod,596b04fc-2f54-411e-a86d-0f73c60d54f4,ear-training,105,0.6,0,0.932708,0.9327,0,2,0,0.9327,0,2,0,0.9327,0,2,0,0.9327,0,2,0,0.9327,0,2,0,0.9327,0,2,0
prod,fdc6ef0e-350e-4a7a-8a11-e85910e87422,ear-training,105,0.6,0,0.894978,0.8950,0,3,0,0.6712,1,3,0,0.6712,1,3,0,0.7710,0,2,1,0.7710,0,2,1,0.7710,0,2,1
prod,1ae97d3d-7a21-4d6a-8c14-05e2eb9d5073,ear-training,105,0.6,0,0.979452,0.9795,0,2,0,0.9795,0,2,0,0.9795,0,2,0,0.9795,0,2,0,0.9795,0,2,0,0.9795,0,2,0
prod,d1591c64-19c5-4029-9c49-30aada8abbc1,ear-training,105,0.6,0,0.982056,0.9821,0,6,0,0.9821,0,6,0,0.9821,0,6,0,0.9821,0,6,0,0.9821,0,6,0,0.9821,0,6,0
prod,6f408cb5-0ab4-4a15-9266-39ae99ed6b44,ear-training,105,0.6,0,0.780583,0.7806,0,3,1,0.7806,0,3,1,0.7806,0,3,1,0.7806,0,3,1,0.7806,0,3,1,0.7806,0,3,1
prod,dbf8e391-2859-4101-8d67-ff33de8eff42,ear-training,105,0.6,0,0.974004,0.9740,0,4,0,0.9740,0,4,0,0.9740,0,4,0,0.9740,0,4,0,0.9740,0,4,0,0.9740,0,4,0
prod,7c55af55-4640-4868-98ca-a4f5f1e349f1,ear-training,105,0.6,0,0.445421,0.4114,0,2,1,0.4114,0,2,1,0.4114,0,2,1,0.4114,0,2,1,0.4114,0,2,1,0.4114,0,2,1
prod,d2f666bf-e647-45f7-ba21-482540788491,ear-training,105,0.6,0,0.720733,0.7207,0,6,3,0.5897,2,6,3,0.5897,2,6,3,0.7207,0,6,3,0.5897,2,6,3,0.5897,2,6,3
prod,87297c18-551e-4a65-b526-e645c5d67bed,ear-training,105,0.6,0,0.981583,0.9816,0,3,0,0.9816,0,3,0,0.9816,0,3,0,0.9816,0,3,0,0.9816,0,3,0,0.9816,0,3,0
prod,00dbd723-2b99-47a1-9dfb-7a011b242c59,ear-training,105,0.6,0,0.769083,0.7691,0,2,0,0.5127,1,2,0,0.7691,0,2,0,0.7691,0,2,0,0.5127,1,2,0,0.7691,0,2,0
prod,fe2814cf-3a15-4cf0-8817-32ae6a2cf961,ear-training,105,0.6,0,0.676342,0.6763,0,1,1,0.3382,2,1,1,0.4509,1,1,1,0.6763,0,1,1,0.3382,2,1,1,0.4509,1,1,1
prod,24194f1c-110a-4588-b539-bb546a16fe17,ear-training,105,0.6,0,0.960428,0.9604,0,9,0,0.9604,0,9,0,0.9604,0,9,0,0.9604,0,9,0,0.9604,0,9,0,0.9604,0,9,0
prod,5a1f340b-98ee-426c-a8c5-67ace3a499d9,ear-training,105,0.6,0,0.969896,0.9699,0,4,0,0.9699,0,4,0,0.9699,0,4,0,0.9699,0,4,0,0.9699,0,4,0,0.9699,0,4,0
prod,c5d3f8ec-9be8-4edd-b542-cdf77bfba570,ear-training,105,0.6,0,0.524854,0.5249,0,1,3,0.5249,0,1,3,0.5249,0,1,3,0.5249,0,1,3,0.5249,0,1,3,0.5249,0,1,3
prod,02977335-896b-4c68-8f0a-affa97496d00,ear-training,105,0.6,0,0.772611,0.7726,0,2,1,0.7726,0,2,1,0.7726,0,2,1,0.7726,0,2,1,0.7726,0,2,1,0.7726,0,2,1
prod,047ba6da-d7e8-4363-8202-89f04bf65054,ear-training,105,0.6,0,0.975107,0.9751,0,7,0,0.9751,0,7,0,0.9751,0,7,0,0.8371,0,6,0,0.8371,0,6,0,0.8371,0,6,0
prod,30e16a16-72b4-42e4-a2f7-c52a3ff1eac5,ear-training,105,0.6,0,0.698905,0.6989,0,5,0,0.6989,0,5,0,0.6989,0,5,0,0.6989,0,5,0,0.6989,0,5,0,0.6989,0,5,0
prod,12d774e5-e0be-40df-836e-c76e68f8f51e,ear-training,105,0.6,0,0.970722,0.9707,0,3,0,0.9707,0,3,0,0.9707,0,3,0,0.9707,0,3,0,0.9707,0,3,0,0.9707,0,3,0
prod,659385b4-59eb-4888-ad8a-3f2b7569f2a0,ear-training,105,0.6,0,0.97562,0.9756,0,3,0,0.9756,0,3,0,0.9756,0,3,0,0.9756,0,3,0,0.9756,0,3,0,0.9756,0,3,0
prod,b0e2aeef-68ed-4d6a-bf7d-1a8b77927089,ear-training,105,0.6,0,0.383598,0.3836,0,0,9,0.3836,0,0,9,0.3836,0,0,9,0.3836,0,0,9,0.3836,0,0,9,0.3836,0,0,9
prod,f0acbf16-2e78-4858-990a-8858867831a2,ear-training,105,0.6,0,0.507046,0.5070,0,2,7,0.5070,0,2,7,0.5070,0,2,7,0.5070,0,2,7,0.5070,0,2,7,0.5070,0,2,7
prod,73f2457e-b6d0-4892-abe0-bfd3d9593c6e,ear-training,105,0.6,0,0.822729,0.8273,0,3,1,0.6619,1,3,1,0.6619,1,3,1,0.8273,0,3,1,0.6619,1,3,1,0.6619,1,3,1
prod,d8e58b5d-d233-4fef-879f-d68f91c7f8a3,ear-training,105,0.6,0,0.779222,0.7792,0,2,1,0.7792,0,2,1,0.7792,0,2,1,0.7792,0,2,1,0.7792,0,2,1,0.7792,0,2,1
prod,df21a94d-9a1e-4eee-bfa5-b4fe737163f6,ear-training,105,0.6,0,0.579222,0.5792,0,1,2,0.5792,0,1,2,0.5792,0,1,2,0.5792,0,1,2,0.5792,0,1,2,0.5792,0,1,2
prod,5aacea43-5bba-4f8c-9aef-94f937177efa,ear-training,105,0.6,0,0.87299,0.8730,0,6,1,0.8730,0,6,1,0.8730,0,6,1,0.8730,0,6,1,0.8730,0,6,1,0.8730,0,6,1
prod,b8bc536b-6e02-44c9-86a4-ed7b53886e6a,ear-training,105,0.6,0,0.760806,0.7608,0,2,1,0.7608,0,2,1,0.7608,0,2,1,0.7608,0,2,1,0.7608,0,2,1,0.7608,0,2,1
prod,27a1ce06-0fa1-4614-a72c-d1aa5aa898c8,ear-training,105,0.6,0,0.984889,0.9849,0,3,0,0.9849,0,3,0,0.9849,0,3,0,0.9849,0,3,0,0.9849,0,3,0,0.9849,0,3,0
prod,f5caaf33-f600-451d-9950-fbff3b17c6bb,ear-training,105,0.6,0,0.434953,0.4350,0,1,8,0.3915,1,1,8,0.3915,1,1,8,0.4350,0,1,8,0.3915,1,1,8,0.3915,1,1,8
prod,a8843751-750e-479b-b77d-d0d5483140f1,ear-training,105,0.6,0,0.350062,0.3501,0,0,4,0.2800,1,0,4,0.2800,1,0,4,0.3209,0,0,4,0.2567,1,0,4,0.2567,1,0,4
prod,c1658729-31a8-46f4-879d-5ea56657cf71,ear-training,105,0.6,0,0.357699,0.3577,0,0,4,0.3577,0,0,4,0.3577,0,0,4,0.3577,0,0,4,0.3577,0,0,4,0.3577,0,0,4
prod,09e40235-236c-4729-baed-9320b15eeee0,ear-training,105,0.6,0,0.775849,0.7758,0,2,1,0.7758,0,2,1,0.7758,0,2,1,0.7758,0,2,1,0.7758,0,2,1,0.7758,0,2,1
prod,a7a15989-274a-48f1-9e37-02e5b1d00f58,ear-training,105,0.6,0,0.234695,0.2634,0,0,5,0.2634,0,0,5,0.2634,0,0,5,0.2634,0,0,5,0.2634,0,0,5,0.2634,0,0,5
prod,11fd6fa3-0cc3-4cc7-9a4c-4d58d1affd08,ear-training,105,0.6,0,0.330143,0.3432,0,1,4,0.3432,0,1,4,0.3432,0,1,4,0.2931,0,1,3,0.2931,0,1,3,0.2931,0,1,3
prod,50b4753c-8a8b-4d61-aa2f-9f5b23e16d6e,ear-training,105,0.6,0,0.988721,0.9887,0,3,0,0.9887,0,3,0,0.9887,0,3,0,0.9887,0,3,0,0.9887,0,3,0,0.9887,0,3,0
prod,abcaa19b-6c0f-4be3-8060-5692e65dcbc9,ear-training,105,0.6,0,0.438855,0.4389,0,1,2,0.4389,0,1,2,0.4389,0,1,2,0.4389,0,1,2,0.4389,0,1,2,0.4389,0,1,2
prod,9fa3845d-a663-4257-8547-3659494bc152,ear-training,105,0.6,0,0.99575,0.9958,0,3,0,0.9958,0,3,0,0.9958,0,3,0,0.9958,0,3,0,0.9958,0,3,0,0.9958,0,3,0
prod,3f546125-4ed1-48c0-aac1-ea29810384d6,ear-training,105,0.6,0,0.947583,0.9476,0,2,0,0.9476,0,2,0,0.9476,0,2,0,0.9476,0,2,0,0.9476,0,2,0,0.9476,0,2,0
prod,4a6e34ff-8388-46c1-9fde-00ad040be193,ear-training,105,0.6,0,0.9796,0.9796,0,5,0,0.9796,0,5,0,0.9796,0,5,0,0.9796,0,5,0,0.9796,0,5,0,0.9796,0,5,0
prod,d80ef57b-c4eb-403d-86d6-e28c85c75399,ear-training,105,0.6,0,0.9575,0.9575,0,4,0,0.9575,0,4,0,0.9575,0,4,0,0.9575,0,4,0,0.9575,0,4,0,0.9575,0,4,0
prod,733a0090-1e23-4cf4-99ac-3f3d341fa358,ear-training,105,0.6,0,0.709583,0.7096,0,2,0,0.2838,3,2,0,0.7096,0,2,0,0.7096,0,2,0,0.2838,3,2,0,0.7096,0,2,0
prod,ae9dd3f8-ea1d-4843-9c3f-85ec7f6265af,ear-training,105,0.6,0,0.982646,0.9826,0,4,0,0.9826,0,4,0,0.9826,0,4,0,0.9826,0,4,0,0.9826,0,4,0,0.9826,0,4,0
prod,e6b8d816-c1f0-43da-9be1-59166ab6443f,ear-training,105,0.6,0,0.908072,0.9081,0,2,0,0.4540,2,2,0,0.4540,2,2,0,0.9081,0,2,0,0.4540,2,2,0,0.4540,2,2,0
prod,f83f2210-8d03-4ba0-9b64-c0340bfae044,ear-training,105,0.6,0,0.967417,0.9674,0,2,0,0.9674,0,2,0,0.9674,0,2,0,0.9674,0,2,0,0.9674,0,2,0,0.9674,0,2,0
prod,ebff54c4-9fc9-4b54-af6c-6d8004a29ac5,ear-training,105,0.6,0,0.969117,0.9691,0,5,0,0.9691,0,5,0,0.9691,0,5,0,0.9691,0,5,0,0.9691,0,5,0,0.9691,0,5,0
prod,450eb6ad-4020-4186-8ae9-ae720264a09b,ear-training,105,0.6,0,0.912875,0.9129,0,2,0,0.9129,0,2,0,0.9129,0,2,0,0.9129,0,2,0,0.9129,0,2,0,0.9129,0,2,0
prod,7860d599-a1ed-40f1-9058-2543819275df,ear-training,105,0.6,0,0.944615,0.9446,0,3,0,0.9446,0,3,0,0.9446,0,3,0,0.9446,0,3,0,0.9446,0,3,0,0.9446,0,3,0
prod,906fb03e-668b-49bb-8bd3-ebd99e99d71f,ear-training,105,0.6,0,0.910662,0.9107,0,2,0,0.9107,0,2,0,0.9107,0,2,0,0.9107,0,2,0,0.9107,0,2,0,0.9107,0,2,0
prod,4206d2e8-0524-4ed1-96dc-bbcfa455dc08,ear-training,105,0.6,0,0.489967,0.4900,0,1,4,0.4900,0,1,4,0.4900,0,1,4,0.4900,0,1,4,0.4900,0,1,4,0.4900,0,1,4
prod,7862e503-2915-43d7-9657-d76db04eb756,ear-training,105,0.6,0,0.571433,0.5714,0,2,3,0.4762,1,2,3,0.4762,1,2,3,0.5714,0,2,3,0.4762,1,2,3,0.4762,1,2,3
prod,f6302594-11f0-4407-8402-6b44830d466a,ear-training,105,0.6,0,0.837508,0.8375,0,2,0,0.5583,1,2,0,0.8375,0,2,0,0.8375,0,2,0,0.8375,0,2,0,0.8375,0,2,0
prod,1b8b7826-657a-467a-bc1a-2642b31e5b7a,ear-training,105,0.6,0,0.972375,0.9724,0,2,0,0.9724,0,2,0,0.9724,0,2,0,0.9724,0,2,0,0.9724,0,2,0,0.9724,0,2,0
prod,79c2eb14-e4da-4a68-a525-5e612f3bdc83,ear-training,105,0.6,0,0.912389,0.9124,0,2,0,0.4562,2,2,0,0.4562,2,2,0,0.9124,0,2,0,0.4562,2,2,0,0.4562,2,2,0
prod,ecbd0372-1941-447f-8d9d-89c0dc6bd859,ear-training,105,0.6,0,0.738792,0.9203,0,4,0,0.6135,2,4,0,0.7363,1,4,0,0.9203,0,4,0,0.6135,2,4,0,0.7363,1,4,0
prod,4e2fb9e9-6be2-4dd7-801d-5f65c125aa54,ear-training,105,0.6,0,0.966,0.9660,0,3,0,0.9660,0,3,0,0.9660,0,3,0,0.9660,0,3,0,0.9660,0,3,0,0.9660,0,3,0
prod,ea2c6c31-83e2-4836-bbb7-a27e6d157dbd,ear-training,105,0.6,0,0.807854,0.8079,0,3,1,0.8079,0,3,1,0.8079,0,3,1,0.8079,0,3,1,0.8079,0,3,1,0.8079,0,3,1
prod,78afc400-3b81-43f4-8d3b-d3c8cdd38849,ear-training,105,0.6,0,0.350062,0.3501,0,0,4,0.3501,0,0,4,0.3501,0,0,4,0.3501,0,0,4,0.3501,0,0,4,0.3501,0,0,4
prod,ea62ec66-6a2b-4718-b6ef-55facb56d01c,ear-training,105,0.6,0,0.934109,0.9341,0,3,0,0.9341,0,3,0,0.9341,0,3,0,0.9341,0,3,0,0.9341,0,3,0,0.9341,0,3,0
prod,32415e68-c75d-4871-a3aa-2a7ced1ae124,ear-training,105,0.6,0,0.973792,0.9738,0,4,0,0.9738,0,4,0,0.9738,0,4,0,0.9738,0,4,0,0.9738,0,4,0,0.9738,0,4,0
prod,e763edd6-99a8-48a6-a3fc-4a7b272800e3,ear-training,105,0.6,0,0.907141,0.9071,0,2,0,0.6048,1,2,0,0.6048,1,2,0,0.9071,0,2,0,0.6048,1,2,0,0.6048,1,2,0
prod,3ce7a115-08e6-407d-a854-fc577d2f1d44,ear-training,105,0.6,0,0.982292,0.9823,0,4,0,0.9823,0,4,0,0.9823,0,4,0,0.9823,0,4,0,0.9823,0,4,0,0.9823,0,4,0
prod,bdd942d1-9094-436b-a5b5-60c679bb9dba,ear-training,105,0.6,0,0.937667,0.9377,0,3,0,0.9377,0,3,0,0.9377,0,3,0,0.9377,0,3,0,0.9377,0,3,0,0.9377,0,3,0
prod,f5e4e04f-89cd-4ca1-bb65-104b3d2d891a,ear-training,105,0.6,0,0.5575,0.5575,0,1,2,0.5575,0,1,2,0.5575,0,1,2,0.5575,0,1,2,0.5575,0,1,2,0.5575,0,1,2
prod,5c465dab-ea50-4564-95fe-cd78e8974ab7,ear-training,105,0.6,0,0.936988,0.9370,0,3,0,0.9370,0,3,0,0.9370,0,3,0,0.9370,0,3,0,0.9370,0,3,0,0.9370,0,3,0
prod,ecd1d360-e9c2-4c2f-927f-be15298dafd7,ear-training,105,0.6,0,0.979813,0.9798,0,4,0,0.9798,0,4,0,0.9798,0,4,0,0.9798,0,4,0,0.9798,0,4,0,0.9798,0,4,0
prod,020c3eaa-eee7-4c6b-a33d-bc56d595eae6,ear-training,105,0.6,0,0.9745,0.9745,0,5,0,0.9745,0,5,0,0.9745,0,5,0,0.9745,0,5,0,0.9745,0,5,0,0.9745,0,5,0
prod,7064bd46-07d6-4c29-bf35-8a8d24c1d69e,ear-training,105,0.6,0,0.932708,0.9327,0,2,0,0.9327,0,2,0,0.9327,0,2,0,0.9327,0,2,0,0.9327,0,2,0,0.9327,0,2,0
prod,60e2d508-d225-4a2e-9308-4c960d38e302,ear-training,105,0.6,0,0.968361,0.9684,0,3,0,0.9684,0,3,0,0.9684,0,3,0,0.9684,0,3,0,0.9684,0,3,0,0.9684,0,3,0
prod,b64d0cb5-2d88-4903-9db2-9e14bf17531d,ear-training,105,0.6,0,0.751833,0.7518,0,2,1,0.4511,2,2,1,0.4511,2,2,1,0.7518,0,2,1,0.4511,2,2,1,0.4511,2,2,1
prod,b2e90d5e-10c4-4b24-bf51-7a0663f93ef5,ear-training,105,0.6,0,0.912875,0.9129,0,2,0,0.9129,0,2,0,0.9129,0,2,0,0.9129,0,2,0,0.9129,0,2,0,0.9129,0,2,0
prod,6466894e-a677-461b-a0f2-e25a51f0f135,ear-training,105,0.6,0,0.965292,0.9653,0,4,0,0.9653,0,4,0,0.9653,0,4,0,0.9653,0,4,0,0.9653,0,4,0,0.9653,0,4,0
prod,75f01579-573b-490e-9865-8856ae597851,ear-training,105,0.6,0,0.947583,0.9476,0,2,0,0.9476,0,2,0,0.9476,0,2,0,0.9476,0,2,0,0.9476,0,2,0,0.9476,0,2,0
prod,d8395b33-2272-4cca-9195-303583497c0e,ear-training,105,0.6,0,0.88525,0.8852,0,4,0,0.5902,2,4,0,0.7082,1,4,0,0.8852,0,4,0,0.5902,2,4,0,0.7082,1,4,0
prod,4089ce9a-bd47-40b8-b762-16824c1c4ba5,ear-training,105,0.6,0,0.997167,0.9972,0,2,0,0.9972,0,2,0,0.9972,0,2,0,0.9972,0,2,0,0.9972,0,2,0,0.9972,0,2,0
prod,1a4223cc-9bbe-450f-93c5-a8b7635c5304,ear-training,105,0.6,0,0.938858,0.9389,0,3,0,0.9389,0,3,0,0.9389,0,3,0,0.9389,0,3,0,0.9389,0,3,0,0.9389,0,3,0
prod,4c4b7d87-5548-4126-b3c9-8f58ccb4974f,ear-training,105,0.6,0,0.798833,0.7988,0,2,0,0.7988,0,2,0,0.7988,0,2,0,0.3701,0,0,2,0.3701,0,0,2,0.3701,0,0,2
prod,3aa9725c-adc2-4d55-89d2-0df54423cd87,ear-training,105,0.6,0,0.362458,0.3625,0,0,2,0.1812,2,0,2,0.1812,2,0,2,0.3625,0,0,2,0.1812,2,0,2,0.1812,2,0,2
prod,d681a05a-51fc-4f67-8fc9-05b7c7668035,ear-training,105,0.6,0,0.844944,0.8449,0,3,0,0.3621,4,3,0,0.4225,3,3,0,0.8449,0,3,0,0.3621,4,3,0,0.4225,3,3,0
prod,16802257-a7d5-4abe-85b4-397b52344d29,ear-training,105,0.6,0,0.342466,0.3425,0,0,4,0.3425,0,0,4,0.3425,0,0,4,0.3425,0,0,4,0.3425,0,0,4,0.3425,0,0,4
prod,aedfc646-62c1-42f0-8419-528be9c7b5a7,ear-training,105,0.6,0,0.902277,0.9023,0,2,0,0.9023,0,2,0,0.9023,0,2,0,0.9023,0,2,0,0.9023,0,2,0,0.9023,0,2,0
prod,0244d332-6123-45f6-a36c-cbe34f6ee6ae,ear-training,105,0.6,0,0.948292,0.9483,0,2,0,0.6322,1,2,0,0.6322,1,2,0,0.9483,0,2,0,0.6322,1,2,0,0.6322,1,2,0
prod,cbaef06c-b3de-48d3-bfde-8ad635faa6bb,ear-training,105,0.6,0,0.888792,0.8888,0,2,0,0.5925,1,2,0,0.5925,1,2,0,0.8888,0,2,0,0.5925,1,2,0,0.5925,1,2,0
prod,d6460630-0a1f-4665-924a-3da4f614d043,ear-training,105,0.6,0,0.969896,0.9699,0,4,0,0.9699,0,4,0,0.9699,0,4,0,0.9699,0,4,0,0.9699,0,4,0,0.9699,0,4,0
prod,c2d45b7a-1232-4017-a35b-6a85137887f9,ear-training,105,0.6,0,0.964938,0.9649,0,4,0,0.9649,0,4,0,0.9649,0,4,0,0.9649,0,4,0,0.9649,0,4,0,0.9649,0,4,0
prod,b6dbd6fb-9e99-4ffa-818e-d09d2df8bb6a,ear-training,105,0.6,0,0.907917,0.9079,0,2,0,0.4540,2,2,0,0.9079,0,2,0,0.9079,0,2,0,0.4540,2,2,0,0.9079,0,2,0
prod,ed76d4a7-f9bf-44e8-bb49-62b437648ff9,ear-training,105,0.6,0,0.975917,0.9759,0,2,0,0.9759,0,2,0,0.9759,0,2,0,0.9759,0,2,0,0.9759,0,2,0,0.9759,0,2,0
prod,cb9d1c8a-8397-41a1-821b-e123ce84c092,ear-training,105,0.6,0,0.955984,0.9560,0,3,0,0.9560,0,3,0,0.9560,0,3,0,0.9560,0,3,0,0.9560,0,3,0,0.9560,0,3,0
prod,0d528a45-f0cd-4ceb-81f0-9920183bd814,ear-training,105,0.6,0,0.982292,0.9823,0,4,0,0.9823,0,4,0,0.9823,0,4,0,0.9823,0,4,0,0.9823,0,4,0,0.9823,0,4,0
prod,0f6f2749-3672-4223-854a-1cfd20bd5983,ear-training,105,0.6,0,0.523792,0.5238,0,1,3,0.5238,0,1,3,0.5238,0,1,3,0.5238,0,1,3,0.5238,0,1,3,0.5238,0,1,3
prod,d43ae871-9f57-49b9-b534-9b6355627653,ear-training,105,0.6,0,0.947583,0.9476,0,2,0,0.9476,0,2,0,0.9476,0,2,0,0.9476,0,2,0,0.9476,0,2,0,0.9476,0,2,0
prod,6b6b7249-cb25-4cb2-989c-f0f7166ad682,ear-training,105,0.6,0,0.992208,0.9922,0,2,0,0.9922,0,2,0,0.9922,0,2,0,0.9922,0,2,0,0.9922,0,2,0,0.9922,0,2,0
prod,b7dca01e-5105-4647-90b7-b8e1221aa489,ear-training,105,0.6,0,0.380542,0.2997,0,0,2,0.0999,4,0,2,0.1998,1,0,2,0.2997,0,0,2,0.0999,4,0,2,0.1998,1,0,2
prod,dc7a2122-db2e-4388-b8ab-a5f3b49ca1b7,ear-training,105,0.6,0,0.582133,0.5821,0,1,1,0.5821,0,1,1,0.5821,0,1,1,0.5821,0,1,1,0.5821,0,1,1,0.5821,0,1,1
prod,070aa835-6e50-49f0-9bfa-dcd8f170ab77,ear-training,105,0.6,0,0.643333,0.6575,0,1,1,0.6575,0,1,1,0.6575,0,1,1,0.6575,0,1,1,0.6575,0,1,1,0.6575,0,1,1
prod,f89fd5f3-6576-44c8-a9f5-3af56004ca94,ear-training,105,0.6,0,0.952542,0.9525,0,2,0,0.9525,0,2,0,0.9525,0,2,0,0.9525,0,2,0,0.9525,0,2,0,0.9525,0,2,0
prod,eed482fa-ccf8-41a8-b050-4adf69a3c5cc,ear-training,105,0.6,0,0.966,0.9660,0,3,0,0.9660,0,3,0,0.9660,0,3,0,0.9660,0,3,0,0.9660,0,3,0,0.9660,0,3,0
prod,54802d89-cf05-4f32-ab5a-bd9499009da1,ear-training,105,0.6,0,0.962458,0.9625,0,2,0,0.9625,0,2,0,0.9625,0,2,0,0.9625,0,2,0,0.9625,0,2,0,0.9625,0,2,0
prod,9f26dadc-a212-48e3-b668-63538b1eb9a2,ear-training,105,0.6,0,0.837083,0.8371,0,2,0,0.5581,1,2,0,0.8371,0,2,0,0.8371,0,2,0,0.5581,1,2,0,0.8371,0,2,0
prod,de9bcdda-d4d8-4406-845e-63deda156679,ear-training,105,0.6,0,0.972375,0.9724,0,2,0,0.9724,0,2,0,0.9724,0,2,0,0.9724,0,2,0,0.9724,0,2,0,0.9724,0,2,0
prod,e6876685-a522-4d18-b4f4-5b8f48f0b575,ear-training,105,0.6,0,0.952542,0.9525,0,2,0,0.9525,0,2,0,0.9525,0,2,0,0.9525,0,2,0,0.9525,0,2,0,0.9525,0,2,0
prod,41c07d7d-8754-4f47-96a0-1795adf18505,ear-training,105,0.6,0,0.667417,0.8838,0,2,0,0.5892,1,2,0,0.5892,1,2,0,0.8838,0,2,0,0.5892,1,2,0,0.5892,1,2,0
prod,98475877-51ed-4d85-9255-5ad5469337b6,ear-training,105,0.6,0,0.968073,0.9681,0,3,0,0.9681,0,3,0,0.9681,0,3,0,0.9681,0,3,0,0.9681,0,3,0,0.9681,0,3,0
prod,94590d49-7a46-4698-90dd-8a75b1e7d6be,ear-training,105,0.6,0,0.564583,0.9197,0,3,0,0.6898,1,3,0,0.9197,0,3,0,0.9197,0,3,0,0.6898,1,3,0,0.9197,0,3,0
prod,825427f7-69ad-48e1-8339-7fdcf90c0ed0,ear-training,105,0.6,0,0.962458,0.9625,0,2,0,0.9625,0,2,0,0.9625,0,2,0,0.9625,0,2,0,0.9625,0,2,0,0.9625,0,2,0
prod,a4306865-6926-46ae-841a-51625af06352,ear-training,105,0.6,0,0.780639,0.7806,0,2,1,0.5855,1,2,1,0.5855,1,2,1,0.7806,0,2,1,0.7806,0,2,1,0.7806,0,2,1
prod,5bac46d3-eed7-46fa-b54b-fe584eb3b42a,ear-training,105,0.6,0,0.585231,0.5852,0,1,2,0.5852,0,1,2,0.5852,0,1,2,0.5852,0,1,2,0.5852,0,1,2,0.5852,0,1,2
prod,0122c543-7839-458c-970d-7118d71afda8,ear-training,105,0.6,0,0.971313,0.9713,0,4,0,0.9713,0,4,0,0.9713,0,4,0,0.9713,0,4,0,0.9713,0,4,0,0.9713,0,4,0
prod,248367b4-2fac-4af7-a6f0-ee4c44d75cc7,ear-training,105,0.6,0,0.979222,0.9792,0,3,0,0.9792,0,3,0,0.9792,0,3,0,0.9792,0,3,0,0.9792,0,3,0,0.9792,0,3,0
prod,d42df662-4cc1-427f-9f1d-1e05d413155b,ear-training,105,0.6,0,0.962812,0.9628,0,4,0,0.7702,1,4,0,0.9628,0,4,0,0.9628,0,4,0,0.7702,1,4,0,0.9628,0,4,0
prod,da294588-b02d-4367-8c57-23e31d8ab34b,ear-training,105,0.6,0,0.789093,0.7891,0,3,1,0.7891,0,3,1,0.7891,0,3,1,0.7891,0,3,1,0.7891,0,3,1,0.7891,0,3,1
prod,ef37ca3a-f99a-4a41-a6ab-5084a4ec68d5,ear-training,105,0.6,0,0.546759,0.7462,0,3,0,0.7462,0,3,0,0.7462,0,3,0,0.7462,0,3,0,0.7462,0,3,0,0.7462,0,3,0
prod,873daec3-e381-4a4c-85e2-ac1ab6ee5e75,ear-training,105,0.6,0,0.780922,0.7809,0,2,1,0.7809,0,2,1,0.7809,0,2,1,0.7809,0,2,1,0.7809,0,2,1,0.7809,0,2,1
prod,6c974b79-b08d-4689-829b-e0bb1554c8d3,ear-training,105,0.6,0,0.987958,0.9880,0,4,0,0.9880,0,4,0,0.9880,0,4,0,0.9880,0,4,0,0.9880,0,4,0,0.9880,0,4,0
prod,ccef1278-040a-4a03-a25a-db5bde52581b,ear-training,105,0.6,0,0.664937,0.6697,0,2,2,0.5357,1,2,2,0.5357,1,2,2,0.6697,0,2,2,0.5357,1,2,2,0.5357,1,2,2
prod,be64eb8e-c17b-4fb1-9009-0855cdd22580,ear-training,105,0.6,0,0.686188,0.6862,0,4,4,0.6862,0,4,4,0.6862,0,4,4,0.6862,0,4,4,0.6862,0,4,4,0.6862,0,4,4
prod,4dae337e-3e8a-43e5-a339-27bb730cbaa1,ear-training,105,0.6,0,0.671313,0.8183,0,7,0,0.8183,0,7,0,0.8183,0,7,0,0.8183,0,7,0,0.8183,0,7,0,0.8183,0,7,0
prod,2e6bbea0-d658-4b8e-b229-0a240eecedd9,ear-training,105,0.6,0,0.735479,0.7355,0,3,0,0.7355,0,3,0,0.7355,0,3,0,0.7355,0,3,0,0.7355,0,3,0,0.7355,0,3,0
prod,d36f3b42-9618-485e-b006-2519ff60bfde,ear-training,105,0.6,0,0.979711,0.9797,0,4,0,0.9797,0,4,0,0.9797,0,4,0,0.9797,0,4,0,0.9797,0,4,0,0.9797,0,4,0
prod,c26bb8a5-e53a-41d7-8ba2-47d70ef07ae5,ear-training,105,0.6,0,0.934125,0.9341,0,2,0,0.9341,0,2,0,0.9341,0,2,0,0.9341,0,2,0,0.9341,0,2,0,0.9341,0,2,0
prod,bedb4c02-edf8-4ec0-bc48-aade6c7ada3f,ear-training,105,0.6,0,0.641917,0.6419,0,1,1,0.4279,1,1,1,0.4279,1,1,1,0.6419,0,1,1,0.4279,1,1,1,0.4279,1,1,1
prod,7dd47d2f-317d-4150-8d17-eb62f7ed7f67,ear-training,105,0.6,0,0.976332,0.9763,0,4,0,0.9763,0,4,0,0.9763,0,4,0,0.9763,0,4,0,0.9763,0,4,0,0.9763,0,4,0
prod,2fafb0db-581d-47b9-a23a-616a1e4e6f02,ear-training,105,0.6,0,0.534606,0.5346,0,1,3,0.5346,0,1,3,0.5346,0,1,3,0.5346,0,1,3,0.5346,0,1,3,0.5346,0,1,3
prod,9dab7236-77e0-4aec-ac06-aeb5947f292f,ear-training,105,0.6,0,0.983,0.9830,0,2,0,0.9830,0,2,0,0.9830,0,2,0,0.9830,0,2,0,0.9830,0,2,0,0.9830,0,2,0
prod,25e39c5e-4ab4-4fb6-9a5e-521b0fc01007,ear-training,105,0.6,0,0.784655,0.7847,0,2,1,0.7847,0,2,1,0.7847,0,2,1,0.7847,0,2,1,0.7847,0,2,1,0.7847,0,2,1
prod,9510f74f-a260-4f86-80e5-662947eaee80,ear-training,105,0.6,0,0.46825,0.4682,0,1,2,0.4682,0,1,2,0.4682,0,1,2,0.4682,0,1,2,0.4682,0,1,2,0.4682,0,1,2
prod,bb34e6f3-9253-40cd-9307-93791235f947,ear-training,105,0.6,0,0.791161,0.7912,0,3,1,0.6329,1,3,1,0.6329,1,3,1,0.7912,0,3,1,0.6329,1,3,1,0.6329,1,3,1
prod,c30f291c-e7ba-4735-ac64-a023a55c76cb,ear-training,105,0.6,0,0.969306,0.9693,0,3,0,0.9693,0,3,0,0.9693,0,3,0,0.9693,0,3,0,0.9693,0,3,0,0.9693,0,3,0
prod,28c7a919-6d63-47e8-949b-7ffcc1720ea2,ear-training,105,0.6,0,0.549425,0.5494,0,2,1,0.5494,0,2,1,0.5494,0,2,1,0.4494,0,2,0,0.4494,0,2,0,0.4494,0,2,0
prod,659539c3-fa10-4e40-967c-8963299f7ee1,ear-training,105,0.6,0,0.467069,0.4671,0,2,1,0.4671,0,2,1,0.4671,0,2,1,0.4671,0,2,1,0.4671,0,2,1,0.4671,0,2,1
prod,f21c5e48-1875-4e01-909e-fd1ac437f68e,ear-training,105,0.6,0,0.765333,0.7653,0,4,0,0.7653,0,4,0,0.7653,0,4,0,0.7653,0,4,0,0.7653,0,4,0,0.7653,0,4,0
prod,ff7b90bc-320e-4495-afa3-cf6055f135eb,ear-training,105,0.6,0,0.973792,0.9738,0,4,0,0.9738,0,4,0,0.9738,0,4,0,0.7330,0,3,0,0.7330,0,3,0,0.7330,0,3,0
prod,231479fa-c880-412a-99a9-d182da6b72bd,ear-training,105,0.6,0,0.709962,0.7100,0,6,5,0.6508,1,6,5,0.6508,1,6,5,0.6043,0,6,2,0.5540,1,6,2,0.5540,1,6,2
prod,fa4104f7-9150-4404-814a-9e0fb390397d,ear-training,105,0.6,0,0.770722,0.7707,0,2,1,0.7707,0,2,1,0.7707,0,2,1,0.7707,0,2,1,0.7707,0,2,1,0.7707,0,2,1
prod,8554decd-89f8-41a5-a651-447686b65567,ear-training,105,0.6,0,0.509469,0.5095,0,3,2,0.5095,0,3,2,0.5095,0,3,2,0.5095,0,3,2,0.5095,0,3,2,0.5095,0,3,2
prod,c0b2e734-ee55-466d-b982-8c4aa3537824,ear-training,105,0.6,0,0.685833,0.6858,0,3,3,0.6858,0,3,3,0.6858,0,3,3,0.6213,0,3,2,0.6213,0,3,2,0.6213,0,3,2
prod,aa5bc604-c004-4e63-ae14-a7726d989485,ear-training,105,0.6,0,0.74475,0.7721,0,2,1,0.5791,1,2,1,0.7721,0,2,1,0.7721,0,2,1,0.5791,1,2,1,0.7721,0,2,1
prod,f3c27106-5def-4159-91b9-15684fb1590a,ear-training,105,0.6,0,0.958444,0.9584,0,3,0,0.7188,1,3,0,0.7188,1,3,0,0.9584,0,3,0,0.7188,1,3,0,0.7188,1,3,0
prod,ce7d5310-603b-4762-85a5-9f5484d79248,ear-training,105,0.6,0,0.765056,0.7651,0,2,1,0.7651,0,2,1,0.7651,0,2,1,0.7651,0,2,1,0.7651,0,2,1,0.7651,0,2,1
prod,0e03ea69-16ed-4f33-b4e7-85c542aa51d3,ear-training,105,0.6,0,0.952542,0.9525,0,2,0,0.9525,0,2,0,0.9525,0,2,0,0.9525,0,2,0,0.9525,0,2,0,0.9525,0,2,0
prod,2f15a807-2f4e-4bc4-afcd-d4c2e0bc9763,ear-training,105,0.6,0,0.985833,0.9858,0,2,0,0.9858,0,2,0,0.9858,0,2,0,0.9858,0,2,0,0.9858,0,2,0,0.9858,0,2,0
prod,605bf919-8a1a-41ae-8c52-18f22ef4bd06,ear-training,105,0.6,0,0.674777,0.6748,0,1,1,0.6748,0,1,1,0.6748,0,1,1,0.6748,0,1,1,0.6748,0,1,1,0.6748,0,1,1
prod,08a760e6-fbde-48b3-bcc6-91fbc52778b6,ear-training,105,0.6,0,0.739375,0.7394,0,3,0,0.7394,0,3,0,0.7394,0,3,0,0.7394,0,3,0,0.7394,0,3,0,0.7394,0,3,0
prod,e32fb594-44ae-45df-b77b-a64338d96c96,ear-training,105,0.6,0,0.969896,0.9699,0,4,0,0.9699,0,4,0,0.9699,0,4,0,0.9699,0,4,0,0.9699,0,4,0,0.9699,0,4,0
prod,7bb4cc78-4fcf-4375-a97c-753c956d5a82,ear-training,105,0.6,0,0.315691,0.3197,0,1,8,0.3197,0,1,8,0.3197,0,1,8,0.3197,0,1,8,0.3197,0,1,8,0.3197,0,1,8
prod,1e28228b-0c34-4f13-a736-2d5b52c3a48c,ear-training,105,0.6,0,0.355021,0.3550,0,0,4,0.3550,0,0,4,0.3550,0,0,4,0.3550,0,0,4,0.3550,0,0,4,0.3550,0,0,4
prod,948bff67-c17e-470a-997e-d59659ba0147,ear-training,105,0.6,0,0.499567,0.4996,0,1,3,0.4996,0,1,3,0.4996,0,1,3,0.4996,0,1,3,0.4996,0,1,3,0.4996,0,1,3
prod,3c50fea0-3954-4e2d-8639-4ddef7d120a1,ear-training,105,0.6,0,0.662458,0.6625,0,2,2,0.6625,0,2,2,0.6625,0,2,2,0.6625,0,2,2,0.6625,0,2,2,0.6625,0,2,2
prod,cfbc99da-c00b-471c-8bad-faeaadad0029,ear-training,105,0.6,0,0.630583,0.6306,0,2,2,0.5045,1,2,2,0.5045,1,2,2,0.6306,0,2,2,0.5045,1,2,2,0.5045,1,2,2
prod,6214ddd7-9c1b-41d5-a4c9-e88be87cdac6,ear-training,105,0.6,0,0.930583,0.9306,0,4,0,0.7445,1,4,0,0.7445,1,4,0,0.9306,0,4,0,0.7445,1,4,0,0.7445,1,4,0
prod,17c2bc26-aeb9-4319-bc0a-6a92b0fb177a,ear-training,105,0.6,0,0.366354,0.3664,0,0,4,0.3664,0,0,4,0.3664,0,0,4,0.3664,0,0,4,0.3664,0,0,4,0.3664,0,0,4
prod,515c5fcd-4773-4bfe-9200-8e0c83afaef3,ear-training,105,0.6,0,0.366354,0.3664,0,0,4,0.3664,0,0,4,0.3664,0,0,4,0.3664,0,0,4,0.3664,0,0,4,0.3664,0,0,4
prod,ed4cb316-2285-4774-9836-163452a134a5,ear-training,105,0.6,0,0.32748,0.3275,0,0,4,0.3275,0,0,4,0.3275,0,0,4,0.3275,0,0,4,0.3275,0,0,4,0.3275,0,0,4
prod,6d351c45-2655-485d-9a56-9bc8657bf230,ear-training,105,0.6,0,0.987329,0.9873,0,8,0,0.9873,0,8,0,0.9873,0,8,0,0.9873,0,8,0,0.9873,0,8,0,0.9873,0,8,0
prod,77bf4c6b-57a5-4eda-8dd5-5f3322f456a0,ear-training,105,0.6,0,0.763229,0.8153,0,3,1,0.6522,1,3,1,0.6522,1,3,1,0.8153,0,3,1,0.6522,1,3,1,0.6522,1,3,1
prod,2dd998bb-3e57-4440-b7a4-7a03c60715fe,ear-training,105,0.6,0,0.828583,0.8286,0,2,0,0.3314,3,2,0,0.3314,3,2,0,0.6327,0,1,1,0.3164,2,1,1,0.3164,2,1,1
prod,c8ef72df-b7ba-4d12-9337-b9e340dfc6d4,ear-training,105,0.6,0,0.971667,0.9717,0,3,0,0.5830,2,3,0,0.5830,2,3,0,0.9717,0,3,0,0.5830,2,3,0,0.5830,2,3,0
prod,a304eb14-1138-41bb-b0fe-f6adfff2376a,ear-training,105,0.6,0,0.944233,0.9442,0,3,0,0.9442,0,3,0,0.9442,0,3,0,0.9442,0,3,0,0.9442,0,3,0,0.9442,0,3,0
prod,b22e806f-0fac-497a-b8c6-ad8c66dc9999,ear-training,105,0.6,0,0.922083,0.9221,0,3,0,0.6916,1,3,0,0.6916,1,3,0,0.9221,0,3,0,0.6916,1,3,0,0.6916,1,3,0
prod,9975a917-9ab2-4204-a2e5-91acd7213518,ear-training,105,0.6,0,0.975917,0.9759,0,3,0,0.9759,0,3,0,0.9759,0,3,0,0.9759,0,3,0,0.9759,0,3,0,0.9759,0,3,0
prod,025d3165-f823-4ebc-ae6e-a37318ad9ae4,ear-training,105,0.6,0,0.39251,0.3925,0,4,0,0.3925,0,4,0,0.3925,0,4,0,0.3925,0,4,0,0.3925,0,4,0,0.3925,0,4,0
prod,6be19c09-67f8-4df0-8e62-ba181c2dbb32,ear-training,105,0.6,0,0.444821,0.6110,0,5,1,0.5431,1,5,1,0.6110,0,5,1,0.6110,0,5,1,0.5431,1,5,1,0.6110,0,5,1
prod,20531e30-71f6-4328-80aa-7e8b60b89b76,ear-training,105,0.6,0,0.901271,0.9013,0,7,1,0.9013,0,7,1,0.9013,0,7,1,0.7770,0,6,1,0.7770,0,6,1,0.7770,0,6,1
prod,df50a709-7f70-49c0-b309-650f66574be2,ear-training,105,0.6,0,0.445073,0.4451,0,1,7,0.4451,0,1,7,0.4451,0,1,7,0.4451,0,1,7,0.4451,0,1,7,0.4451,0,1,7
prod,489b7afa-08a9-4dad-b258-f3d9a66c2c7d,ear-training,105,0.6,0,0.959389,0.9594,0,3,0,0.9594,0,3,0,0.9594,0,3,0,0.9594,0,3,0,0.9594,0,3,0,0.9594,0,3,0
prod,9314bbb3-23bc-4f13-9f99-ad15cae81c2e,ear-training,105,0.6,0,0.996,0.9960,0,2,0,0.9960,0,2,0,0.9960,0,2,0,0.9960,0,2,0,0.9960,0,2,0,0.9960,0,2,0
prod,8dbe2277-10bb-4903-a4c6-9933f0b8b5d4,ear-training,105,0.6,0,0.981583,0.9816,0,3,0,0.9816,0,3,0,0.9816,0,3,0,0.9816,0,3,0,0.9816,0,3,0,0.9816,0,3,0
prod,946109ec-adce-44b3-bd68-bdc68b638500,ear-training,105,0.6,0,0.675917,0.6759,0,3,3,0.6759,0,3,3,0.6759,0,3,3,0.6759,0,3,3,0.6759,0,3,3,0.6759,0,3,3
prod,1aa6e50c-f632-4b15-8f6d-7dcfda5fe336,ear-training,105,0.6,0,0.368597,0.3686,0,0,6,0.3159,1,0,6,0.3159,1,0,6,0.3628,0,0,6,0.3110,1,0,6,0.3110,1,0,6
prod,72659f10-f086-4305-8a1c-34d55f6d7033,ear-training,105,0.6,0,0.955139,0.9551,0,3,0,0.9551,0,3,0,0.9551,0,3,0,0.9551,0,3,0,0.9551,0,3,0,0.9551,0,3,0
prod,1e2c6163-3a44-4500-9284-58e3c976a909,ear-training,105,0.6,0,0.959389,0.9594,0,3,0,0.9594,0,3,0,0.9594,0,3,0,0.9594,0,3,0,0.9594,0,3,0,0.9594,0,3,0
prod,d95e5732-6ad8-4215-bc49-c57e34c283df,ear-training,105,0.6,0,0.961396,0.9614,0,4,0,0.9614,0,4,0,0.9614,0,4,0,0.9614,0,4,0,0.9614,0,4,0,0.9614,0,4,0
prod,caccbabe-2969-4190-aa09-41181b0d4994,ear-training,105,0.6,0,0.517417,0.5174,0,1,3,0.5174,0,1,3,0.5174,0,1,3,0.5174,0,1,3,0.5174,0,1,3,0.5174,0,1,3
prod,1d4e02bb-1e96-4497-8007-8c476c57c07d,ear-training,105,0.6,0,0.97025,0.9703,0,4,0,0.9703,0,4,0,0.9703,0,4,0,0.9703,0,4,0,0.9703,0,4,0,0.9703,0,4,0
prod,c8238ff8-6bf9-451b-ac08-de6007c671f1,ear-training,105,0.6,0,0.894926,0.8949,0,8,1,0.8949,0,8,1,0.8949,0,8,1,0.8949,0,8,1,0.8949,0,8,1,0.8949,0,8,1
prod,d00da342-5cf7-45de-bddd-b4f5eae1a2ba,ear-training,105,0.6,0,0.34144,0.3414,0,0,8,0.3414,0,0,8,0.3414,0,0,8,0.3414,0,0,8,0.3414,0,0,8,0.3414,0,0,8
prod,41173dd2-5b11-4770-82f9-a3faeac89c71,ear-training,105,0.6,0,0.949142,0.9491,0,4,0,0.9491,0,4,0,0.9491,0,4,0,0.9491,0,4,0,0.9491,0,4,0,0.9491,0,4,0
prod,8fbca0a0-ec02-40e3-8906-46d28c9e7557,ear-training,105,0.6,0,0.698059,0.6981,0,3,0,0.6981,0,3,0,0.6981,0,3,0,0.6981,0,3,0,0.6981,0,3,0,0.6981,0,3,0
prod,60ada676-2697-43fd-9efd-f19821b4c4ff,ear-training,105,0.6,0,0.883031,0.8830,0,2,0,0.8830,0,2,0,0.8830,0,2,0,0.8830,0,2,0,0.8830,0,2,0,0.8830,0,2,0
prod,f2c1b11e-9976-443c-857e-944c22fffc1a,ear-training,105,0.6,0,0.805375,0.8054,0,3,1,0.8054,0,3,1,0.8054,0,3,1,0.8054,0,3,1,0.8054,0,3,1,0.8054,0,3,1
prod,fed49af8-c021-4463-930f-2b9c28c8acea,ear-training,105,0.6,0,0.945623,0.9456,0,3,0,0.9456,0,3,0,0.9456,0,3,0,0.9456,0,3,0,0.9456,0,3,0,0.9456,0,3,0
prod,030d4c89-3414-48d5-a8d3-7f588e5b4ad0,ear-training,105,0.6,0,0.769306,0.7693,0,2,1,0.7693,0,2,1,0.7693,0,2,1,0.7693,0,2,1,0.7693,0,2,1,0.7693,0,2,1
prod,cb7c2e9e-712f-4ee2-b5db-63cefab24cf9,ear-training,105,0.6,0,0.68816,0.6882,0,2,1,0.4129,2,2,1,0.4129,2,2,1,0.6882,0,2,1,0.4129,2,2,1,0.4129,2,2,1
prod,55e0caf7-e0b5-4610-bad1-8ffe7b7fcb4f,ear-training,105,0.6,0,0.9745,0.9745,0,5,0,0.9745,0,5,0,0.9745,0,5,0,0.9745,0,5,0,0.9745,0,5,0,0.9745,0,5,0
prod,5be557e5-2309-446c-b7a1-044677228948,ear-training,105,0.6,0,0.998583,0.9986,0,2,0,0.9986,0,2,0,0.9986,0,2,0,0.9986,0,2,0,0.9986,0,2,0,0.9986,0,2,0
prod,f6160622-5b48-4936-8748-edf21205a18f,ear-training,105,0.6,0,0.726287,0.7263,0,2,0,0.7263,0,2,0,0.7263,0,2,0,0.7263,0,2,0,0.7263,0,2,0,0.7263,0,2,0
prod,9ccc637a-2a05-4bf7-b2a3-e62ed86943a2,ear-training,105,0.6,0,0.987958,0.9880,0,2,0,0.9880,0,2,0,0.9880,0,2,0,0.9880,0,2,0,0.9880,0,2,0,0.9880,0,2,0
prod,462f640a-81a9-4dd1-a209-c62757aef848,ear-training,105,0.6,0,0.943333,0.9433,0,2,0,0.6289,1,2,0,0.6289,1,2,0,0.9433,0,2,0,0.6289,1,2,0,0.6289,1,2,0
prod,a34256a6-1f70-4edb-8c57-1594bb00c063,ear-training,105,0.6,0,0.965292,0.9653,0,4,0,0.9653,0,4,0,0.9653,0,4,0,0.9653,0,4,0,0.9653,0,4,0,0.9653,0,4,0
prod,e3f2bafe-ddff-40f0-b978-15b8dc6d8e91,ear-training,105,0.6,0,0.954257,0.9543,0,3,0,0.9543,0,3,0,0.9543,0,3,0,0.9543,0,3,0,0.9543,0,3,0,0.9543,0,3,0
prod,a4fe2743-fdbd-4938-aa14-4f1bfb11632e,ear-training,105,0.6,0,0.966472,0.9665,0,3,0,0.9665,0,3,0,0.9665,0,3,0,0.9665,0,3,0,0.9665,0,3,0,0.9665,0,3,0
prod,ffba651e-8628-476a-a4ac-a842db92dd23,ear-training,105,0.6,0,0.544278,0.5906,0,1,2,0.4429,1,1,2,0.5906,0,1,2,0.5906,0,1,2,0.4429,1,1,2,0.5906,0,1,2
prod,0541a33b-13eb-4750-bd35-0257ee77fccd,ear-training,105,0.6,0,0.893392,0.8934,0,2,0,0.8934,0,2,0,0.8934,0,2,0,0.8934,0,2,0,0.8934,0,2,0,0.8934,0,2,0
prod,6466555f-b66c-4757-91f5-6257ac9aa7e4,ear-training,105,0.6,0,0.620161,0.6202,0,1,1,0.6202,0,1,1,0.6202,0,1,1,0.6202,0,1,1,0.6202,0,1,1,0.6202,0,1,1
prod,2f2c367b-3d51-49c6-a74c-92a261713bdf,ear-training,105,0.6,0,0.928796,0.9288,0,2,0,0.9288,0,2,0,0.9288,0,2,0,0.9288,0,2,0,0.9288,0,2,0,0.9288,0,2,0
prod,5aad0d30-0418-4861-ae2a-2b8178d656eb,ear-training,105,0.6,0,0.94627,0.9463,0,3,0,0.9463,0,3,0,0.9463,0,3,0,0.9463,0,3,0,0.9463,0,3,0,0.9463,0,3,0
prod,a1608866-5b05-4b69-b507-0fe7254030af,ear-training,105,0.6,0,0.529,0.5290,0,1,2,0.5290,0,1,2,0.5290,0,1,2,0.5290,0,1,2,0.5290,0,1,2,0.5290,0,1,2
prod,4de52798-4ed3-4510-9e24-ae667bd18ce2,ear-training,105,0.6,0,0.94922,0.9492,0,3,0,0.9492,0,3,0,0.9492,0,3,0,0.9492,0,3,0,0.9492,0,3,0,0.9492,0,3,0
prod,a1f6b95a-2ede-4287-bf42-6db81cfefdd5,ear-training,105,0.6,0,0.346342,0.3463,0,0,3,0.3463,0,0,3,0.3463,0,0,3,0.3463,0,0,3,0.3463,0,0,3,0.3463,0,0,3
prod,ac46b995-0f3a-4c56-8208-4cc78a89b814,ear-training,105,0.6,0,0.96349,0.9635,0,4,0,0.9635,0,4,0,0.9635,0,4,0,0.9635,0,4,0,0.9635,0,4,0,0.9635,0,4,0
prod,b4280c21-df97-4e94-94d9-4297ff891836,ear-training,105,0.6,0,0.967417,0.9674,0,4,0,0.9674,0,4,0,0.9674,0,4,0,0.9674,0,4,0,0.9674,0,4,0,0.9674,0,4,0
prod,2555bb3a-58f8-4c20-bef4-8f52790e00d4,ear-training,105,0.6,0,0.522375,0.5224,0,1,3,0.5224,0,1,3,0.5224,0,1,3,0.5224,0,1,3,0.5224,0,1,3,0.5224,0,1,3
prod,79d58139-4dcb-4d0a-bfd8-0486f1a3ac60,ear-training,105,0.6,0,0.938283,0.9383,0,3,0,0.7037,1,3,0,0.7037,1,3,0,0.9383,0,3,0,0.9383,0,3,0,0.9383,0,3,0
prod,22d92266-fd5b-41e3-b0a2-626e8bf6f35d,ear-training,105,0.6,0,0.713533,0.7379,0,3,2,0.7379,0,3,2,0.7379,0,3,2,0.7379,0,3,2,0.7379,0,3,2,0.7379,0,3,2
prod,959d5d31-1408-4483-96d5-b3fe25918a65,ear-training,105,0.6,0,0.9626,0.9626,0,5,0,0.9626,0,5,0,0.9626,0,5,0,0.9626,0,5,0,0.9626,0,5,0,0.9626,0,5,0
prod,2dde41a3-b17e-419f-87fe-6a29f7fa51ca,ear-training,105,0.6,0,0.656579,0.6566,0,2,2,0.6566,0,2,2,0.6566,0,2,2,0.6566,0,2,2,0.6566,0,2,2,0.6566,0,2,2
prod,2717fd1d-31b6-4b5d-8bce-138f437e15a6,ear-training,105,0.6,0,0.496662,0.9131,0,4,0,0.7305,1,4,0,0.9131,0,4,0,0.9131,0,4,0,0.7305,1,4,0,0.9131,0,4,0
prod,15286bc1-8858-47ca-9797-849c2d7c03c1,ear-training,105,0.6,0,0.89771,0.8977,0,2,0,0.8977,0,2,0,0.8977,0,2,0,0.8977,0,2,0,0.8977,0,2,0,0.8977,0,2,0
prod,64dc9969-6c8b-44b7-9863-8728f54d92a4,ear-training,105,0.6,0,0.768188,0.8153,0,3,1,0.6522,1,3,1,0.6522,1,3,1,0.8153,0,3,1,0.6522,1,3,1,0.6522,1,3,1
prod,c981861a-3472-470b-81e6-b0ed8ee28228,ear-training,105,0.6,0,0.968361,0.9684,0,3,0,0.9684,0,3,0,0.9684,0,3,0,0.9684,0,3,0,0.9684,0,3,0,0.9684,0,3,0
prod,db1c1284-5abc-4c37-b846-5cc75059290c,ear-training,105,0.6,0,0.377117,0.3771,0,0,3,0.3771,0,0,3,0.3771,0,0,3,0.3771,0,0,3,0.3771,0,0,3,0.3771,0,0,3
prod,51354f17-88f3-4cbd-937c-1d1eb3052c2f,ear-training,105,0.6,0,0.350803,0.3508,0,0,3,0.3508,0,0,3,0.3508,0,0,3,0.3508,0,0,3,0.3508,0,0,3,0.3508,0,0,3
prod,9864687b-faf0-441d-a234-831444ebbb99,ear-training,105,0.6,0,0.838663,0.8387,0,4,1,0.8387,0,4,1,0.8387,0,4,1,0.8387,0,4,1,0.8387,0,4,1,0.8387,0,4,1
prod,14fa7446-9b2a-4dd2-8bf5-5aa62b77e427,ear-training,105,0.6,0,0.983708,0.9837,0,2,0,0.9837,0,2,0,0.9837,0,2,0,0.9837,0,2,0,0.9837,0,2,0,0.9837,0,2,0
prod,299d37ce-07c4-4ef0-86aa-3fdc5555050c,ear-training,105,0.6,0,0.688667,0.6887,0,1,1,0.6887,0,1,1,0.6887,0,1,1,0.6887,0,1,1,0.6887,0,1,1,0.6887,0,1,1
prod,6825e59e-4835-4df4-bc38-83a31c5ef0c7,ear-training,105,0.6,0,0.620829,0.6208,0,1,1,0.6208,0,1,1,0.6208,0,1,1,0.6208,0,1,1,0.6208,0,1,1,0.6208,0,1,1
prod,f9a5c213-f427-4fee-8387-98602c1b0ac9,ear-training,105,0.6,0,0.346679,0.3467,0,0,2,0.3467,0,0,2,0.3467,0,0,2,0.3467,0,0,2,0.3467,0,0,2,0.3467,0,0,2
prod,dcc60bc8-8984-4426-acf3-78a7231840d3,ear-training,105,0.6,0,0.963167,0.9632,0,2,0,0.6421,1,2,0,0.6421,1,2,0,0.9632,0,2,0,0.6421,1,2,0,0.6421,1,2,0
prod,720a09a4-b9af-4ed6-9af2-59ca1293e9a3,ear-training,105,0.6,0,0.918542,0.9185,0,2,0,0.3062,4,2,0,0.4593,2,2,0,0.9185,0,2,0,0.3062,4,2,0,0.4593,2,2,0
prod,b64495f0-e271-440c-8ec6-583b633d01a9,ear-training,105,0.6,0,0.626333,0.6263,0,1,1,0.3132,2,1,1,0.3132,2,1,1,0.6263,0,1,1,0.3132,2,1,1,0.3132,2,1,1
prod,afdfc13c-da6f-4d7f-bcc3-8cb0cbc8b8b7,ear-training,105,0.6,0,0.959979,0.9600,0,4,0,0.9600,0,4,0,0.9600,0,4,0,0.9600,0,4,0,0.9600,0,4,0,0.9600,0,4,0
prod,4711c4e1-1eb0-463a-b3ef-2ac57409c0f8,ear-training,105,0.6,0,0.414142,0.4141,0,1,3,0.4141,0,1,3,0.4141,0,1,3,0.4141,0,1,3,0.4141,0,1,3,0.4141,0,1,3
prod,5f7499d7-40c9-4ce7-b346-58d8ff4cfdde,ear-training,105,0.6,0,0.953682,0.9537,0,3,0,0.9537,0,3,0,0.9537,0,3,0,0.9537,0,3,0,0.9537,0,3,0,0.9537,0,3,0
prod,6a85d9a4-d51f-4fdf-817a-e712426a1c9d,ear-training,105,0.6,0,0.951523,0.9515,0,3,0,0.9515,0,3,0,0.9515,0,3,0,0.9515,0,3,0,0.9515,0,3,0,0.9515,0,3,0
prod,d179100d-f56a-4f2b-891c-4c3e711be1b9,ear-training,105,0.6,0,0.78607,0.7861,0,2,0,0.5240,1,2,0,0.7861,0,2,0,0.7861,0,2,0,0.5240,1,2,0,0.7861,0,2,0
prod,c6d3350f-4304-4b89-89b9-bf86dcbb98d8,ear-training,105,0.6,0,0.65634,0.9525,0,2,0,0.6350,1,2,0,0.9525,0,2,0,0.9525,0,2,0,0.6350,1,2,0,0.9525,0,2,0
prod,4cc65186-e867-405e-8c75-3ec7f94ff7d4,ear-training,105,0.6,0,0.632708,0.6327,0,1,1,0.6327,0,1,1,0.6327,0,1,1,0.6327,0,1,1,0.6327,0,1,1,0.6327,0,1,1
prod,5e7c9c53-8ec0-4688-8181-e63f51ed4e8b,ear-training,105,0.6,0,0.486245,0.5434,0,7,7,0.5132,1,7,7,0.5434,0,7,7,0.5223,0,7,6,0.4933,1,7,6,0.5223,0,7,6
prod,84fae39e-31ec-47ab-95be-ea222ca4fa82,ear-training,105,0.6,0,0.467546,0.5009,0,5,10,0.5009,0,5,10,0.5009,0,5,10,0.5009,0,5,10,0.5009,0,5,10,0.5009,0,5,10
prod,bfbcacb8-1787-4732-9741-7be4a096b7bc,ear-training,105,0.6,0,0.98725,0.9873,0,8,0,0.9873,0,8,0,0.9873,0,8,0,0.8626,0,7,0,0.8626,0,7,0,0.8626,0,7,0
prod,88956043-7485-4924-941d-566f73bf1c29,ear-training,105,0.6,0,0.968361,0.9684,0,3,0,0.9684,0,3,0,0.9684,0,3,0,0.9684,0,3,0,0.9684,0,3,0,0.9684,0,3,0
prod,42ff5c2d-5ba9-403b-a4f2-f97a5b6f9118,ear-training,105,0.6,0,0.990579,0.9906,0,4,0,0.9906,0,4,0,0.9906,0,4,0,0.9906,0,4,0,0.9906,0,4,0,0.9906,0,4,0
prod,73659b42-867a-459a-bc2f-b87df1970da5,ear-training,105,0.6,0,0.524854,0.5249,0,1,3,0.5249,0,1,3,0.5249,0,1,3,0.5249,0,1,3,0.5249,0,1,3,0.5249,0,1,3
prod,33e6520c-a24b-408a-8775-05490bac39fb,ear-training,105,0.6,0,0.931386,0.9314,0,2,0,0.9314,0,2,0,0.9314,0,2,0,0.9314,0,2,0,0.9314,0,2,0,0.9314,0,2,0
prod,acfb4608-620f-495b-aa7f-c7663b2a1417,ear-training,105,0.6,0,0.958444,0.9584,0,3,0,0.9584,0,3,0,0.9584,0,3,0,0.9584,0,3,0,0.9584,0,3,0,0.9584,0,3,0
prod,b971387b-2d3c-4df6-9834-a9cf5c13e434,ear-training,105,0.6,0,0.969306,0.9693,0,3,0,0.9693,0,3,0,0.9693,0,3,0,0.9693,0,3,0,0.9693,0,3,0,0.9693,0,3,0
prod,f4cbfb7e-34cb-493a-919e-4a3389a6ab6a,ear-training,105,0.6,0,0.765056,0.7651,0,2,1,0.5738,1,2,1,0.7651,0,2,1,0.7651,0,2,1,0.5738,1,2,1,0.7651,0,2,1
prod,63e24c32-e98e-449e-ad6b-3c9e413e8a23,ear-training,105,0.6,0,0.974972,0.9750,0,3,0,0.5850,2,3,0,0.7312,1,3,0,0.9750,0,3,0,0.5850,2,3,0,0.7312,1,3,0
prod,e8f2ce1c-d8a6-4637-b008-98379503103c,ear-training,105,0.6,0,0.971313,0.9713,0,8,0,0.9713,0,8,0,0.9713,0,8,0,0.9713,0,8,0,0.9713,0,8,0,0.9713,0,8,0
prod,f4078d5b-7deb-4e12-8a43-d1b9e9f80ff7,ear-training,105,0.6,0,0.969896,0.9699,0,4,0,0.9699,0,4,0,0.9699,0,4,0,0.9699,0,4,0,0.9699,0,4,0,0.9699,0,4,0
prod,af88908d-fe00-4f0c-9f73-a3da8f00a675,ear-training,105,0.6,0,0.787958,0.7880,0,4,2,0.7880,0,4,2,0.7880,0,4,2,0.7880,0,4,2,0.7880,0,4,2,0.7880,0,4,2
prod,489ddd67-86ec-43e6-8d93-51e707b9c4c5,ear-training,105,0.6,0,0.949,0.9490,0,2,0,0.9490,0,2,0,0.9490,0,2,0,0.9490,0,2,0,0.9490,0,2,0,0.9490,0,2,0
prod,dcc58947-bc69-41a7-a63c-64bd0152c8ff,ear-training,105,0.6,0,0.681583,0.6816,0,1,1,0.6816,0,1,1,0.6816,0,1,1,0.6816,0,1,1,0.6816,0,1,1,0.6816,0,1,1
prod,e2fba7fe-a3b1-4cce-aaf3-75ea4d4910fb,ear-training,105,0.6,0,0.355854,0.3559,0,0,4,0.2847,1,0,4,0.3559,0,0,4,0.3559,0,0,4,0.2847,1,0,4,0.3559,0,0,4
prod,05639ed5-7278-4570-8f4e-588e0ac4d675,ear-training,105,0.6,0,0.366354,0.3664,0,0,4,0.3664,0,0,4,0.3664,0,0,4,0.3664,0,0,4,0.3664,0,0,4,0.3664,0,0,4
prod,de62b885-53ec-4acf-abfa-6014b64b725a,ear-training,105,0.6,0,0.474042,0.4245,0,1,1,0.2122,2,1,1,0.2122,2,1,1,0.4245,0,1,1,0.2122,2,1,1,0.2122,2,1,1
prod,eb99683b-8532-4488-9688-fbbeb4aa02a1,ear-training,105,0.6,0,0.672375,0.6724,0,1,1,0.3362,2,1,1,0.4482,1,1,1,0.6724,0,1,1,0.3362,2,1,1,0.4482,1,1,1
prod,b6bf277b-e374-4be4-9048-f240ec142812,ear-training,105,0.6,0,0.66034,0.6603,0,2,2,0.6603,0,2,2,0.6603,0,2,2,0.6603,0,2,2,0.6603,0,2,2,0.6603,0,2,2
prod,8e3e64a1-79da-4efa-aaaf-1199b2f94609,ear-training,105,0.6,0,0.652542,0.6525,0,2,2,0.6525,0,2,2,0.6525,0,2,2,0.6525,0,2,2,0.6525,0,2,2,0.6525,0,2,2
prod,2ed5b15b-d8e1-4573-ab51-7ccf3c100368,ear-training,105,0.6,0,0.950889,0.9509,0,3,0,0.7132,1,3,0,0.7132,1,3,0,0.9509,0,3,0,0.7132,1,3,0,0.7132,1,3,0
prod,295d9464-ef63-4c38-8494-268575a8a8d0,ear-training,105,0.6,0,0.992562,0.9926,0,4,0,0.9926,0,4,0,0.9926,0,4,0,0.9926,0,4,0,0.9926,0,4,0,0.9926,0,4,0
prod,fc99e40c-132a-4d20-8e47-582dec4b64d9,ear-training,105,0.6,0,0.807854,0.8079,0,3,1,0.6463,1,3,1,0.8079,0,3,1,0.8079,0,3,1,0.6463,1,3,1,0.8079,0,3,1
prod,07c90ffb-7767-430d-a148-2e87ba564359,ear-training,105,0.6,0,0.96175,0.9617,0,3,0,0.9617,0,3,0,0.9617,0,3,0,0.9617,0,3,0,0.9617,0,3,0,0.9617,0,3,0
prod,af63768d-1306-4be3-8eef-d134bcfadc81,ear-training,105,0.6,0,0.932708,0.9327,0,2,0,0.9327,0,2,0,0.9327,0,2,0,0.9327,0,2,0,0.9327,0,2,0,0.9327,0,2,0
prod,5bb05eed-3766-4c80-a31d-ee391e3a4a32,ear-training,105,0.6,0,0.960849,0.9608,0,4,0,0.7687,1,4,0,0.7687,1,4,0,0.9608,0,4,0,0.7687,1,4,0,0.7687,1,4,0
prod,2611236b-0d98-4d14-bce0-a5fbe3f7d38b,ear-training,105,0.6,0,0.750664,0.7507,0,2,1,0.7507,0,2,1,0.7507,0,2,1,0.7507,0,2,1,0.7507,0,2,1,0.7507,0,2,1
prod,a5595525-b4d0-4eb4-ace0-2f8a963ecb82,ear-training,105,0.6,0,0.632447,0.6324,0,7,5,0.6324,0,7,5,0.6324,0,7,5,0.6324,0,7,5,0.6324,0,7,5,0.6324,0,7,5
prod,a945428e-6800-4a4f-993b-d204f7ea6d35,ear-training,105,0.6,0,0.449127,0.4491,0,3,8,0.4491,0,3,8,0.4491,0,3,8,0.4137,0,3,8,0.4137,0,3,8,0.4137,0,3,8
prod,87aa8496-2e38-4218-ba14-11626f4df6e2,ear-training,105,0.6,0,0.371312,0.3713,0,0,4,0.3713,0,0,4,0.3713,0,0,4,0.3713,0,0,4,0.3713,0,0,4,0.3713,0,0,4
prod,a86516a6-e4d4-4d74-88e8-b9b8964fb09e,ear-training,105,0.6,0,0.671313,0.6713,0,2,2,0.6713,0,2,2,0.6713,0,2,2,0.6713,0,2,2,0.6713,0,2,2,0.6713,0,2,2
prod,3c46ce2f-8bbe-4f37-9e61-4556f8cbf565,ear-training,105,0.6,0,0.981071,0.9811,0,3,0,0.9811,0,3,0,0.9811,0,3,0,0.9811,0,3,0,0.9811,0,3,0,0.9811,0,3,0
prod,608c832d-9f1c-4b26-a3e0-88d2f127acfd,ear-training,105,0.6,0,0.501117,0.5873,0,1,2,0.4405,1,1,2,0.5873,0,1,2,0.5873,0,1,2,0.4405,1,1,2,0.5873,0,1,2
prod,1784241417327-twen,ear-training,105,0.6,0,0.949,0.9490,0,2,0,0.9490,0,2,0,0.9490,0,2,0,0.9490,0,2,0,0.9490,0,2,0,0.9490,0,2,0
prod,1784241405897-h7cd,ear-training,105,0.6,0,0.598749,0.5987,0,1,1,0.2994,2,1,1,0.2994,2,1,1,0.5987,0,1,1,0.2994,2,1,1,0.2994,2,1,1
prod,1784241395008-e6yg,ear-training,105,0.6,0,0.973083,0.9731,0,4,0,0.9731,0,4,0,0.9731,0,4,0,0.9731,0,4,0,0.9731,0,4,0,0.9731,0,4,0
prod,1784241384157-o8oq,ear-training,105,0.6,0,0.641208,0.6412,0,3,3,0.6412,0,3,3,0.6412,0,3,3,0.6412,0,3,3,0.6412,0,3,3,0.6412,0,3,3
prod,1784241372696-3lc0,ear-training,105,0.6,0,0.612833,0.6128,0,4,0,0.6128,0,4,0,0.6128,0,4,0,0.6128,0,4,0,0.6128,0,4,0,0.6128,0,4,0
prod,1784241359382-b46j,ear-training,105,0.6,0,0.967093,0.9671,0,4,0,0.9671,0,4,0,0.9671,0,4,0,0.9671,0,4,0,0.9671,0,4,0,0.9671,0,4,0
prod,1784241345299-5mo8,ear-training,105,0.6,0,0.728694,0.7287,0,2,1,0.4372,2,2,1,0.5465,1,2,1,0.7287,0,2,1,0.4372,2,2,1,0.5465,1,2,1
prod,1784241333889-6dft,ear-training,105,0.6,0,0.762317,0.7623,0,4,0,0.7623,0,4,0,0.7623,0,4,0,0.7623,0,4,0,0.7623,0,4,0,0.7623,0,4,0
prod,1784241321301-h0g3,ear-training,105,0.6,0,0.949796,0.9498,0,3,0,0.9498,0,3,0,0.9498,0,3,0,0.9498,0,3,0,0.9498,0,3,0,0.9498,0,3,0
prod,1784241307695-lqkh,ear-training,105,0.6,0,0.548589,0.5741,0,2,1,0.5741,0,2,1,0.5741,0,2,1,0.5741,0,2,1,0.5741,0,2,1,0.5741,0,2,1
prod,1784241297356-ta9p,ear-training,105,0.6,0,0.372574,0.3726,0,0,4,0.2484,2,0,4,0.2484,2,0,4,0.3726,0,0,4,0.2484,2,0,4,0.2484,2,0,4
prod,1784241284725-ln4n,ear-training,105,0.6,0,0.950463,0.9505,0,5,0,0.9505,0,5,0,0.9505,0,5,0,0.9505,0,5,0,0.9505,0,5,0,0.9505,0,5,0
prod,1784241269249-zzpd,ear-training,105,0.6,0,0.817313,0.8173,0,4,1,0.8173,0,4,1,0.8173,0,4,1,0.8173,0,4,1,0.8173,0,4,1,0.8173,0,4,1
prod,1784241258468-j08o,ear-training,105,0.6,0,0.929639,0.9296,0,3,0,0.6972,1,3,0,0.6972,1,3,0,0.9296,0,3,0,0.6972,1,3,0,0.6972,1,3,0
prod,1784241246680-5678,ear-training,105,0.6,0,0.948889,0.9489,0,4,0,0.9489,0,4,0,0.9489,0,4,0,0.9489,0,4,0,0.9489,0,4,0,0.9489,0,4,0
prod,1784241231002-u3mh,ear-training,105,0.6,0,0.794595,0.8452,0,3,1,0.6762,1,3,1,0.8452,0,3,1,0.8452,0,3,1,0.6762,1,3,1,0.8452,0,3,1
prod,1784241217886-b60m,ear-training,105,0.6,0,0.767057,0.7671,0,6,3,0.7671,0,6,3,0.7671,0,6,3,0.6585,0,5,3,0.6585,0,5,3,0.6585,0,5,3
prod,1784241203885-83c4,ear-training,105,0.6,0,0.753183,0.7726,0,6,1,0.7726,0,6,1,0.7726,0,6,1,0.7726,0,6,1,0.7726,0,6,1,0.7726,0,6,1
prod,1784241190437-k0xa,ear-training,105,0.6,0,0.74541,0.7454,0,5,3,0.7454,0,5,3,0.7454,0,5,3,0.7277,0,6,1,0.7277,0,6,1,0.7277,0,6,1
prod,1784241177972-apez,ear-training,105,0.6,0,0.278246,0.2782,0,0,8,0.2782,0,0,8,0.2782,0,0,8,0.3260,0,0,7,0.3260,0,0,7,0.3260,0,0,7
prod,1784241165878-hukq,ear-training,105,0.6,0,0.748056,0.7481,0,2,1,0.7481,0,2,1,0.7481,0,2,1,0.7481,0,2,1,0.7481,0,2,1,0.7481,0,2,1
prod,1784241154031-8cir,ear-training,105,0.6,0,0.900833,0.9008,0,4,0,0.7207,1,4,0,0.7207,1,4,0,0.9008,0,4,0,0.7207,1,4,0,0.7207,1,4,0
prod,1784241137955-02jv,ear-training,105,0.6,0,0.51835,0.5184,0,2,2,0.5184,0,2,2,0.5184,0,2,2,0.4783,0,2,1,0.4783,0,2,1,0.4783,0,2,1
prod,1784241127650-73gu,ear-training,105,0.6,0,0.352853,0.3529,0,0,5,0.3529,0,0,5,0.3529,0,0,5,0.3529,0,0,5,0.3529,0,0,5,0.3529,0,0,5
prod,1784241115569-rl1r,ear-training,105,0.6,0,0.942625,0.9426,0,2,0,0.9426,0,2,0,0.9426,0,2,0,0.9426,0,2,0,0.9426,0,2,0,0.9426,0,2,0
prod,1784241104133-r0uv,ear-training,105,0.6,0,0.697875,0.6979,0,1,1,0.6979,0,1,1,0.6979,0,1,1,0.6979,0,1,1,0.6979,0,1,1,0.6979,0,1,1
prod,1784241093486-nr00,ear-training,105,0.6,0,0.993419,0.9934,0,5,0,0.9934,0,5,0,0.9934,0,5,0,0.9934,0,5,0,0.9934,0,5,0,0.9934,0,5,0
prod,1784241081314-h8fr,ear-training,105,0.6,0,0.745222,0.7452,0,2,1,0.5589,1,2,1,0.7452,0,2,1,0.7452,0,2,1,0.5589,1,2,1,0.7452,0,2,1
prod,1784241069853-wl86,ear-training,105,0.6,0,0.9575,0.9575,0,2,0,0.9575,0,2,0,0.9575,0,2,0,0.9575,0,2,0,0.9575,0,2,0,0.9575,0,2,0
prod,1784158035637-ejsa,ear-training,105,0.6,0,0.958287,0.9583,0,3,0,0.9583,0,3,0,0.9583,0,3,0,0.9583,0,3,0,0.9583,0,3,0,0.9583,0,3,0
prod,1784158024237-zk77,ear-training,105,0.6,0,0.986542,0.9865,0,2,0,0.9865,0,2,0,0.9865,0,2,0,0.9865,0,2,0,0.9865,0,2,0,0.9865,0,2,0
prod,1784158012769-kimv,ear-training,105,0.6,0,0.698583,0.6986,0,1,1,0.6986,0,1,1,0.6986,0,1,1,0.6986,0,1,1,0.6986,0,1,1,0.6986,0,1,1
prod,1784158001348-eifw,ear-training,105,0.6,0,0.985125,0.9851,0,4,0,0.9851,0,4,0,0.9851,0,4,0,0.9851,0,4,0,0.9851,0,4,0,0.9851,0,4,0
prod,1784157989952-rtw0,ear-training,105,0.6,0,0.985833,0.9858,0,3,0,0.9858,0,3,0,0.9858,0,3,0,0.9858,0,3,0,0.9858,0,3,0,0.9858,0,3,0
prod,1784157979402-o8fa,ear-training,105,0.6,0,0.990933,0.9909,0,2,0,0.9909,0,2,0,0.9909,0,2,0,0.9909,0,2,0,0.9909,0,2,0,0.9909,0,2,0
prod,1784157967114-bvw6,ear-training,105,0.6,0,0.974028,0.9740,0,3,0,0.9740,0,3,0,0.9740,0,3,0,0.9740,0,3,0,0.9740,0,3,0,0.9740,0,3,0
prod,1784157956814-nyip,ear-training,105,0.6,0,0.984889,0.9849,0,3,0,0.9849,0,3,0,0.9849,0,3,0,0.9849,0,3,0,0.9849,0,3,0,0.9849,0,3,0
prod,1784157945298-ze7t,ear-training,105,0.6,0,0.970376,0.9704,0,3,0,0.9704,0,3,0,0.9704,0,3,0,0.9704,0,3,0,0.9704,0,3,0,0.9704,0,3,0
prod,1784157932801-4l45,ear-training,105,0.6,0,0.931386,0.9314,0,2,0,0.9314,0,2,0,0.9314,0,2,0,0.9314,0,2,0,0.9314,0,2,0,0.9314,0,2,0
prod,1784157921467-325o,ear-training,105,0.6,0,0.937667,0.9377,0,2,0,0.9377,0,2,0,0.9377,0,2,0,0.9377,0,2,0,0.9377,0,2,0,0.9377,0,2,0
prod,1784157909948-tqoe,ear-training,105,0.6,0,0.982528,0.9825,0,3,0,0.9825,0,3,0,0.9825,0,3,0,0.9825,0,3,0,0.9825,0,3,0,0.9825,0,3,0
prod,1784157898594-d8fd,ear-training,105,0.6,0,0.907208,0.9072,0,2,0,0.9072,0,2,0,0.9072,0,2,0,0.9072,0,2,0,0.9072,0,2,0,0.9072,0,2,0
prod,1784157888327-g4f9,ear-training,105,0.6,0,0.81725,0.8172,0,2,0,0.5448,1,2,0,0.5448,1,2,0,0.8172,0,2,0,0.5448,1,2,0,0.5448,1,2,0
prod,1784157874900-7vd1,ear-training,105,0.6,0,0.538193,0.5382,0,2,2,0.5382,0,2,2,0.5382,0,2,2,0.5924,0,2,1,0.5924,0,2,1,0.5924,0,2,1
prod,1784157862883-myeb,ear-training,105,0.6,0,0.479445,0.4794,0,2,1,0.4794,0,2,1,0.4794,0,2,1,0.4794,0,2,1,0.4794,0,2,1,0.4794,0,2,1
prod,1784157848258-lusg,ear-training,105,0.6,0,0.969306,0.9693,0,3,0,0.9693,0,3,0,0.9693,0,3,0,0.9693,0,3,0,0.9693,0,3,0,0.9693,0,3,0
prod,1784157836796-uimz,ear-training,105,0.6,0,0.673792,0.6738,0,1,1,0.4492,1,1,1,0.4492,1,1,1,0.6738,0,1,1,0.4492,1,1,1,0.4492,1,1,1
prod,1784157825841-tt1j,ear-training,105,0.6,0,0.663227,0.6632,0,1,1,0.6632,0,1,1,0.6632,0,1,1,0.6632,0,1,1,0.6632,0,1,1,0.6632,0,1,1
prod,1784157814027-owcm,ear-training,105,0.6,0,0.939794,0.9398,0,3,0,0.9398,0,3,0,0.9398,0,3,0,0.9398,0,3,0,0.9398,0,3,0,0.9398,0,3,0
prod,1784157802329-wsxb,ear-training,105,0.6,0,0.983135,0.9831,0,3,0,0.9831,0,3,0,0.9831,0,3,0,0.9831,0,3,0,0.9831,0,3,0,0.9831,0,3,0
prod,1784157792138-9zol,ear-training,105,0.6,0,0.9915,0.9915,0,3,0,0.9915,0,3,0,0.9915,0,3,0,0.9915,0,3,0,0.9915,0,3,0,0.9915,0,3,0
prod,1784157780839-dmp0,ear-training,105,0.6,0,0.966,0.9660,0,5,0,0.9660,0,5,0,0.9660,0,5,0,0.9660,0,5,0,0.9660,0,5,0,0.9660,0,5,0
prod,1784157768833-88j5,ear-training,105,0.6,0,0.966,0.9660,0,3,0,0.9660,0,3,0,0.9660,0,3,0,0.9660,0,3,0,0.9660,0,3,0,0.9660,0,3,0
prod,1784157757151-yy69,ear-training,105,0.6,0,0.586737,0.5867,0,1,2,0.5867,0,1,2,0.5867,0,1,2,0.5867,0,1,2,0.5867,0,1,2,0.5867,0,1,2
prod,1784157745424-in0u,ear-training,105,0.6,0,0.971667,0.9717,0,3,0,0.9717,0,3,0,0.9717,0,3,0,0.9717,0,3,0,0.9717,0,3,0,0.9717,0,3,0
prod,1784065637975-w9bz,ear-training,105,0.6,0,0.662458,0.6625,0,1,1,0.6625,0,1,1,0.6625,0,1,1,0.6625,0,1,1,0.6625,0,1,1,0.6625,0,1,1
prod,1784065626595-edqz,ear-training,105,0.6,0,0.918434,0.9184,0,2,0,0.9184,0,2,0,0.9184,0,2,0,0.9184,0,2,0,0.9184,0,2,0,0.9184,0,2,0
prod,1784065615155-eyur,ear-training,105,0.6,0,0.977687,0.9777,0,4,0,0.9777,0,4,0,0.9777,0,4,0,0.9777,0,4,0,0.9777,0,4,0,0.9777,0,4,0
prod,1784065603742-j5rr,ear-training,105,0.6,0,0.952542,0.9525,0,2,0,0.9525,0,2,0,0.9525,0,2,0,0.9525,0,2,0,0.9525,0,2,0,0.9525,0,2,0
prod,1784065592274-d0w6,ear-training,105,0.6,0,0.9575,0.9575,0,2,0,0.9575,0,2,0,0.9575,0,2,0,0.9575,0,2,0,0.9575,0,2,0,0.9575,0,2,0
prod,1784065580840-4vl5,ear-training,105,0.6,0,0.972375,0.9724,0,2,0,0.9724,0,2,0,0.9724,0,2,0,0.9724,0,2,0,0.9724,0,2,0,0.9724,0,2,0
prod,1784065569408-muc3,ear-training,105,0.6,0,0.962458,0.9625,0,2,0,0.9625,0,2,0,0.9625,0,2,0,0.9625,0,2,0,0.9625,0,2,0,0.9625,0,2,0
prod,1784065557987-aman,ear-training,105,0.6,0,0.9575,0.9575,0,2,0,0.9575,0,2,0,0.9575,0,2,0,0.9575,0,2,0,0.9575,0,2,0,0.9575,0,2,0
prod,1784065546590-h8z2,ear-training,105,0.6,0,0.662458,0.6625,0,1,1,0.6625,0,1,1,0.6625,0,1,1,0.6625,0,1,1,0.6625,0,1,1,0.6625,0,1,1
prod,1784065535173-bft5,ear-training,105,0.6,0,0.6575,0.6575,0,1,1,0.6575,0,1,1,0.6575,0,1,1,0.6575,0,1,1,0.6575,0,1,1,0.6575,0,1,1
prod,1784065523716-w8np,ear-training,105,0.6,0,0.923615,0.9236,0,2,0,0.9236,0,2,0,0.9236,0,2,0,0.9236,0,2,0,0.9236,0,2,0,0.9236,0,2,0
prod,1784065512250-ua4c,ear-training,105,0.6,0,0.658208,0.6582,0,1,1,0.4388,1,1,1,0.4388,1,1,1,0.6582,0,1,1,0.4388,1,1,1,0.4388,1,1,1
prod,1784065500938-ua96,ear-training,105,0.6,0,0.62775,0.6278,0,1,1,0.6278,0,1,1,0.6278,0,1,1,0.6278,0,1,1,0.6278,0,1,1,0.6278,0,1,1
prod,1784065489385-tad7,ear-training,105,0.6,0,0.984889,0.9849,0,3,0,0.9849,0,3,0,0.9849,0,3,0,0.9849,0,3,0,0.9849,0,3,0,0.9849,0,3,0
prod,1784065478047-gxu1,ear-training,105,0.6,0,0.494978,0.6584,0,2,0,0.3950,2,2,0,0.3950,2,2,0,0.3726,0,0,3,0.2795,1,0,3,0.2795,1,0,3
prod,1784065466617-ekn9,ear-training,105,0.6,0,0.948838,0.9488,0,2,0,0.9488,0,2,0,0.9488,0,2,0,0.9488,0,2,0,0.9488,0,2,0,0.9488,0,2,0
prod,1784065455114-fc0a,ear-training,105,0.6,0,0.843458,0.8435,0,2,0,0.5623,1,2,0,0.8435,0,2,0,0.8435,0,2,0,0.5623,1,2,0,0.8435,0,2,0
prod,1784065444018-b7xq,ear-training,105,0.6,0,0.86825,0.8682,0,2,0,0.8682,0,2,0,0.8682,0,2,0,0.8682,0,2,0,0.8682,0,2,0,0.8682,0,2,0
prod,1784065432381-mh0s,ear-training,105,0.6,0,0.926333,0.9263,0,2,0,0.9263,0,2,0,0.9263,0,2,0,0.9263,0,2,0,0.9263,0,2,0,0.9263,0,2,0
prod,1784065420728-qtuw,ear-training,105,0.6,0,0.933727,0.9337,0,2,0,0.9337,0,2,0,0.9337,0,2,0,0.9337,0,2,0,0.9337,0,2,0,0.9337,0,2,0
prod,1784065409364-6lbc,ear-training,105,0.6,0,0.857342,0.8964,0,2,0,0.5976,1,2,0,0.8964,0,2,0,0.8964,0,2,0,0.5976,1,2,0,0.8964,0,2,0
prod,1784065398042-vjsf,ear-training,105,0.6,0,0.65155,0.6516,0,1,1,0.4344,1,1,1,0.4344,1,1,1,0.6516,0,1,1,0.4344,1,1,1,0.4344,1,1,1
prod,1784065386561-s4ta,ear-training,105,0.6,0,0.612875,0.6129,0,1,1,0.4086,1,1,1,0.4086,1,1,1,0.6129,0,1,1,0.4086,1,1,1,0.4086,1,1,1
prod,1783998728246-9dtr,ear-training,105,0.6,0,0.372818,0.3460,0,0,13,0.3460,0,0,13,0.3460,0,0,13,0.3460,0,0,13,0.3460,0,0,13,0.3460,0,0,13
prod,1783998707695-4u88,ear-training,105,0.6,0,0.345659,0.4864,0,4,7,0.4517,1,4,7,0.4864,0,4,7,0.4864,0,4,7,0.4517,1,4,7,0.4864,0,4,7
prod,1783998688809-j1bk,ear-training,105,0.6,0,0.902865,0.9029,0,7,1,0.9029,0,7,1,0.9029,0,7,1,0.9029,0,7,1,0.9029,0,7,1,0.9029,0,7,1
prod,1783998676204-11mb,ear-training,105,0.6,0,0.984889,0.9849,0,3,0,0.9849,0,3,0,0.9849,0,3,0,0.9849,0,3,0,0.9849,0,3,0,0.9849,0,3,0
prod,1783998664855-l3ht,ear-training,105,0.6,0,0,0.0000,0,0,2,0.0000,0,0,2,0.0000,0,0,2,0.0000,0,0,2,0.0000,0,0,2,0.0000,0,0,2
prod,1783998654573-5dge,ear-training,105,0.6,0,0.659625,0.6710,0,1,1,0.4473,1,1,1,0.6710,0,1,1,0.3402,0,0,2,0.2268,1,0,2,0.2268,1,0,2
prod,1783998643156-cdwj,ear-training,105,0.6,0,0.376462,0.3765,0,0,13,0.3765,0,0,13,0.3765,0,0,13,0.3765,0,0,13,0.3765,0,0,13,0.3765,0,0,13
prod,1783998623091-xufa,ear-training,105,0.6,0,0.462872,0.4926,0,4,8,0.4575,1,4,8,0.4926,0,4,8,0.4926,0,4,8,0.4575,1,4,8,0.4926,0,4,8
prod,1783901324090-6z7g,ear-training,105,0.6,0,0.389517,0.3895,0,2,0,0.3895,0,2,0,0.3895,0,2,0,0.3895,0,2,0,0.3895,0,2,0,0.3895,0,2,0
prod,1783901310584-onzg,ear-training,105,0.6,0,0.805223,0.8052,0,3,1,0.8052,0,3,1,0.8052,0,3,1,0.8052,0,3,1,0.8052,0,3,1,0.8052,0,3,1
prod,1783901299136-99rj,ear-training,105,0.6,0,0.677333,0.6773,0,2,2,0.6773,0,2,2,0.6773,0,2,2,0.6773,0,2,2,0.6773,0,2,2,0.6773,0,2,2
prod,1783901287159-er7z,ear-training,105,0.6,0,0.811875,0.8119,0,3,1,0.8119,0,3,1,0.8119,0,3,1,0.7161,0,3,0,0.7161,0,3,0,0.7161,0,3,0
prod,1783901276331-05lo,ear-training,105,0.6,0,0.711807,0.7118,0,3,0,0.7118,0,3,0,0.7118,0,3,0,0.7118,0,3,0,0.7118,0,3,0,0.7118,0,3,0
prod,1783901264984-8m46,ear-training,105,0.6,0,0.628253,0.6283,0,2,2,0.6283,0,2,2,0.6283,0,2,2,0.6283,0,2,2,0.6283,0,2,2,0.6283,0,2,2
prod,1783901253547-wlkf,ear-training,105,0.6,0,0.734685,0.7347,0,2,1,0.7347,0,2,1,0.7347,0,2,1,0.7347,0,2,1,0.7347,0,2,1,0.7347,0,2,1
prod,1783901242600-o8zm,ear-training,105,0.6,0,0.72095,0.7482,0,4,0,0.7482,0,4,0,0.7482,0,4,0,0.7482,0,4,0,0.7482,0,4,0,0.7482,0,4,0
prod,1783901230548-73es,ear-training,105,0.6,0,0.940354,0.9404,0,5,0,0.7836,1,5,0,0.7836,1,5,0,0.8510,0,4,1,0.8510,0,4,1,0.8510,0,4,1
prod,1783901214565-cyoe,ear-training,105,0.6,0,0.982528,0.9825,0,3,0,0.9825,0,3,0,0.9825,0,3,0,0.9825,0,3,0,0.9825,0,3,0,0.9825,0,3,0
prod,1783901203100-kcig,ear-training,105,0.6,0,0.951246,0.9512,0,2,0,0.9512,0,2,0,0.9512,0,2,0,0.9512,0,2,0,0.9512,0,2,0,0.9512,0,2,0
prod,1783901191781-x5xp,ear-training,105,0.6,0,0.956083,0.9561,0,3,0,0.9561,0,3,0,0.9561,0,3,0,0.9561,0,3,0,0.9561,0,3,0,0.9561,0,3,0
prod,1783901179917-pfpi,ear-training,105,0.6,0,0.845113,0.8451,0,3,1,0.8451,0,3,1,0.8451,0,3,1,0.8451,0,3,1,0.8451,0,3,1,0.8451,0,3,1
prod,1783901163712-136h,ear-training,105,0.6,0,0.471233,0.4712,0,1,3,0.4712,0,1,3,0.4712,0,1,3,0.6245,0,3,0,0.6245,0,3,0,0.6245,0,3,0
firefox,2026-07-16-altissimo-shake-178424,ear-training,105,0.6,0,0.7531825396825396,0.7726,0,6,1,0.7726,0,6,1,0.7726,0,6,1,0.7726,0,6,1,0.7726,0,6,1,0.7726,0,6,1
firefox,2026-07-16-apple-jump-043d9b,lick-practice,95,0.6,1,0.9757662551440404,0.9758,0,9,0,0.8782,1,9,0,0.9758,0,9,0,0.9758,0,9,0,0.8782,1,9,0,0.9758,0,9,0
firefox,2026-07-16-apple-jump-11f497,lick-practice,95,0.6,1,0.821080452674892,0.8572,0,8,1,0.7715,1,8,1,0.8572,0,8,1,0.8572,0,8,1,0.7715,1,8,1,0.8572,0,8,1
firefox,2026-07-16-apple-jump-19f2db,lick-practice,95,0.6,1,0.5756488340192131,0.6321,0,5,4,0.5172,2,5,4,0.5689,1,5,4,0.6321,0,5,4,0.5172,2,5,4,0.5689,1,5,4
firefox,2026-07-16-apple-jump-40e0f2,lick-practice,95,0.6,1,0.9832763374485597,0.9833,0,9,0,0.9833,0,9,0,0.9833,0,9,0,0.9833,0,9,0,0.9833,0,9,0,0.9833,0,9,0
firefox,2026-07-16-apple-jump-4213c6,lick-practice,95,0.6,1,0.8331972565157788,0.8332,0,7,2,0.8332,0,7,2,0.8332,0,7,2,0.7920,0,7,1,0.7920,0,7,1,0.7920,0,7,1
firefox,2026-07-16-apple-jump-50816e,lick-practice,95,0.6,1,0.990925651577501,0.9909,0,9,0,0.9909,0,9,0,0.9909,0,9,0,0.9909,0,9,0,0.9909,0,9,0,0.9909,0,9,0
firefox,2026-07-16-apple-jump-5377fb,lick-practice,95,0.6,1,0.9890578875171445,0.9891,0,9,0,0.9891,0,9,0,0.9891,0,9,0,0.9891,0,9,0,0.9891,0,9,0,0.9891,0,9,0
firefox,2026-07-16-apple-jump-98b4a6,lick-practice,95,0.6,1,0.718901028806582,0.7732,0,7,2,0.6326,2,7,2,0.6959,1,7,2,0.7732,0,7,2,0.6326,2,7,2,0.6959,1,7,2
firefox,2026-07-16-apple-jump-bd7043,lick-practice,95,0.6,1,0.9052384773662524,0.9052,0,8,1,0.9052,0,8,1,0.9052,0,8,1,0.9052,0,8,1,0.9052,0,8,1,0.9052,0,8,1
firefox,2026-07-16-apple-jump-c77bea,lick-practice,95,0.6,1,0.9256377914951931,0.9256,0,9,0,0.7573,2,9,0,0.7573,2,9,0,0.9256,0,9,0,0.7573,2,9,0,0.7573,2,9,0
firefox,2026-07-16-apple-jump-ec0bf3,lick-practice,95,0.6,1,0.9771386145404615,0.9771,0,9,0,0.9771,0,9,0,0.9771,0,9,0,0.9771,0,9,0,0.9771,0,9,0,0.9771,0,9,0
firefox,2026-07-16-apple-jump-fe3ccf,lick-practice,95,0.6,1,0.9061716049382649,0.9062,0,8,1,0.9062,0,8,1,0.9062,0,8,1,0.9062,0,8,1,0.9062,0,8,1,0.9062,0,8,1
firefox,2026-07-16-blue-climb-178424,ear-training,105,0.6,0,0.8173131746031747,0.8173,0,4,1,0.8173,0,4,1,0.8173,0,4,1,0.8173,0,4,1,0.8173,0,4,1,0.8173,0,4,1
firefox,2026-07-16-blue-monk-47cba6,lick-practice,60,0.6,1,0.8823252204585539,0.8823,0,8,0,0.8823,0,8,0,0.8823,0,8,0,0.8823,0,8,0,0.8823,0,8,0,0.8823,0,8,0
firefox,2026-07-16-blue-neighbor-178424,ear-training,105,0.6,0,0.9497960317460319,0.9498,0,3,0,0.9498,0,3,0,0.9498,0,3,0,0.9498,0,3,0,0.9498,0,3,0,0.9498,0,3,0
firefox,2026-07-16-blue-note-wobble-178424,ear-training,105,0.6,0,0.9730833333333333,0.9731,0,4,0,0.9731,0,4,0,0.9731,0,4,0,0.9731,0,4,0,0.9731,0,4,0,0.9731,0,4,0
firefox,2026-07-16-blue-wobble-178424,ear-training,105,0.6,0,0.7452222222222222,0.7452,0,2,1,0.5589,1,2,1,0.7452,0,2,1,0.7452,0,2,1,0.5589,1,2,1,0.7452,0,2,1
firefox,2026-07-16-blues-moan-178424,ear-training,105,0.6,0,0.9670928571428572,0.9671,0,4,0,0.9671,0,4,0,0.9671,0,4,0,0.9671,0,4,0,0.9671,0,4,0,0.9671,0,4,0
firefox,2026-07-16-chromatic-below-chord-tones-094043,lick-practice,87,0.6,1,0.9790243631606488,0.9790,0,13,0,0.9790,0,13,0,0.9790,0,13,0,0.9790,0,13,0,0.9790,0,13,0,0.9790,0,13,0
firefox,2026-07-16-chromatic-below-chord-tones-2e7bdf,lick-practice,87,0.6,1,0.9858715259026676,0.9859,0,13,0,0.9859,0,13,0,0.9859,0,13,0,0.9859,0,13,0,0.9859,0,13,0,0.9859,0,13,0
firefox,2026-07-16-chromatic-below-chord-tones-577a60,lick-practice,87,0.6,1,0.8143658845281685,0.8166,0,10,3,0.8166,0,10,3,0.8166,0,10,3,0.8166,0,10,3,0.8166,0,10,3,0.8166,0,10,3
firefox,2026-07-16-chromatic-below-chord-tones-a9c6f6,lick-practice,87,0.6,1,0.9794238691784415,0.9794,0,13,0,0.9794,0,13,0,0.9794,0,13,0,0.9794,0,13,0,0.9794,0,13,0,0.9794,0,13,0
firefox,2026-07-16-chromatic-below-chord-tones-ac344b,lick-practice,87,0.6,1,0.9828230050584333,0.9828,0,13,0,0.9828,0,13,0,0.9828,0,13,0,0.9828,0,13,0,0.9828,0,13,0,0.9828,0,13,0
firefox,2026-07-16-chromatic-below-chord-tones-f0576b,lick-practice,87,0.6,1,0.8934262236176498,0.8967,0,12,0,0.8967,0,12,0,0.8967,0,12,0,0.8967,0,12,0,0.8967,0,12,0,0.8967,0,12,0
firefox,2026-07-16-climb-through-the-blue-178424,ear-training,105,0.6,0,0.548588492063492,0.5741,0,2,1,0.5741,0,2,1,0.5741,0,2,1,0.5741,0,2,1,0.5741,0,2,1,0.5741,0,2,1
firefox,2026-07-16-cry-me-a-river-1a3fd0,lick-practice,94,0.6,1,0.9860945205341428,0.9861,0,6,0,0.9861,0,6,0,0.9861,0,6,0,0.9861,0,6,0,0.9861,0,6,0,0.9861,0,6,0
firefox,2026-07-16-cry-me-a-river-1bc999,lick-practice,94,0.6,1,0.8558233153607108,0.8558,0,5,1,0.8558,0,5,1,0.8558,0,5,1,0.8558,0,5,1,0.8558,0,5,1,0.8558,0,5,1
firefox,2026-07-16-cry-me-a-river-24360d,lick-practice,94,0.6,1,0.7812314880322504,0.7812,0,4,2,0.7812,0,4,2,0.7812,0,4,2,0.7812,0,4,2,0.7812,0,4,2,0.7812,0,4,2
firefox,2026-07-16-cry-me-a-river-554b0c,lick-practice,94,0.6,1,0.9861627184009343,0.9862,0,6,0,0.9862,0,6,0,0.9862,0,6,0,0.9862,0,6,0,0.9862,0,6,0,0.9862,0,6,0
firefox,2026-07-16-cry-me-a-river-591a02,lick-practice,94,0.6,1,0.9802878656252647,0.9803,0,6,0,0.8402,1,6,0,0.9803,0,6,0,0.9803,0,6,0,0.8402,1,6,0,0.9803,0,6,0
firefox,2026-07-16-cry-me-a-river-716992,lick-practice,94,0.6,1,0.9803304892920082,0.9803,0,6,0,0.8403,1,6,0,0.9803,0,6,0,0.9803,0,6,0,0.8403,1,6,0,0.9803,0,6,0
firefox,2026-07-16-cry-me-a-river-7b9afe,lick-practice,94,0.6,1,0.8825386827916388,0.8894,0,6,0,0.8894,0,6,0,0.8894,0,6,0,0.8894,0,6,0,0.8894,0,6,0,0.8894,0,6,0
firefox,2026-07-16-cry-me-a-river-9d1983,lick-practice,94,0.6,1,0.8884802573276221,0.8885,0,5,1,0.8885,0,5,1,0.8885,0,5,1,0.8885,0,5,1,0.8885,0,5,1,0.8885,0,5,1
firefox,2026-07-16-cry-me-a-river-b5ea50,lick-practice,94,0.6,1,0.983930426807762,0.9839,0,6,0,0.9839,0,6,0,0.9839,0,6,0,0.9839,0,6,0,0.9839,0,6,0,0.9839,0,6,0
firefox,2026-07-16-cry-me-a-river-c67418,lick-practice,94,0.6,1,0.9816128878810789,0.9816,0,6,0,0.9816,0,6,0,0.9816,0,6,0,0.9816,0,6,0,0.9816,0,6,0,0.9816,0,6,0
firefox,2026-07-16-cry-me-a-river-c6ae3e,lick-practice,94,0.6,1,0.55078573074662,0.5671,0,2,4,0.4861,1,2,4,0.4861,1,2,4,0.5671,0,2,4,0.4861,1,2,4,0.4861,1,2,4
firefox,2026-07-16-cry-me-a-river-d7ee2a,lick-practice,94,0.6,1,0.9842754735869677,0.9843,0,6,0,0.9843,0,6,0,0.9843,0,6,0,0.9843,0,6,0,0.9843,0,6,0,0.9843,0,6,0
firefox,2026-07-16-eric-alexander-chord-tone-lick-101e38,lick-practice,79,0.6,1,0.44542885717435465,0.5295,0,6,7,0.5295,0,6,7,0.5295,0,6,7,0.5295,0,6,7,0.5295,0,6,7,0.5295,0,6,7
firefox,2026-07-16-eric-alexander-chord-tone-lick-103b96,lick-practice,79,0.6,1,0.620670492850844,0.6092,0,8,7,0.5130,3,8,7,0.6092,0,8,7,0.5782,0,7,8,0.5442,1,7,8,0.5782,0,7,8
firefox,2026-07-16-eric-alexander-chord-tone-lick-205a5c,lick-practice,79,0.6,1,0.9819167891156466,0.9819,0,16,0,0.9819,0,16,0,0.9819,0,16,0,0.9819,0,16,0,0.9819,0,16,0,0.9819,0,16,0
firefox,2026-07-16-eric-alexander-chord-tone-lick-d75f62,lick-practice,79,0.6,1,0.9771613464978555,0.9772,0,16,0,0.9197,1,16,0,0.9772,0,16,0,0.9772,0,16,0,0.9197,1,16,0,0.9772,0,16,0
firefox,2026-07-16-fifth-b7-octave-178424,ear-training,105,0.6,0,0.9296388888888889,0.9296,0,3,0,0.6972,1,3,0,0.6972,1,3,0,0.9296,0,3,0,0.6972,1,3,0,0.6972,1,3,0
firefox,2026-07-16-flat-seven-fifth-slide-178424,ear-training,105,0.6,0,0.9490000000000001,0.9490,0,2,0,0.9490,0,2,0,0.9490,0,2,0,0.9490,0,2,0,0.9490,0,2,0,0.9490,0,2,0
firefox,2026-07-16-flat-seven-root-178424,ear-training,105,0.6,0,0.9426249999999999,0.9426,0,2,0,0.9426,0,2,0,0.9426,0,2,0,0.9426,0,2,0,0.9426,0,2,0,0.9426,0,2,0
firefox,2026-07-16-fourth-b3-root-178424,ear-training,105,0.6,0,0.7480555555555555,0.7481,0,2,1,0.7481,0,2,1,0.7481,0,2,1,0.7481,0,2,1,0.7481,0,2,1,0.7481,0,2,1
firefox,2026-07-16-honeysuckle-rose-0dd4c0,lick-practice,100,0.6,1,0.9776240866717034,0.9776,0,5,0,0.9776,0,5,0,0.9776,0,5,0,0.9776,0,5,0,0.9776,0,5,0,0.9776,0,5,0
firefox,2026-07-16-honeysuckle-rose-7ee04d,lick-practice,100,0.6,1,0.9802645502645517,0.9803,0,5,0,0.9803,0,5,0,0.9803,0,5,0,0.9807,0,5,0,0.9807,0,5,0,0.9807,0,5,0
firefox,2026-07-16-honeysuckle-rose-874f2d,lick-practice,100,0.6,1,0.9909876543209912,0.9910,0,5,0,0.9910,0,5,0,0.9910,0,5,0,0.9910,0,5,0,0.9910,0,5,0,0.9910,0,5,0
firefox,2026-07-16-honeysuckle-rose-994749,lick-practice,100,0.6,1,0.9892466616276218,0.9892,0,5,0,0.9892,0,5,0,0.9892,0,5,0,0.9892,0,5,0,0.9892,0,5,0,0.9892,0,5,0
firefox,2026-07-16-honeysuckle-rose-ac0c4a,lick-practice,100,0.6,1,0.9896875787351975,0.9897,0,5,0,0.9897,0,5,0,0.9897,0,5,0,0.9897,0,5,0,0.9897,0,5,0,0.9897,0,5,0
firefox,2026-07-16-honeysuckle-rose-aeb679,lick-practice,100,0.6,1,0.9862509448223702,0.9863,0,5,0,0.9863,0,5,0,0.9863,0,5,0,0.9863,0,5,0,0.9863,0,5,0,0.9863,0,5,0
firefox,2026-07-16-honeysuckle-rose-cd6206,lick-practice,100,0.6,1,0.9875434618291774,0.9875,0,5,0,0.9875,0,5,0,0.9875,0,5,0,0.9875,0,5,0,0.9875,0,5,0,0.9875,0,5,0
firefox,2026-07-16-honeysuckle-rose-d7e384,lick-practice,100,0.6,1,0.9823431594860219,0.9823,0,5,0,0.9823,0,5,0,0.9823,0,5,0,0.9823,0,5,0,0.9823,0,5,0,0.9823,0,5,0
firefox,2026-07-16-honeysuckle-rose-d8fbc3,lick-practice,100,0.6,1,0.9905064247921385,0.9905,0,5,0,0.9905,0,5,0,0.9905,0,5,0,0.9905,0,5,0,0.9905,0,5,0,0.9905,0,5,0
firefox,2026-07-16-honeysuckle-rose-ddcfae,lick-practice,100,0.6,1,0.9823708742756341,0.9824,0,5,0,0.9824,0,5,0,0.9824,0,5,0,0.9824,0,5,0,0.9824,0,5,0,0.9824,0,5,0
firefox,2026-07-16-honeysuckle-rose-ea0991,lick-practice,100,0.6,1,0.9952355757117668,0.9952,0,5,0,0.9952,0,5,0,0.9952,0,5,0,0.9952,0,5,0,0.9952,0,5,0,0.9952,0,5,0
firefox,2026-07-16-honeysuckle-rose-f44759,lick-practice,100,0.6,1,0.9087855883093948,0.9088,0,5,0,0.6491,2,5,0,0.6491,2,5,0,0.9088,0,5,0,0.6491,2,5,0,0.6491,2,5,0
firefox,2026-07-16-minor-triad-down-178424,ear-training,105,0.6,0,0.9008333333333333,0.9008,0,4,0,0.7207,1,4,0,0.7207,1,4,0,0.9008,0,4,0,0.7207,1,4,0,0.7207,1,4,0
firefox,2026-07-16-minor-triad-up-178424,ear-training,105,0.6,0,0.9488886904761905,0.9489,0,4,0,0.9489,0,4,0,0.9489,0,4,0,0.9489,0,4,0,0.9489,0,4,0,0.9489,0,4,0
firefox,2026-07-16-octave-reach-through-blue-178424,ear-training,105,0.6,0,0.6412083333333334,0.6412,0,3,3,0.6412,0,3,3,0.6412,0,3,3,0.6412,0,3,3,0.6412,0,3,3,0.6412,0,3,3
firefox,2026-07-16-pent-arch-178424,ear-training,105,0.6,0,0.9504625396825397,0.9505,0,5,0,0.9505,0,5,0,0.9505,0,5,0,0.9505,0,5,0,0.9505,0,5,0,0.9505,0,5,0
firefox,2026-07-16-repeated-tumble-178424,ear-training,105,0.6,0,0.7454102182539684,0.7454,0,5,3,0.7454,0,5,3,0.7454,0,5,3,0.7277,0,6,1,0.7277,0,6,1,0.7277,0,6,1
firefox,2026-07-16-root-b3-fourth-178424,ear-training,105,0.6,0,0.7286944444444444,0.7287,0,2,1,0.4372,2,2,1,0.5465,1,2,1,0.7287,0,2,1,0.4372,2,2,1,0.5465,1,2,1
firefox,2026-07-16-root-climb-178424,ear-training,105,0.6,0,0.7623166666666668,0.7623,0,4,0,0.7623,0,4,0,0.7623,0,4,0,0.7623,0,4,0,0.7623,0,4,0,0.7623,0,4,0
firefox,2026-07-16-root-flat-third-178424,ear-training,105,0.6,0,0.9575,0.9575,0,2,0,0.9575,0,2,0,0.9575,0,2,0,0.9575,0,2,0,0.9575,0,2,0,0.9575,0,2,0
firefox,2026-07-16-sharp-9-flat-9-dom-2c140c,lick-practice,119,0.6,1,0.9685638471487368,0.9686,0,9,0,0.9686,0,9,0,0.9686,0,9,0,0.8720,0,8,0,0.8720,0,8,0,0.8720,0,8,0
firefox,2026-07-16-sharp-9-flat-9-dom-54f19b,lick-practice,119,0.6,1,0.8732166737213414,0.8732,0,8,0,0.8732,0,8,0,0.8732,0,8,0,0.8732,0,8,0,0.8732,0,8,0,0.8732,0,8,0
firefox,2026-07-16-sharp-9-flat-9-dom-56ba37,lick-practice,119,0.6,1,0.7526605682931625,0.7527,0,7,0,0.7527,0,7,0,0.7527,0,7,0,0.6451,0,6,0,0.6451,0,6,0,0.6451,0,6,0
firefox,2026-07-16-sharp-9-flat-9-dom-7399a5,lick-practice,119,0.6,1,0.9669141069958842,0.9669,0,9,0,0.9669,0,9,0,0.9669,0,9,0,0.9669,0,9,0,0.9669,0,9,0,0.9669,0,9,0
firefox,2026-07-16-sharp-9-flat-9-dom-831660,lick-practice,119,0.6,1,0.8737089178914386,0.8737,0,8,0,0.8737,0,8,0,0.8737,0,8,0,0.7653,0,7,0,0.7653,0,7,0,0.7653,0,7,0
firefox,2026-07-16-sharp-9-flat-9-dom-8540c6,lick-practice,119,0.6,1,0.5763712263374442,0.7578,0,6,3,0.6200,2,6,3,0.6820,1,6,3,0.5858,0,4,4,0.5858,0,4,4,0.5858,0,4,4
firefox,2026-07-16-sharp-9-flat-9-dom-983318,lick-practice,119,0.6,1,0.9779511722516168,0.9780,0,9,0,0.9780,0,9,0,0.9780,0,9,0,0.9780,0,9,0,0.9780,0,9,0,0.9780,0,9,0
firefox,2026-07-16-sharp-9-flat-9-dom-c8759e,lick-practice,119,0.6,1,0.983831850676073,0.9838,0,9,0,0.9838,0,9,0,0.9838,0,9,0,0.8754,0,8,0,0.8754,0,8,0,0.8754,0,8,0
firefox,2026-07-16-sharp-9-flat-9-dom-d82b89,lick-practice,119,0.6,1,0.9080862363315697,0.9081,0,8,1,0.9081,0,8,1,0.9081,0,8,1,0.8005,0,7,1,0.8005,0,7,1,0.8005,0,7,1
firefox,2026-07-16-sharp-9-flat-9-dom-f6e95f,lick-practice,119,0.6,1,0.9847764871644128,0.9848,0,9,0,0.9848,0,9,0,0.9848,0,9,0,0.8827,0,8,0,0.8827,0,8,0,0.8827,0,8,0
firefox,2026-07-16-sharp-9-flat-9-dom-fa2ff5,lick-practice,119,0.6,1,0.6546833834999016,0.6547,0,6,0,0.6547,0,6,0,0.6547,0,6,0,0.5451,0,5,0,0.5451,0,5,0,0.5451,0,5,0
firefox,2026-07-16-sharp-9-flat-9-dom-fed363,lick-practice,119,0.6,1,0.9792348657652382,0.9792,0,9,0,0.9792,0,9,0,0.9792,0,9,0,0.9792,0,9,0,0.9792,0,9,0,0.9792,0,9,0
firefox,2026-07-16-slide-back-down-178424,ear-training,105,0.6,0,0.5183500000000001,0.5184,0,2,2,0.5184,0,2,2,0.5184,0,2,2,0.4783,0,2,1,0.4783,0,2,1,0.4783,0,2,1
firefox,2026-07-16-up-to-the-seventh-178424,ear-training,105,0.6,0,0.7945948412698413,0.8452,0,3,1,0.6762,1,3,1,0.8452,0,3,1,0.8452,0,3,1,0.6762,1,3,1,0.8452,0,3,1
firefox,2026-07-16-wouldn-t-it-be-loverly-12f45a,lick-practice,100,0.6,1,0.887894935752078,0.8879,0,9,0,0.8879,0,9,0,0.8879,0,9,0,0.7905,0,8,0,0.7905,0,8,0,0.7905,0,8,0
firefox,2026-07-16-wouldn-t-it-be-loverly-3f488c,lick-practice,100,0.6,1,0.8848526077097533,0.8849,0,9,0,0.8849,0,9,0,0.8849,0,9,0,0.8849,0,9,0,0.8849,0,9,0,0.8849,0,9,0
firefox,2026-07-16-wouldn-t-it-be-loverly-448927,lick-practice,100,0.6,1,0.8845502645502683,0.8931,0,9,1,0.8119,1,9,1,0.8119,1,9,1,0.8931,0,9,1,0.8119,1,9,1,0.8119,1,9,1
firefox,2026-07-16-wouldn-t-it-be-loverly-538d05,lick-practice,100,0.6,1,0.9851851851851848,0.9852,0,10,0,0.9852,0,10,0,0.9852,0,10,0,0.9852,0,10,0,0.9852,0,10,0,0.9852,0,10,0
firefox,2026-07-16-wouldn-t-it-be-loverly-63549f,lick-practice,100,0.6,1,0.9134139581758636,0.9134,0,9,1,0.9134,0,9,1,0.9134,0,9,1,0.8155,0,8,1,0.8155,0,8,1,0.8155,0,8,1
firefox,2026-07-16-wouldn-t-it-be-loverly-788d6e,lick-practice,100,0.6,1,0.9834479717813052,0.9834,0,10,0,0.9834,0,10,0,0.9834,0,10,0,0.8839,0,9,0,0.8839,0,9,0,0.8839,0,9,0
firefox,2026-07-16-wouldn-t-it-be-loverly-a0ec91,lick-practice,100,0.6,1,0.9848488284202568,0.9848,0,10,0,0.9848,0,10,0,0.9848,0,10,0,0.9848,0,10,0,0.9848,0,10,0,0.9848,0,10,0
firefox,2026-07-16-wouldn-t-it-be-loverly-c0edad,lick-practice,100,0.6,1,0.9257961703199804,0.9258,0,9,1,0.9258,0,9,1,0.9258,0,9,1,0.9258,0,9,1,0.9258,0,9,1,0.9258,0,9,1
firefox,2026-07-16-wouldn-t-it-be-loverly-c3ba50,lick-practice,100,0.6,1,0.9798034769463377,0.9798,0,10,0,0.9798,0,10,0,0.9798,0,10,0,0.8821,0,9,0,0.8821,0,9,0,0.8821,0,9,0
firefox,2026-07-16-wouldn-t-it-be-loverly-c6530a,lick-practice,100,0.6,1,0.9856424792139091,0.9856,0,10,0,0.9856,0,10,0,0.9856,0,10,0,0.7918,0,8,0,0.7918,0,8,0,0.7918,0,8,0
firefox,2026-07-16-wouldn-t-it-be-loverly-e9ae70,lick-practice,100,0.6,1,0.9884542705971295,0.9885,0,10,0,0.9885,0,10,0,0.9885,0,10,0,0.8910,0,9,0,0.8910,0,9,0,0.8910,0,9,0
firefox,2026-07-16-wouldn-t-it-be-loverly-edbca0,lick-practice,100,0.6,1,0.4669538926681802,0.4986,0,5,1,0.4533,1,5,1,0.4986,0,5,1,0.3721,0,4,2,0.3721,0,4,2,0.3721,0,4,2
firefox,2026-07-16-zigzag-blues-178424,ear-training,105,0.6,0,0.7670568783068783,0.7671,0,6,3,0.7671,0,6,3,0.7671,0,6,3,0.6585,0,5,3,0.6585,0,5,3,0.6585,0,5,3
firefox,2026-10-06-apple-jump-160e9c,lick-practice,110,0.6,1,0.9824881946194128,0.9825,0,9,0,0.9825,0,9,0,0.9825,0,9,0,0.9825,0,9,0,0.9825,0,9,0,0.9825,0,9,0
firefox,2026-10-06-apple-jump-1d4acd,lick-practice,111,0.6,1,0.9801577309145767,0.9802,0,9,0,0.8821,1,9,0,0.9802,0,9,0,0.9802,0,9,0,0.9802,0,9,0,0.9802,0,9,0
firefox,2026-10-06-apple-jump-3176c5,lick-practice,110,0.6,1,0.9815156238627123,0.9815,0,9,0,0.8834,1,9,0,0.8834,1,9,0,0.9815,0,9,0,0.8834,1,9,0,0.8834,1,9,0
firefox,2026-10-06-apple-jump-3509b3,lick-practice,110,0.6,1,0.7717391114470471,0.7717,0,6,3,0.7717,0,6,3,0.7717,0,6,3,0.7717,0,6,3,0.7717,0,6,3,0.7717,0,6,3
firefox,2026-10-06-apple-jump-3717dd,lick-practice,111,0.6,1,0.9716001662887133,0.9716,0,9,0,0.9716,0,9,0,0.9716,0,9,0,0.9716,0,9,0,0.9716,0,9,0,0.9716,0,9,0
firefox,2026-10-06-apple-jump-467206,lick-practice,110,0.6,1,0.9647609417429541,0.9648,0,9,0,0.7893,2,9,0,0.8683,1,9,0,0.9648,0,9,0,0.7893,2,9,0,0.8683,1,9,0
firefox,2026-10-06-apple-jump-568744,lick-practice,111,0.6,1,0.842071554043857,0.8421,0,7,2,0.8421,0,7,2,0.8421,0,7,2,0.8421,0,7,2,0.8421,0,7,2,0.8421,0,7,2
firefox,2026-10-06-apple-jump-60d5eb,lick-practice,111,0.6,1,0.9699083900226474,0.9699,0,9,0,0.9699,0,9,0,0.9699,0,9,0,0.8617,0,8,0,0.8617,0,8,0,0.8617,0,8,0
firefox,2026-10-06-apple-jump-642100,lick-practice,111,0.6,1,0.9816321934995735,0.9816,0,9,0,0.9816,0,9,0,0.9816,0,9,0,0.9816,0,9,0,0.9816,0,9,0,0.9816,0,9,0
firefox,2026-10-06-apple-jump-6bc44e,lick-practice,110,0.6,1,0.9876076929537241,0.9876,0,9,0,0.9876,0,9,0,0.9876,0,9,0,0.9876,0,9,0,0.9876,0,9,0,0.9876,0,9,0
firefox,2026-10-06-apple-jump-6e2295,lick-practice,110,0.6,1,0.9738248761232897,0.9738,0,9,0,0.9738,0,9,0,0.9738,0,9,0,0.9738,0,9,0,0.9738,0,9,0,0.9738,0,9,0
firefox,2026-10-06-apple-jump-78e1fd,lick-practice,111,0.6,1,0.4733318578986391,0.7624,0,6,3,0.6862,1,6,3,0.7624,0,6,3,0.7624,0,6,3,0.6862,1,6,3,0.7624,0,6,3
firefox,2026-10-06-apple-jump-8787ac,lick-practice,111,0.6,1,0.40099190325016837,0.7198,0,6,3,0.7198,0,6,3,0.7198,0,6,3,0.7198,0,6,3,0.7198,0,6,3,0.7198,0,6,3
firefox,2026-10-06-apple-jump-88f772,lick-practice,110,0.6,1,0.9831869432546709,0.9832,0,9,0,0.9832,0,9,0,0.9832,0,9,0,0.9832,0,9,0,0.9832,0,9,0,0.9832,0,9,0
firefox,2026-10-06-apple-jump-8ea76c,lick-practice,110,0.6,1,0.9114102404747901,0.9114,0,8,1,0.9114,0,8,1,0.9114,0,8,1,0.9114,0,8,1,0.9114,0,8,1,0.9114,0,8,1
firefox,2026-10-06-apple-jump-961f94,lick-practice,111,0.6,1,0.9455334845049351,0.9455,0,9,0,0.8510,1,9,0,0.9455,0,9,0,0.9455,0,9,0,0.8510,1,9,0,0.9455,0,9,0
firefox,2026-10-06-apple-jump-9b78ca,lick-practice,110,0.6,1,0.9757346434870255,0.9757,0,9,0,0.8782,1,9,0,0.9757,0,9,0,0.9041,0,8,1,0.9041,0,8,1,0.9041,0,8,1
firefox,2026-10-06-apple-jump-a37338,lick-practice,111,0.6,1,0.9704568253968242,0.9705,0,9,0,0.9705,0,9,0,0.9705,0,9,0,0.9705,0,9,0,0.9705,0,9,0,0.9705,0,9,0
firefox,2026-10-06-apple-jump-a65f74,lick-practice,110,0.6,1,0.9834534867444904,0.9835,0,9,0,0.9835,0,9,0,0.9835,0,9,0,0.9835,0,9,0,0.9835,0,9,0,0.9835,0,9,0
firefox,2026-10-06-apple-jump-b78ac7,lick-practice,111,0.6,1,0.9153751655328296,0.9154,0,8,1,0.9154,0,8,1,0.9154,0,8,1,0.9154,0,8,1,0.9154,0,8,1,0.9154,0,8,1
firefox,2026-10-06-apple-jump-ce41bf,lick-practice,110,0.6,1,0.5854556927297663,0.5855,0,3,6,0.5269,1,3,6,0.5855,0,3,6,0.5855,0,3,6,0.5269,1,3,6,0.5855,0,3,6
firefox,2026-10-06-apple-jump-f59166,lick-practice,110,0.6,1,0.8764719800677466,0.8765,0,8,0,0.7888,1,8,0,0.8765,0,8,0,0.8765,0,8,0,0.7888,1,8,0,0.8765,0,8,0
firefox,2026-10-06-art-pepper-stardust-116901,lick-practice,79,0.6,1,0.9772457814730797,0.9772,0,6,0,0.9772,0,6,0,0.9772,0,6,0,0.9772,0,6,0,0.9772,0,6,0,0.9772,0,6,0
firefox,2026-10-06-art-pepper-stardust-11a422,lick-practice,77,0.6,1,0.9772492886537373,0.9772,0,6,0,0.9772,0,6,0,0.9772,0,6,0,0.9772,0,6,0,0.9772,0,6,0,0.9772,0,6,0
firefox,2026-10-06-art-pepper-stardust-3894fd,lick-practice,77,0.6,1,0.9713519594356477,0.9714,0,6,0,0.9714,0,6,0,0.9714,0,6,0,0.9714,0,6,0,0.9714,0,6,0,0.9714,0,6,0
firefox,2026-10-06-art-pepper-stardust-43ffae,lick-practice,79,0.6,1,0.7808967996136733,0.7809,0,4,2,0.6693,1,4,2,0.6693,1,4,2,0.8283,0,5,1,0.7099,1,5,1,0.7099,1,5,1
firefox,2026-10-06-art-pepper-stardust-4cfc03,lick-practice,79,0.6,1,0.9887858274964305,0.9888,0,6,0,0.9888,0,6,0,0.9888,0,6,0,0.9888,0,6,0,0.9888,0,6,0,0.9888,0,6,0
firefox,2026-10-06-art-pepper-stardust-4d4921,lick-practice,79,0.6,1,0.8720613460989319,0.8721,0,5,1,0.6540,2,5,1,0.6540,2,5,1,0.8721,0,5,1,0.6540,2,5,1,0.6540,2,5,1
firefox,2026-10-06-art-pepper-stardust-50ee81,lick-practice,77,0.6,1,0.9748194144620664,0.9748,0,6,0,0.9748,0,6,0,0.9748,0,6,0,0.9748,0,6,0,0.9748,0,6,0,0.9748,0,6,0
firefox,2026-10-06-art-pepper-stardust-537534,lick-practice,79,0.6,1,0.7918950116738056,0.7919,0,4,2,0.7919,0,4,2,0.7919,0,4,2,0.7919,0,4,2,0.7919,0,4,2,0.7919,0,4,2
firefox,2026-10-06-art-pepper-stardust-552dd9,lick-practice,77,0.6,1,0.9612949653145147,0.9613,0,6,0,0.9613,0,6,0,0.9613,0,6,0,0.9613,0,6,0,0.9613,0,6,0,0.9613,0,6,0
firefox,2026-10-06-art-pepper-stardust-89d530,lick-practice,79,0.6,1,0.9842469847988584,0.9842,0,6,0,0.9842,0,6,0,0.9842,0,6,0,0.9842,0,6,0,0.9842,0,6,0,0.9842,0,6,0
firefox,2026-10-06-art-pepper-stardust-9bc215,lick-practice,77,0.6,1,0.9719923903585856,0.9720,0,6,0,0.9720,0,6,0,0.9720,0,6,0,0.9720,0,6,0,0.9720,0,6,0,0.9720,0,6,0
firefox,2026-10-06-art-pepper-stardust-a1cb9a,lick-practice,77,0.6,1,0.9886983092298929,0.9887,0,6,0,0.9887,0,6,0,0.9887,0,6,0,0.9887,0,6,0,0.9887,0,6,0,0.9887,0,6,0
firefox,2026-10-06-art-pepper-stardust-a5c1cf,lick-practice,77,0.6,1,0.9892748171663541,0.9893,0,6,0,0.9893,0,6,0,0.9893,0,6,0,0.9893,0,6,0,0.9893,0,6,0,0.9893,0,6,0
firefox,2026-10-06-art-pepper-stardust-bada94,lick-practice,79,0.6,1,0.9900819363399666,0.9901,0,6,0,0.9901,0,6,0,0.9901,0,6,0,0.9901,0,6,0,0.9901,0,6,0,0.9901,0,6,0
firefox,2026-10-06-art-pepper-stardust-c01679,lick-practice,77,0.6,1,0.8032517907113133,0.8033,0,6,0,0.8033,0,6,0,0.8033,0,6,0,0.8033,0,6,0,0.8033,0,6,0,0.8033,0,6,0
firefox,2026-10-06-art-pepper-stardust-cc9d78,lick-practice,79,0.6,1,0.9797118347190723,0.9797,0,6,0,0.9797,0,6,0,0.9797,0,6,0,0.9797,0,6,0,0.9797,0,6,0,0.9797,0,6,0
firefox,2026-10-06-art-pepper-stardust-d470e8,lick-practice,77,0.6,1,0.9800805831863345,0.9801,0,6,0,0.8401,1,6,0,0.9801,0,6,0,0.9801,0,6,0,0.8401,1,6,0,0.9801,0,6,0
firefox,2026-10-06-art-pepper-stardust-e2384e,lick-practice,79,0.6,1,0.9773744076593562,0.9774,0,6,0,0.9774,0,6,0,0.9774,0,6,0,0.9774,0,6,0,0.9774,0,6,0,0.9774,0,6,0
firefox,2026-10-06-b3-fourth-fifth-5a4770,ear-training,100,0.6,0,0.9850760057109262,0.9851,0,3,0,0.9851,0,3,0,0.9851,0,3,0,0.9851,0,3,0,0.9851,0,3,0,0.9851,0,3,0
firefox,2026-10-06-b3-fourth-fifth-ef1858,ear-training,100,0.6,0,0.9805156630553455,0.9805,0,3,0,0.9805,0,3,0,0.9805,0,3,0,0.9805,0,3,0,0.9805,0,3,0,0.9805,0,3,0
firefox,2026-10-06-basis-of-everything-18b18b,lick-practice,169,0.6,1,0.9662245329878033,0.9662,0,7,0,0.9662,0,7,0,0.9662,0,7,0,0.9662,0,7,0,0.9662,0,7,0,0.9662,0,7,0
firefox,2026-10-06-basis-of-everything-18bc6e,lick-practice,169,0.6,1,0.9606228269085324,0.9606,0,7,0,0.9606,0,7,0,0.9606,0,7,0,0.8178,0,6,0,0.8178,0,6,0,0.8178,0,6,0
firefox,2026-10-06-basis-of-everything-1ddd66,lick-practice,169,0.6,1,0.9563394665802849,0.9563,0,7,0,0.9563,0,7,0,0.9563,0,7,0,0.9563,0,7,0,0.9563,0,7,0,0.9563,0,7,0
firefox,2026-10-06-basis-of-everything-1f4c06,lick-practice,169,0.6,1,0.9819091674765145,0.9819,0,7,0,0.9819,0,7,0,0.9819,0,7,0,0.9819,0,7,0,0.9819,0,7,0,0.9819,0,7,0
firefox,2026-10-06-basis-of-everything-24fb6c,lick-practice,169,0.6,1,0.9697494439045395,0.9697,0,7,0,0.9697,0,7,0,0.9697,0,7,0,0.9697,0,7,0,0.9697,0,7,0,0.9697,0,7,0
firefox,2026-10-06-basis-of-everything-402702,lick-practice,169,0.6,1,0.9804426087895498,0.9804,0,7,0,0.9804,0,7,0,0.9804,0,7,0,0.9804,0,7,0,0.9804,0,7,0,0.9804,0,7,0
firefox,2026-10-06-basis-of-everything-433b3b,lick-practice,170,0.6,1,0.27413713421880315,0.3389,0,0,7,0.2636,2,0,7,0.2636,2,0,7,0.3750,0,0,7,0.3282,1,0,7,0.3282,1,0,7
firefox,2026-10-06-basis-of-everything-591514,lick-practice,169,0.6,1,0.833139704135617,0.8331,0,6,0,0.8331,0,6,0,0.8331,0,6,0,0.8331,0,6,0,0.8331,0,6,0,0.8331,0,6,0
firefox,2026-10-06-basis-of-everything-705b0f,lick-practice,169,0.6,1,0.9627081308713914,0.9627,0,7,0,0.9627,0,7,0,0.9627,0,7,0,0.9627,0,7,0,0.9627,0,7,0,0.9627,0,7,0
firefox,2026-10-06-basis-of-everything-72f705,lick-practice,169,0.6,1,0.9730534499514127,0.9731,0,7,0,0.9731,0,7,0,0.9731,0,7,0,0.9731,0,7,0,0.9731,0,7,0,0.9731,0,7,0
firefox,2026-10-06-basis-of-everything-857de2,lick-practice,169,0.6,1,0.8138886729294885,0.8139,0,6,0,0.8139,0,6,0,0.8139,0,6,0,0.8139,0,6,0,0.8139,0,6,0,0.8139,0,6,0
firefox,2026-10-06-basis-of-everything-891f14,lick-practice,170,0.6,1,0.9717265954000717,0.9717,0,7,0,0.9717,0,7,0,0.9717,0,7,0,0.9717,0,7,0,0.9717,0,7,0,0.9717,0,7,0
firefox,2026-10-06-basis-of-everything-929df5,lick-practice,170,0.6,1,0.9721049562682118,0.9721,0,7,0,0.8506,1,7,0,0.9721,0,7,0,0.9721,0,7,0,0.8506,1,7,0,0.9721,0,7,0
firefox,2026-10-06-basis-of-everything-969870,lick-practice,170,0.6,1,0.9706515495087034,0.9707,0,7,0,0.9707,0,7,0,0.9707,0,7,0,0.9707,0,7,0,0.9707,0,7,0,0.9707,0,7,0
firefox,2026-10-06-basis-of-everything-a76ec2,lick-practice,170,0.6,1,0.8164152899254986,0.8164,0,6,0,0.8164,0,6,0,0.8164,0,6,0,0.8164,0,6,0,0.8164,0,6,0,0.8164,0,6,0
firefox,2026-10-06-basis-of-everything-b42a0c,lick-practice,170,0.6,1,0.9740112298887812,0.9740,0,7,0,0.9740,0,7,0,0.9740,0,7,0,0.9740,0,7,0,0.9740,0,7,0,0.9740,0,7,0
firefox,2026-10-06-basis-of-everything-bd4543,lick-practice,170,0.6,1,0.7353374365619348,0.7353,0,5,1,0.7353,0,5,1,0.7353,0,5,1,0.7353,0,5,1,0.7353,0,5,1,0.7353,0,5,1
firefox,2026-10-06-basis-of-everything-ca34e4,lick-practice,170,0.6,1,0.9736857790735127,0.9737,0,7,0,0.9737,0,7,0,0.9737,0,7,0,0.9737,0,7,0,0.9737,0,7,0,0.9737,0,7,0
firefox,2026-10-06-basis-of-everything-cda9dc,lick-practice,170,0.6,1,0.9668407299427731,0.9668,0,7,0,0.9668,0,7,0,0.9668,0,7,0,0.9668,0,7,0,0.9668,0,7,0,0.9668,0,7,0
firefox,2026-10-06-basis-of-everything-d7517d,lick-practice,169,0.6,1,0.9615479321887529,0.9615,0,7,0,0.9615,0,7,0,0.9615,0,7,0,0.8244,0,6,0,0.8244,0,6,0,0.8244,0,6,0
firefox,2026-10-06-basis-of-everything-d9cca3,lick-practice,169,0.6,1,0.9676598855415138,0.9677,0,7,0,0.8467,1,7,0,0.9677,0,7,0,0.9677,0,7,0,0.8467,1,7,0,0.9677,0,7,0
firefox,2026-10-06-basis-of-everything-e60e64,lick-practice,170,0.6,1,0.9753639995680987,0.9754,0,7,0,0.9754,0,7,0,0.9754,0,7,0,0.9754,0,7,0,0.9754,0,7,0,0.9754,0,7,0
firefox,2026-10-06-basis-of-everything-e780ed,lick-practice,170,0.6,1,0.96954799697658,0.9695,0,7,0,0.9695,0,7,0,0.9695,0,7,0,0.9695,0,7,0,0.9695,0,7,0,0.9695,0,7,0
firefox,2026-10-06-basis-of-everything-fb730a,lick-practice,170,0.6,1,0.9642854983263132,0.9643,0,7,0,0.9643,0,7,0,0.9643,0,7,0,0.9643,0,7,0,0.9643,0,7,0,0.9643,0,7,0
firefox,2026-10-06-blue-monk-01ee15,lick-practice,50,0.6,1,0.9841471403376242,0.9841,0,8,0,0.9841,0,8,0,0.9841,0,8,0,0.9841,0,8,0,0.9841,0,8,0,0.9841,0,8,0
firefox,2026-10-06-blue-monk-22eb55,lick-practice,50,0.6,1,0.9783339632149263,0.9783,0,8,0,0.9783,0,8,0,0.9783,0,8,0,0.9783,0,8,0,0.9783,0,8,0,0.9783,0,8,0
firefox,2026-10-06-blue-monk-2a81e7,lick-practice,50,0.6,1,0.9868764172335583,0.9869,0,8,0,0.9869,0,8,0,0.9869,0,8,0,0.9869,0,8,0,0.9869,0,8,0,0.9869,0,8,0
firefox,2026-10-06-blue-monk-2b5868,lick-practice,52,0.6,1,0.9822285296044346,0.9822,0,8,0,0.9822,0,8,0,0.9822,0,8,0,0.9822,0,8,0,0.9822,0,8,0,0.9822,0,8,0
firefox,2026-10-06-blue-monk-4d17bc,lick-practice,52,0.6,1,0.9622420826404643,0.9622,0,8,0,0.9622,0,8,0,0.9622,0,8,0,0.9622,0,8,0,0.9622,0,8,0,0.9622,0,8,0
firefox,2026-10-06-blue-monk-56a943,lick-practice,52,0.6,1,0.9006919853867474,0.9007,0,8,0,0.9007,0,8,0,0.9007,0,8,0,0.9007,0,8,0,0.9007,0,8,0,0.9007,0,8,0
firefox,2026-10-06-blue-monk-5a06c1,lick-practice,52,0.6,1,0.9855219591836746,0.9855,0,8,0,0.9855,0,8,0,0.9855,0,8,0,0.9855,0,8,0,0.9855,0,8,0,0.9855,0,8,0
firefox,2026-10-06-blue-monk-861c71,lick-practice,50,0.6,1,0.9077815570672834,0.9078,0,8,0,0.9078,0,8,0,0.9078,0,8,0,0.9078,0,8,0,0.9078,0,8,0,0.9078,0,8,0
firefox,2026-10-06-blue-monk-8894ed,lick-practice,50,0.6,1,0.8885563114134507,0.8886,0,8,0,0.7108,2,8,0,0.7898,1,8,0,0.8886,0,8,0,0.7108,2,8,0,0.7898,1,8,0
firefox,2026-10-06-blue-monk-8a9bcc,lick-practice,52,0.6,1,0.9820110068027214,0.9820,0,8,0,0.9820,0,8,0,0.9820,0,8,0,0.9820,0,8,0,0.9820,0,8,0,0.9820,0,8,0
firefox,2026-10-06-blue-monk-93e204,lick-practice,52,0.6,1,0.9873378216175351,0.9873,0,8,0,0.9873,0,8,0,0.9873,0,8,0,0.9873,0,8,0,0.9873,0,8,0,0.9873,0,8,0
firefox,2026-10-06-blue-monk-a0ada5,lick-practice,52,0.6,1,0.9922619596875805,0.9923,0,8,0,0.9923,0,8,0,0.9923,0,8,0,0.9923,0,8,0,0.9923,0,8,0,0.9923,0,8,0
firefox,2026-10-06-blue-monk-ab1a25,lick-practice,52,0.6,1,0.9830272668178375,0.9830,0,8,0,0.9830,0,8,0,0.9830,0,8,0,0.9830,0,8,0,0.9830,0,8,0,0.9830,0,8,0
firefox,2026-10-06-blue-monk-af564c,lick-practice,50,0.6,1,0.9522115142353262,0.9522,0,8,0,0.9522,0,8,0,0.9522,0,8,0,0.9522,0,8,0,0.9522,0,8,0,0.9522,0,8,0
firefox,2026-10-06-blue-monk-b655f7,lick-practice,50,0.6,1,0.984808515999013,0.9848,0,8,0,0.9848,0,8,0,0.9848,0,8,0,0.9848,0,8,0,0.9848,0,8,0,0.9848,0,8,0
firefox,2026-10-06-blue-monk-c29574,lick-practice,50,0.6,1,0.9721926177878569,0.9722,0,8,0,0.8642,1,8,0,0.9722,0,8,0,0.9686,0,8,0,0.8610,1,8,0,0.9686,0,8,0
firefox,2026-10-06-blue-monk-d0d94d,lick-practice,52,0.6,1,0.9847210335097003,0.9847,0,8,0,0.9847,0,8,0,0.9847,0,8,0,0.9847,0,8,0,0.9847,0,8,0,0.9847,0,8,0
firefox,2026-10-06-blue-monk-d5a938,lick-practice,52,0.6,1,0.9890035963718827,0.9890,0,8,0,0.9890,0,8,0,0.9890,0,8,0,0.9890,0,8,0,0.9890,0,8,0,0.9890,0,8,0
firefox,2026-10-06-blue-monk-d6de0d,lick-practice,50,0.6,1,0.9876864449483593,0.9877,0,8,0,0.8779,1,8,0,0.9877,0,8,0,0.9877,0,8,0,0.8779,1,8,0,0.9877,0,8,0
firefox,2026-10-06-blue-monk-e44708,lick-practice,50,0.6,1,0.9828489543965866,0.9828,0,8,0,0.9828,0,8,0,0.9828,0,8,0,0.9828,0,8,0,0.9828,0,8,0,0.9828,0,8,0
firefox,2026-10-06-blue-monk-ee6abf,lick-practice,52,0.6,1,0.5305347629125717,0.5305,0,2,6,0.5305,0,2,6,0.5305,0,2,6,0.5305,0,2,6,0.5305,0,2,6,0.5305,0,2,6
firefox,2026-10-06-blue-monk-f9fc2b,lick-practice,50,0.6,1,0.9835506424792144,0.9836,0,8,0,0.9836,0,8,0,0.9836,0,8,0,0.9836,0,8,0,0.9836,0,8,0,0.9836,0,8,0
firefox,2026-10-06-blue-note-to-fifth-31db04,ear-training,100,0.6,0,0.9891072478374066,0.9891,0,3,0,0.9891,0,3,0,0.9891,0,3,0,0.9891,0,3,0,0.9891,0,3,0,0.9891,0,3,0
firefox,2026-10-06-chromatic-below-chord-tones-0231fe,lick-practice,116,0.6,1,0.9543051005291017,0.9543,0,13,0,0.8271,2,13,0,0.8861,1,13,0,0.9385,0,13,0,0.8715,1,13,0,0.9385,0,13,0
firefox,2026-10-06-chromatic-below-chord-tones-050f36,lick-practice,116,0.6,1,0.9729900681047328,0.9730,0,13,0,0.9730,0,13,0,0.9730,0,13,0,0.9730,0,13,0,0.9730,0,13,0,0.9730,0,13,0
firefox,2026-10-06-chromatic-below-chord-tones-109dc8,lick-practice,60,0.6,1,0.9876205128205133,0.9876,0,13,0,0.8559,2,13,0,0.9876,0,13,0,0.9876,0,13,0,0.9171,1,13,0,0.9876,0,13,0
firefox,2026-10-06-chromatic-below-chord-tones-29b258,lick-practice,116,0.6,1,0.7713633037579705,0.7714,0,9,4,0.7714,0,9,4,0.7714,0,9,4,0.7714,0,9,4,0.7714,0,9,4,0.7714,0,9,4
firefox,2026-10-06-chromatic-below-chord-tones-36ed7d,lick-practice,116,0.6,1,0.984336844390176,0.9843,0,13,0,0.9843,0,13,0,0.9843,0,13,0,0.9819,0,13,0,0.9819,0,13,0,0.9819,0,13,0
firefox,2026-10-06-chromatic-below-chord-tones-47ac35,lick-practice,116,0.6,1,0.9162520624067312,0.9163,0,13,0,0.9163,0,13,0,0.9163,0,13,0,0.8453,0,12,0,0.8453,0,12,0,0.8453,0,12,0
firefox,2026-10-06-chromatic-below-chord-tones-4fe32e,lick-practice,60,0.6,1,0.9925318681318681,0.9925,0,13,0,0.9925,0,13,0,0.9925,0,13,0,0.9916,0,13,0,0.9916,0,13,0,0.9916,0,13,0
firefox,2026-10-06-chromatic-below-chord-tones-5c01c4,lick-practice,60,0.6,1,0.9917010989010987,0.9917,0,13,0,0.9917,0,13,0,0.9917,0,13,0,0.9907,0,13,0,0.9907,0,13,0,0.9907,0,13,0
firefox,2026-10-06-chromatic-below-chord-tones-62784a,lick-practice,116,0.6,1,0.9740780919820906,0.9741,0,13,0,0.9741,0,13,0,0.9741,0,13,0,0.9741,0,13,0,0.9741,0,13,0,0.9741,0,13,0
firefox,2026-10-06-chromatic-below-chord-tones-6a4cb0,lick-practice,60,0.6,1,0.9895272283272282,0.9895,0,13,0,0.9895,0,13,0,0.9895,0,13,0,0.9895,0,13,0,0.9895,0,13,0,0.9895,0,13,0
firefox,2026-10-06-chromatic-below-chord-tones-6ccc6b,lick-practice,60,0.6,1,0.9879721611721612,0.9880,0,13,0,0.9880,0,13,0,0.9880,0,13,0,0.9877,0,13,0,0.9877,0,13,0,0.9877,0,13,0
firefox,2026-10-06-chromatic-below-chord-tones-6ebd00,lick-practice,116,0.6,1,0.9570726099579441,0.9571,0,13,0,0.8887,1,13,0,0.9571,0,13,0,0.9571,0,13,0,0.8887,1,13,0,0.9571,0,13,0
firefox,2026-10-06-chromatic-below-chord-tones-741792,lick-practice,60,0.6,1,0.9880688644688644,0.9881,0,13,0,0.9881,0,13,0,0.9881,0,13,0,0.9862,0,13,0,0.9862,0,13,0,0.9862,0,13,0
firefox,2026-10-06-chromatic-below-chord-tones-7fc10d,lick-practice,116,0.6,1,0.9815028104734764,0.9815,0,13,0,0.9815,0,13,0,0.9815,0,13,0,0.9810,0,13,0,0.9810,0,13,0,0.9810,0,13,0
firefox,2026-10-06-chromatic-below-chord-tones-82dea5,lick-practice,116,0.6,1,0.977670579297246,0.9777,0,13,0,0.9777,0,13,0,0.9777,0,13,0,0.9071,0,12,0,0.9071,0,12,0,0.9071,0,12,0
firefox,2026-10-06-chromatic-below-chord-tones-833937,lick-practice,60,0.6,1,0.9905978021978022,0.9906,0,13,0,0.9906,0,13,0,0.9906,0,13,0,0.9906,0,13,0,0.9906,0,13,0,0.9906,0,13,0
firefox,2026-10-06-chromatic-below-chord-tones-89e4ee,lick-practice,60,0.6,1,0.9840786324786326,0.9841,0,13,0,0.9841,0,13,0,0.9841,0,13,0,0.9841,0,13,0,0.9841,0,13,0,0.9841,0,13,0
firefox,2026-10-06-chromatic-below-chord-tones-8ddf31,lick-practice,116,0.6,1,0.8515424382037742,0.8515,0,11,1,0.8515,0,11,1,0.8515,0,11,1,0.8327,0,11,0,0.8327,0,11,0,0.8327,0,11,0
firefox,2026-10-06-chromatic-below-chord-tones-91d321,lick-practice,60,0.6,1,0.9865650793650798,0.9866,0,13,0,0.9866,0,13,0,0.9866,0,13,0,0.9864,0,13,0,0.9864,0,13,0,0.9864,0,13,0
firefox,2026-10-06-chromatic-below-chord-tones-9a0243,lick-practice,116,0.6,1,0.977198762718766,0.9772,0,13,0,0.9772,0,13,0,0.9772,0,13,0,0.9764,0,13,0,0.9764,0,13,0,0.9764,0,13,0
firefox,2026-10-06-chromatic-below-chord-tones-a2bf53,lick-practice,60,0.6,1,0.9847638583638583,0.9848,0,13,0,0.9848,0,13,0,0.9848,0,13,0,0.9848,0,13,0,0.9848,0,13,0,0.9848,0,13,0
firefox,2026-10-06-chromatic-below-chord-tones-c0bde7,lick-practice,60,0.6,1,0.9878148962148965,0.9878,0,13,0,0.9878,0,13,0,0.9878,0,13,0,0.9878,0,13,0,0.9878,0,13,0,0.9878,0,13,0
firefox,2026-10-06-chromatic-below-chord-tones-d96b52,lick-practice,60,0.6,1,0.9889308913308915,0.9889,0,13,0,0.9889,0,13,0,0.9889,0,13,0,0.9889,0,13,0,0.9889,0,13,0,0.9889,0,13,0
firefox,2026-10-06-chromatic-below-chord-tones-e97259,lick-practice,116,0.6,1,0.983512815086148,0.9835,0,13,0,0.9835,0,13,0,0.9835,0,13,0,0.9835,0,13,0,0.9835,0,13,0,0.9835,0,13,0
firefox,2026-10-06-cry-me-a-river-00014d,lick-practice,126,0.6,1,0.9928824126984148,0.9929,0,6,0,0.9929,0,6,0,0.9929,0,6,0,0.9929,0,6,0,0.9929,0,6,0,0.9929,0,6,0
firefox,2026-10-06-cry-me-a-river-0bb295,lick-practice,128,0.6,1,0.9835128512639626,0.9835,0,6,0,0.9835,0,6,0,0.9835,0,6,0,0.9835,0,6,0,0.9835,0,6,0,0.9835,0,6,0
firefox,2026-10-06-cry-me-a-river-0e5ade,lick-practice,128,0.6,1,0.9785287901234516,0.9785,0,6,0,0.9785,0,6,0,0.9785,0,6,0,0.9785,0,6,0,0.9785,0,6,0,0.9785,0,6,0
firefox,2026-10-06-cry-me-a-river-2599d6,lick-practice,126,0.6,1,0.9408629841269818,0.9409,0,6,0,0.9409,0,6,0,0.9409,0,6,0,0.9409,0,6,0,0.9409,0,6,0,0.9409,0,6,0
firefox,2026-10-06-cry-me-a-river-4ec2af,lick-practice,126,0.6,1,0.9762932063492017,0.9763,0,6,0,0.9763,0,6,0,0.9763,0,6,0,0.9763,0,6,0,0.9763,0,6,0,0.9763,0,6,0
firefox,2026-10-06-cry-me-a-river-5bfe25,lick-practice,126,0.6,1,0.9572652698412678,0.9573,0,6,0,0.9573,0,6,0,0.9573,0,6,0,0.9573,0,6,0,0.9573,0,6,0,0.9573,0,6,0
firefox,2026-10-06-cry-me-a-river-784620,lick-practice,128,0.6,1,0.6251450743260262,0.6251,0,4,2,0.6251,0,4,2,0.6251,0,4,2,0.6251,0,4,2,0.6251,0,4,2,0.6251,0,4,2
firefox,2026-10-06-cry-me-a-river-825e07,lick-practice,128,0.6,1,0.971347438649536,0.9713,0,6,0,0.9713,0,6,0,0.9713,0,6,0,0.9713,0,6,0,0.9713,0,6,0,0.9713,0,6,0
firefox,2026-10-06-cry-me-a-river-8533eb,lick-practice,128,0.6,1,0.7551451737633369,0.7551,0,5,1,0.5664,2,5,1,0.6473,1,5,1,0.7551,0,5,1,0.5664,2,5,1,0.6473,1,5,1
firefox,2026-10-06-cry-me-a-river-887298,lick-practice,126,0.6,1,0.8859575873015884,0.8860,0,5,1,0.8860,0,5,1,0.8860,0,5,1,0.8860,0,5,1,0.8860,0,5,1,0.8860,0,5,1
firefox,2026-10-06-cry-me-a-river-93ae59,lick-practice,128,0.6,1,0.8633977996136784,0.8634,0,6,0,0.7401,1,6,0,0.8634,0,6,0,0.8634,0,6,0,0.7401,1,6,0,0.8634,0,6,0
firefox,2026-10-06-cry-me-a-river-9f811f,lick-practice,126,0.6,1,0.9806858412698436,0.9807,0,6,0,0.9807,0,6,0,0.9807,0,6,0,0.9807,0,6,0,0.9807,0,6,0,0.9807,0,6,0
firefox,2026-10-06-cry-me-a-river-ae43e5,lick-practice,126,0.6,1,0.9874996825396858,0.9875,0,6,0,0.9875,0,6,0,0.9875,0,6,0,0.9875,0,6,0,0.9875,0,6,0,0.9875,0,6,0
firefox,2026-10-06-cry-me-a-river-b0af7d,lick-practice,126,0.6,1,0.9850784761904783,0.9851,0,6,0,0.9851,0,6,0,0.9851,0,6,0,0.9851,0,6,0,0.9851,0,6,0,0.9851,0,6,0
firefox,2026-10-06-cry-me-a-river-b435af,lick-practice,128,0.6,1,0.8768639543125925,0.8769,0,6,0,0.6576,2,6,0,0.7516,1,6,0,0.8769,0,6,0,0.6576,2,6,0,0.7516,1,6,0
firefox,2026-10-06-cry-me-a-river-bd1115,lick-practice,126,0.6,1,0.9886212063492021,0.9886,0,6,0,0.8474,1,6,0,0.8474,1,6,0,0.9886,0,6,0,0.9886,0,6,0,0.9886,0,6,0
firefox,2026-10-06-cry-me-a-river-c337a2,lick-practice,128,0.6,1,0.9876339847148723,0.9876,0,6,0,0.9876,0,6,0,0.9876,0,6,0,0.9876,0,6,0,0.9876,0,6,0,0.9876,0,6,0
firefox,2026-10-06-cry-me-a-river-c828e8,lick-practice,126,0.6,1,0.8680599365079362,0.8681,0,5,1,0.8681,0,5,1,0.8681,0,5,1,0.8681,0,5,1,0.8681,0,5,1,0.8681,0,5,1
firefox,2026-10-06-cry-me-a-river-cd285e,lick-practice,126,0.6,1,0.9616666666666678,0.9617,0,6,0,0.9617,0,6,0,0.9617,0,6,0,0.9617,0,6,0,0.9617,0,6,0,0.9617,0,6,0
firefox,2026-10-06-cry-me-a-river-d55a12,lick-practice,128,0.6,1,0.8642398078441202,0.8642,0,6,0,0.8642,0,6,0,0.8642,0,6,0,0.8642,0,6,0,0.8642,0,6,0,0.8642,0,6,0
firefox,2026-10-06-cry-me-a-river-eb10e8,lick-practice,128,0.6,1,0.9716447938187631,0.9716,0,6,0,0.9716,0,6,0,0.9716,0,6,0,0.9716,0,6,0,0.9716,0,6,0,0.9716,0,6,0
firefox,2026-10-06-cry-me-a-river-f3c754,lick-practice,128,0.6,1,0.9706697975980584,0.9707,0,6,0,0.9707,0,6,0,0.9707,0,6,0,0.9707,0,6,0,0.9707,0,6,0,0.9707,0,6,0
firefox,2026-10-06-cry-me-a-river-f95a01,lick-practice,126,0.6,1,0.9710506666666644,0.9711,0,6,0,0.9711,0,6,0,0.9711,0,6,0,0.9711,0,6,0,0.9711,0,6,0,0.9711,0,6,0
firefox,2026-10-06-cry-me-a-river-fe64e1,lick-practice,128,0.6,1,0.9835987704711542,0.9836,0,6,0,0.9836,0,6,0,0.9836,0,6,0,0.9836,0,6,0,0.9836,0,6,0,0.9836,0,6,0
firefox,2026-10-06-dexter-gordon-go-chromatic-22a9b7,lick-practice,61,0.6,1,0.8902822689174186,0.8903,0,10,2,0.8903,0,10,2,0.8903,0,10,2,0.8903,0,10,2,0.8903,0,10,2,0.8903,0,10,2
firefox,2026-10-06-dexter-gordon-go-chromatic-28f7df,lick-practice,62,0.6,1,0.9915110264550265,0.9915,0,12,0,0.9915,0,12,0,0.9915,0,12,0,0.9915,0,12,0,0.9915,0,12,0,0.9915,0,12,0
firefox,2026-10-06-dexter-gordon-go-chromatic-34d262,lick-practice,62,0.6,1,0.9395154809775751,0.9395,0,11,1,0.9395,0,11,1,0.9395,0,11,1,0.9395,0,11,1,0.9395,0,11,1,0.9395,0,11,1
firefox,2026-10-06-dexter-gordon-go-chromatic-3a1999,lick-practice,64,0.6,1,0.5712869404551955,0.5713,0,4,8,0.5713,0,4,8,0.5713,0,4,8,0.5713,0,4,8,0.5713,0,4,8,0.5713,0,4,8
firefox,2026-10-06-dexter-gordon-go-chromatic-3be585,lick-practice,64,0.6,1,0.8770422050894434,0.8770,0,10,2,0.8096,1,10,2,0.8770,0,10,2,0.8770,0,10,2,0.8096,1,10,2,0.8770,0,10,2
firefox,2026-10-06-dexter-gordon-go-chromatic-404deb,lick-practice,62,0.6,1,0.9658443554211815,0.9658,0,12,0,0.8279,2,12,0,0.8279,2,12,0,0.9658,0,12,0,0.8279,2,12,0,0.8279,2,12,0
firefox,2026-10-06-dexter-gordon-go-chromatic-471767,lick-practice,61,0.6,1,0.916635525321242,0.9166,0,11,1,0.8461,1,11,1,0.8461,1,11,1,0.9166,0,11,1,0.8461,1,11,1,0.8461,1,11,1
firefox,2026-10-06-dexter-gordon-go-chromatic-5283aa,lick-practice,62,0.6,1,0.9917267298227938,0.9917,0,12,0,0.9917,0,12,0,0.9917,0,12,0,0.9917,0,12,0,0.9917,0,12,0,0.9917,0,12,0
firefox,2026-10-06-dexter-gordon-go-chromatic-5e3ce6,lick-practice,61,0.6,1,0.9887485273368506,0.9887,0,12,0,0.9887,0,12,0,0.9887,0,12,0,0.9887,0,12,0,0.9887,0,12,0,0.9887,0,12,0
firefox,2026-10-06-dexter-gordon-go-chromatic-681aee,lick-practice,62,0.6,1,0.9087553083060393,0.9088,0,11,1,0.8389,1,11,1,0.9088,0,11,1,0.7833,0,8,4,0.7833,0,8,4,0.7833,0,8,4
firefox,2026-10-06-dexter-gordon-go-chromatic-7331af,lick-practice,62,0.6,1,0.9892530582010572,0.9893,0,12,0,0.9893,0,12,0,0.9893,0,12,0,0.9893,0,12,0,0.9893,0,12,0,0.9893,0,12,0
firefox,2026-10-06-dexter-gordon-go-chromatic-75541b,lick-practice,61,0.6,1,0.9706872587133598,0.9707,0,12,0,0.8320,2,12,0,0.8960,1,12,0,0.9656,0,12,0,0.8913,1,12,0,0.9656,0,12,0
firefox,2026-10-06-dexter-gordon-go-chromatic-81dde0,lick-practice,62,0.6,1,0.99156885596708,0.9916,0,12,0,0.9916,0,12,0,0.9916,0,12,0,0.9916,0,12,0,0.9916,0,12,0,0.9916,0,12,0
firefox,2026-10-06-dexter-gordon-go-chromatic-8db1af,lick-practice,64,0.6,1,0.989695505500966,0.9897,0,12,0,0.9897,0,12,0,0.9897,0,12,0,0.9897,0,12,0,0.9897,0,12,0,0.9897,0,12,0
firefox,2026-10-06-dexter-gordon-go-chromatic-9124f2,lick-practice,64,0.6,1,0.9173162852103767,0.9173,0,11,1,0.8468,1,11,1,0.9173,0,11,1,0.9173,0,11,1,0.8468,1,11,1,0.9173,0,11,1
firefox,2026-10-06-dexter-gordon-go-chromatic-920070,lick-practice,64,0.6,1,0.7677182968002036,0.7677,0,8,4,0.6142,3,8,4,0.7087,1,8,4,0.7677,0,8,4,0.6142,3,8,4,0.7087,1,8,4
firefox,2026-10-06-dexter-gordon-go-chromatic-a254f2,lick-practice,61,0.6,1,0.8843058051146417,0.8843,0,10,2,0.8843,0,10,2,0.8843,0,10,2,0.8843,0,10,2,0.8843,0,10,2,0.8843,0,10,2
firefox,2026-10-06-dexter-gordon-go-chromatic-a5c677,lick-practice,61,0.6,1,0.9232868719240823,0.8813,0,10,2,0.8135,1,10,2,0.8813,0,10,2,0.8813,0,10,2,0.8135,1,10,2,0.8813,0,10,2
firefox,2026-10-06-dexter-gordon-go-chromatic-aa1107,lick-practice,62,0.6,1,0.991486527252877,0.9915,0,12,0,0.9915,0,12,0,0.9915,0,12,0,0.9915,0,12,0,0.9915,0,12,0,0.9915,0,12,0
firefox,2026-10-06-dexter-gordon-go-chromatic-af7294,lick-practice,61,0.6,1,0.8878025094482473,0.8878,0,10,2,0.8878,0,10,2,0.8878,0,10,2,0.8878,0,10,2,0.8878,0,10,2,0.8878,0,10,2
firefox,2026-10-06-dexter-gordon-go-chromatic-affb28,lick-practice,61,0.6,1,0.9286985425800174,0.9287,0,11,1,0.8573,1,11,1,0.8573,1,11,1,0.9287,0,11,1,0.8573,1,11,1,0.8573,1,11,1
firefox,2026-10-06-dexter-gordon-go-chromatic-b32550,lick-practice,64,0.6,1,0.9897811989585937,0.9898,0,12,0,0.9898,0,12,0,0.9898,0,12,0,0.9898,0,12,0,0.9898,0,12,0,0.9898,0,12,0
firefox,2026-10-06-dexter-gordon-go-chromatic-bbbcae,lick-practice,61,0.6,1,0.9905453854035597,0.9905,0,12,0,0.9905,0,12,0,0.9905,0,12,0,0.9905,0,12,0,0.9905,0,12,0,0.9905,0,12,0
firefox,2026-10-06-dexter-gordon-go-chromatic-c0ee01,lick-practice,64,0.6,1,0.9901357628285833,0.9901,0,12,0,0.9901,0,12,0,0.9901,0,12,0,0.9901,0,12,0,0.9901,0,12,0,0.9901,0,12,0
firefox,2026-10-06-dexter-gordon-go-chromatic-c56d4e,lick-practice,64,0.6,1,0.9376348366507066,0.9376,0,11,1,0.9376,0,11,1,0.9376,0,11,1,0.9376,0,11,1,0.9376,0,11,1,0.9376,0,11,1
firefox,2026-10-06-dexter-gordon-go-chromatic-e077de,lick-practice,64,0.6,1,0.9813904291593195,0.9814,0,12,0,0.9814,0,12,0,0.9814,0,12,0,0.9814,0,12,0,0.9814,0,12,0,0.9814,0,12,0
firefox,2026-10-06-dexter-gordon-go-chromatic-e1e1ad,lick-practice,61,0.6,1,0.9887412795834496,0.9887,0,12,0,0.9887,0,12,0,0.9887,0,12,0,0.9887,0,12,0,0.9887,0,12,0,0.9887,0,12,0
firefox,2026-10-06-dexter-gordon-go-chromatic-f8738e,lick-practice,62,0.6,1,0.8747270788611725,0.8747,0,10,2,0.8074,1,10,2,0.8074,1,10,2,0.8727,0,10,2,0.8727,0,10,2,0.8727,0,10,2
firefox,2026-10-06-dexter-gordon-go-chromatic-fc98cb,lick-practice,64,0.6,1,0.8831871161501665,0.8832,0,10,2,0.8152,1,10,2,0.8832,0,10,2,0.8832,0,10,2,0.8152,1,10,2,0.8832,0,10,2
firefox,2026-10-06-dexter-gordon-go-chromatic-ff4a08,lick-practice,62,0.6,1,0.8876162230620628,0.8876,0,10,2,0.8876,0,10,2,0.8876,0,10,2,0.8876,0,10,2,0.8876,0,10,2,0.8876,0,10,2
firefox,2026-10-06-do-nothing-till-you-hear-from-me-b4ed09,lick-practice,63,0.6,1,0.9720413679653683,0.9720,0,11,0,0.9720,0,11,0,0.9720,0,11,0,0.8846,0,10,0,0.8846,0,10,0,0.8846,0,10,0
firefox,2026-10-06-do-nothing-till-you-hear-from-me-f88ef9,lick-practice,63,0.6,1,0.8179024069264069,0.8179,0,8,3,0.7497,1,8,3,0.7497,1,8,3,0.8179,0,8,3,0.7497,1,8,3,0.7497,1,8,3
firefox,2026-10-06-eric-alexander-chord-tone-lick-089e1d,lick-practice,59,0.6,1,0.8060797067586304,0.8061,0,16,0,0.7165,2,16,0,0.7165,2,16,0,0.8061,0,16,0,0.7165,2,16,0,0.7165,2,16,0
firefox,2026-10-06-eric-alexander-chord-tone-lick-0a3730,lick-practice,59,0.6,1,0.9903351191106087,0.9903,0,16,0,0.9903,0,16,0,0.9903,0,16,0,0.9896,0,16,0,0.9896,0,16,0,0.9896,0,16,0
firefox,2026-10-06-eric-alexander-chord-tone-lick-0f039e,lick-practice,59,0.6,1,0.9903745205341412,0.9904,0,16,0,0.9904,0,16,0,0.9904,0,16,0,0.9904,0,16,0,0.9904,0,16,0,0.9904,0,16,0
firefox,2026-10-06-eric-alexander-chord-tone-lick-2ed86f,lick-practice,59,0.6,1,0.8266254905517756,0.8266,0,12,4,0.7780,1,12,4,0.7780,1,12,4,0.8266,0,12,4,0.7780,1,12,4,0.7780,1,12,4
firefox,2026-10-06-eric-alexander-chord-tone-lick-366cde,lick-practice,59,0.6,1,0.9473149387755113,0.9473,0,16,0,0.9473,0,16,0,0.9473,0,16,0,0.9473,0,16,0,0.9473,0,16,0,0.9473,0,16,0
firefox,2026-10-06-eric-alexander-chord-tone-lick-66cc88,lick-practice,59,0.6,1,0.8523110204396565,0.8523,0,13,3,0.7576,2,13,3,0.7576,2,13,3,0.8523,0,13,3,0.7576,2,13,3,0.7576,2,13,3
firefox,2026-10-06-eric-alexander-chord-tone-lick-686d3e,lick-practice,59,0.6,1,0.9870164081632691,0.9870,0,16,0,0.9870,0,16,0,0.9870,0,16,0,0.9870,0,16,0,0.9870,0,16,0,0.9870,0,16,0
firefox,2026-10-06-eric-alexander-chord-tone-lick-a09748,lick-practice,59,0.6,1,0.866423279415468,0.8664,0,13,3,0.8664,0,13,3,0.8664,0,13,3,0.8664,0,13,3,0.8664,0,13,3,0.8664,0,13,3
firefox,2026-10-06-eric-alexander-chord-tone-lick-a289f0,lick-practice,59,0.6,1,0.9886232371819086,0.9886,0,16,0,0.9886,0,16,0,0.9886,0,16,0,0.9886,0,16,0,0.9886,0,16,0,0.9886,0,16,0
firefox,2026-10-06-eric-alexander-chord-tone-lick-ac704e,lick-practice,59,0.6,1,0.9900806883345887,0.9901,0,16,0,0.9901,0,16,0,0.9901,0,16,0,0.9887,0,16,0,0.9887,0,16,0,0.9887,0,16,0
firefox,2026-10-06-eric-alexander-chord-tone-lick-ad37de,lick-practice,59,0.6,1,0.9906305507999469,0.9906,0,16,0,0.9906,0,16,0,0.9906,0,16,0,0.9906,0,16,0,0.9906,0,16,0,0.9906,0,16,0
firefox,2026-10-06-eric-alexander-chord-tone-lick-e26f99,lick-practice,59,0.6,1,0.9661901295036515,0.9662,0,16,0,0.8588,2,16,0,0.9094,1,16,0,0.9297,0,15,1,0.8750,1,15,1,0.9297,0,15,1
firefox,2026-10-06-fats-navarro-wail-02c61b,lick-practice,56,0.6,1,0.7252035873015836,0.7252,0,10,6,0.5525,5,10,6,0.5525,5,10,6,0.7237,0,10,6,0.5790,4,10,6,0.5790,4,10,6
firefox,2026-10-06-fats-navarro-wail-056331,lick-practice,50,0.6,1,0.9528124212648024,0.9528,0,15,1,0.9528,0,15,1,0.9528,0,15,1,0.9528,0,15,1,0.9528,0,15,1,0.9528,0,15,1
firefox,2026-10-06-fats-navarro-wail-08be9b,lick-practice,55,0.6,1,0.9875775888132989,0.9876,0,16,0,0.9876,0,16,0,0.9876,0,16,0,0.9876,0,16,0,0.9876,0,16,0,0.9876,0,16,0
firefox,2026-10-06-fats-navarro-wail-0b2469,lick-practice,61,0.6,1,0.9874651433610411,0.9875,0,16,0,0.9875,0,16,0,0.9875,0,16,0,0.9875,0,16,0,0.9875,0,16,0,0.9875,0,16,0
firefox,2026-10-06-fats-navarro-wail-107cd9,lick-practice,52,0.6,1,0.592393082640463,0.5924,0,6,10,0.4513,5,6,10,0.4513,5,6,10,0.6043,0,6,10,0.5372,2,6,10,0.5372,2,6,10
firefox,2026-10-06-fats-navarro-wail-1b346f,lick-practice,54,0.6,1,0.8656847959183677,0.8704,0,15,1,0.7330,3,15,1,0.7737,2,15,1,0.8621,0,15,1,0.7260,3,15,1,0.7663,2,15,1
firefox,2026-10-06-fats-navarro-wail-1cce75,lick-practice,58,0.6,1,0.98746569412951,0.9875,0,16,0,0.9875,0,16,0,0.9875,0,16,0,0.9875,0,16,0,0.9875,0,16,0,0.9875,0,16,0
firefox,2026-10-06-fats-navarro-wail-24af3e,lick-practice,50,0.6,1,0.15438649533887458,0.1544,0,0,8,0.1544,0,0,8,0.1544,0,0,8,0.1544,0,0,8,0.1544,0,0,8,0.1544,0,0,8
firefox,2026-10-06-fats-navarro-wail-29dea6,lick-practice,50,0.6,1,0.5215863567649272,0.5216,0,4,12,0.3793,6,4,12,0.3793,6,4,12,0.4828,0,3,13,0.3678,5,3,13,0.3678,5,3,13
firefox,2026-10-06-fats-navarro-wail-2e0ca1,lick-practice,50,0.6,1,0.6430684681279932,0.6431,0,7,9,0.5716,2,7,9,0.5716,2,7,9,0.6431,0,7,9,0.5716,2,7,9,0.5716,2,7,9
firefox,2026-10-06-fats-navarro-wail-304f2e,lick-practice,50,0.6,1,0.9514468379944604,0.9514,0,15,1,0.9514,0,15,1,0.9514,0,15,1,0.9514,0,15,1,0.9514,0,15,1,0.9514,0,15,1
firefox,2026-10-06-fats-navarro-wail-388530,lick-practice,63,0.6,1,0.9569900595238028,0.9570,0,16,0,0.9007,1,16,0,0.9007,1,16,0,0.9570,0,16,0,0.8507,2,16,0,0.8507,2,16,0
firefox,2026-10-06-fats-navarro-wail-3c5b7f,lick-practice,58,0.6,1,0.9849301929957122,0.9849,0,16,0,0.9849,0,16,0,0.9849,0,16,0,0.9849,0,16,0,0.9849,0,16,0,0.9849,0,16,0
firefox,2026-10-06-fats-navarro-wail-3db3e5,lick-practice,55,0.6,1,0.9835075459813557,0.9835,0,16,0,0.9835,0,16,0,0.9835,0,16,0,0.9835,0,16,0,0.9835,0,16,0,0.9835,0,16,0
firefox,2026-10-06-fats-navarro-wail-3e6ec4,lick-practice,61,0.6,1,0.98728077752583,0.9873,0,16,0,0.9873,0,16,0,0.9873,0,16,0,0.9873,0,16,0,0.9873,0,16,0,0.9873,0,16,0
firefox,2026-10-06-fats-navarro-wail-401d61,lick-practice,62,0.6,1,0.971046109347439,0.9710,0,16,0,0.9710,0,16,0,0.9710,0,16,0,0.9710,0,16,0,0.9710,0,16,0,0.9710,0,16,0
firefox,2026-10-06-fats-navarro-wail-41d1d3,lick-practice,52,0.6,1,0.9695552562358267,0.9696,0,16,0,0.9125,1,16,0,0.9696,0,16,0,0.9696,0,16,0,0.9125,1,16,0,0.9696,0,16,0
firefox,2026-10-06-fats-navarro-wail-43204c,lick-practice,51,0.6,1,0.9893994149659877,0.9894,0,16,0,0.9894,0,16,0,0.9894,0,16,0,0.9894,0,16,0,0.9894,0,16,0,0.9894,0,16,0
firefox,2026-10-06-fats-navarro-wail-48b97f,lick-practice,57,0.6,1,0.9827698903061212,0.9828,0,16,0,0.9828,0,16,0,0.9828,0,16,0,0.9828,0,16,0,0.9828,0,16,0,0.9828,0,16,0
firefox,2026-10-06-fats-navarro-wail-48d5e4,lick-practice,52,0.6,1,0.9894167319224004,0.9894,0,16,0,0.9894,0,16,0,0.9894,0,16,0,0.9894,0,16,0,0.9894,0,16,0,0.9894,0,16,0
firefox,2026-10-06-fats-navarro-wail-49d424,lick-practice,50,0.6,1,0.6783396321491562,0.6783,0,8,8,0.6030,2,8,8,0.6030,2,8,8,0.6515,0,7,9,0.6132,1,7,9,0.6132,1,7,9
firefox,2026-10-06-fats-navarro-wail-4c7d0c,lick-practice,55,0.6,1,0.7844315389581762,0.7844,0,12,4,0.6606,3,12,4,0.6606,3,12,4,0.7844,0,12,4,0.6606,3,12,4,0.6606,3,12,4
firefox,2026-10-06-fats-navarro-wail-4eca66,lick-practice,50,0.6,1,0.643538989669942,0.6435,0,8,8,0.4903,5,8,8,0.4903,5,8,8,0.6315,0,8,8,0.4812,5,8,8,0.4812,5,8,8
firefox,2026-10-06-fats-navarro-wail-53d686,lick-practice,56,0.6,1,0.9826734744268095,0.9827,0,16,0,0.9827,0,16,0,0.9827,0,16,0,0.9827,0,16,0,0.9827,0,16,0,0.9827,0,16,0
firefox,2026-10-06-fats-navarro-wail-5742ea,lick-practice,60,0.6,1,0.9874333333333236,0.9874,0,16,0,0.9874,0,16,0,0.9874,0,16,0,0.9874,0,16,0,0.9874,0,16,0,0.9874,0,16,0
firefox,2026-10-06-fats-navarro-wail-5ae668,lick-practice,50,0.6,1,0.9800277147896199,0.9800,0,16,0,0.9800,0,16,0,0.9800,0,16,0,0.9800,0,16,0,0.9800,0,16,0,0.9800,0,16,0
firefox,2026-10-06-fats-navarro-wail-603ec6,lick-practice,54,0.6,1,0.7609087346938728,0.7609,0,10,6,0.6764,2,10,6,0.7161,1,10,6,0.7609,0,10,6,0.6764,2,10,6,0.7161,1,10,6
firefox,2026-10-06-fats-navarro-wail-6193df,lick-practice,50,0.6,1,0.877630070546734,0.8776,0,14,2,0.6383,6,14,2,0.6383,6,14,2,0.8769,0,14,2,0.6377,6,14,2,0.6377,6,14,2
firefox,2026-10-06-fats-navarro-wail-650af6,lick-practice,50,0.6,1,0.8545773494583069,0.8546,0,13,3,0.6837,4,13,3,0.6837,4,13,3,0.8546,0,13,3,0.6837,4,13,3,0.6837,4,13,3
firefox,2026-10-06-fats-navarro-wail-68273c,lick-practice,60,0.6,1,0.900440079365074,0.9004,0,15,0,0.9004,0,15,0,0.9004,0,15,0,0.9004,0,15,0,0.9004,0,15,0,0.9004,0,15,0
firefox,2026-10-06-fats-navarro-wail-6bb777,lick-practice,62,0.6,1,0.9853635338876259,0.9854,0,16,0,0.9854,0,16,0,0.9854,0,16,0,0.9854,0,16,0,0.9854,0,16,0,0.9854,0,16,0
firefox,2026-10-06-fats-navarro-wail-7c6464,lick-practice,50,0.6,1,0.7168332703451754,0.7168,0,9,7,0.5735,4,9,7,0.5735,4,9,7,0.7168,0,9,7,0.5462,5,9,7,0.5462,5,9,7
firefox,2026-10-06-fats-navarro-wail-7e5c0a,lick-practice,57,0.6,1,0.9871586267006778,0.9872,0,16,0,0.9872,0,16,0,0.9872,0,16,0,0.9872,0,16,0,0.9872,0,16,0,0.9872,0,16,0
firefox,2026-10-06-fats-navarro-wail-83e243,lick-practice,50,0.6,1,0.9904938271604908,0.9905,0,16,0,0.9905,0,16,0,0.9905,0,16,0,0.9905,0,16,0,0.9905,0,16,0,0.9905,0,16,0
firefox,2026-10-06-fats-navarro-wail-89392a,lick-practice,60,0.6,1,0.9821805555555578,0.9822,0,16,0,0.9822,0,16,0,0.9822,0,16,0,0.9822,0,16,0,0.9822,0,16,0,0.9822,0,16,0
firefox,2026-10-06-fats-navarro-wail-8da30f,lick-practice,60,0.6,1,0.9443980158730172,0.9444,0,15,1,0.8888,1,15,1,0.8888,1,15,1,0.9471,0,15,1,0.9471,0,15,1,0.9471,0,15,1
firefox,2026-10-06-fats-navarro-wail-993f67,lick-practice,52,0.6,1,0.9470969939531378,0.9471,0,16,0,0.8914,1,16,0,0.8914,1,16,0,0.9471,0,16,0,0.8914,1,16,0,0.8914,1,16,0
firefox,2026-10-06-fats-navarro-wail-9d88ba,lick-practice,50,0.6,1,0.6528492693373644,0.6528,0,7,9,0.5803,2,7,9,0.5803,2,7,9,0.6528,0,7,9,0.5803,2,7,9,0.5803,2,7,9
firefox,2026-10-06-fats-navarro-wail-a08912,lick-practice,50,0.6,1,0.9876527462836996,0.9877,0,16,0,0.9877,0,16,0,0.9877,0,16,0,0.9877,0,16,0,0.9877,0,16,0,0.9877,0,16,0
firefox,2026-10-06-fats-navarro-wail-a3d8e3,lick-practice,50,0.6,1,0.9339169186192942,0.9339,0,15,1,0.8790,1,15,1,0.9339,0,15,1,0.9339,0,15,1,0.8790,1,15,1,0.9339,0,15,1
firefox,2026-10-06-fats-navarro-wail-a8ae29,lick-practice,50,0.6,1,0.5033264046359291,0.5329,0,4,12,0.4263,4,4,12,0.4263,4,4,12,0.5329,0,4,12,0.4263,4,4,12,0.4263,4,4,12
firefox,2026-10-06-fats-navarro-wail-b3b471,lick-practice,56,0.6,1,0.9855658306878261,0.9856,0,16,0,0.9856,0,16,0,0.9856,0,16,0,0.9856,0,16,0,0.9856,0,16,0,0.9856,0,16,0
firefox,2026-10-06-fats-navarro-wail-b437d8,lick-practice,54,0.6,1,0.983205387755103,0.9832,0,16,0,0.9254,1,16,0,0.9254,1,16,0,0.9832,0,16,0,0.9254,1,16,0,0.9254,1,16,0
firefox,2026-10-06-fats-navarro-wail-b4ccaa,lick-practice,53,0.6,1,0.9921284755290989,0.9921,0,16,0,0.9921,0,16,0,0.9921,0,16,0,0.9921,0,16,0,0.9921,0,16,0,0.9921,0,16,0
firefox,2026-10-06-fats-navarro-wail-b749e4,lick-practice,62,0.6,1,0.8493873247669372,0.8494,0,13,3,0.8494,0,13,3,0.8494,0,13,3,0.8280,0,12,4,0.8280,0,12,4,0.8280,0,12,4
firefox,2026-10-06-fats-navarro-wail-bbae9d,lick-practice,50,0.6,1,0.5483856135046654,0.5481,0,6,10,0.4176,5,6,10,0.4615,3,6,10,0.5481,0,6,10,0.4176,5,6,10,0.4615,3,6,10
firefox,2026-10-06-fats-navarro-wail-bce439,lick-practice,59,0.6,1,0.9886661864449438,0.9887,0,16,0,0.9887,0,16,0,0.9887,0,16,0,0.9887,0,16,0,0.9887,0,16,0,0.9887,0,16,0
firefox,2026-10-06-fats-navarro-wail-beba69,lick-practice,50,0.6,1,0.9931141345427056,0.9931,0,16,0,0.9931,0,16,0,0.9931,0,16,0,0.9931,0,16,0,0.9931,0,16,0,0.9931,0,16,0
firefox,2026-10-06-fats-navarro-wail-bff02f,lick-practice,54,0.6,1,0.9787357755101994,0.9787,0,16,0,0.9787,0,16,0,0.9787,0,16,0,0.9787,0,16,0,0.9787,0,16,0,0.9787,0,16,0
firefox,2026-10-06-fats-navarro-wail-d3b63e,lick-practice,63,0.6,1,0.9834536190476323,0.9835,0,16,0,0.9835,0,16,0,0.9835,0,16,0,0.9835,0,16,0,0.9835,0,16,0,0.9835,0,16,0
firefox,2026-10-06-fats-navarro-wail-d87e90,lick-practice,54,0.6,1,0.8811560408163273,0.8812,0,15,1,0.7832,2,15,1,0.7832,2,15,1,0.8812,0,15,1,0.7832,2,15,1,0.7832,2,15,1
firefox,2026-10-06-fats-navarro-wail-d9814a,lick-practice,53,0.6,1,0.987167078042327,0.9872,0,16,0,0.9291,1,16,0,0.9291,1,16,0,0.9872,0,16,0,0.9291,1,16,0,0.9291,1,16,0
firefox,2026-10-06-fats-navarro-wail-ec1a64,lick-practice,51,0.6,1,0.9866890294784573,0.9867,0,16,0,0.9867,0,16,0,0.9867,0,16,0,0.9867,0,16,0,0.9867,0,16,0,0.9867,0,16,0
firefox,2026-10-06-fats-navarro-wail-f0f910,lick-practice,50,0.6,1,0.6484728521038057,0.6485,0,7,9,0.6103,1,7,9,0.6103,1,7,9,0.6430,0,7,9,0.6052,1,7,9,0.6052,1,7,9
firefox,2026-10-06-fats-navarro-wail-f11d49,lick-practice,59,0.6,1,0.9770228485764713,0.9770,0,16,0,0.9770,0,16,0,0.9770,0,16,0,0.9770,0,16,0,0.9770,0,16,0,0.9770,0,16,0
firefox,2026-10-06-fats-navarro-wail-f14f56,lick-practice,50,0.6,1,0.9003911564625838,0.9004,0,14,2,0.8003,2,14,2,0.8003,2,14,2,0.8639,0,13,3,0.8131,1,13,3,0.8131,1,13,3
firefox,2026-10-06-flat-seven-neighbor-971934,ear-training,100,0.6,0,0.9598765432098766,0.9599,0,3,0,0.7199,1,3,0,0.7199,1,3,0,0.9599,0,3,0,0.7199,1,3,0,0.7199,1,3,0
firefox,2026-10-06-flat-third-fifth-bfec50,ear-training,100,0.6,0,0.9407407407407408,0.9407,0,2,0,0.6272,1,2,0,0.9407,0,2,0,0.9407,0,2,0,0.6272,1,2,0,0.9407,0,2,0
firefox,2026-10-06-fourth-fifth-21de62,ear-training,100,0.6,0,0.9398148148148149,0.9398,0,2,0,0.6265,1,2,0,0.9398,0,2,0,0.9398,0,2,0,0.6265,1,2,0,0.9398,0,2,0
firefox,2026-10-06-full-pent-down-67f810,ear-training,100,0.6,0,0.9875812547241118,0.9876,0,5,0,0.9876,0,5,0,0.9876,0,5,0,0.9876,0,5,0,0.9876,0,5,0,0.9876,0,5,0
firefox,2026-10-06-honeysuckle-rose-0582b2,lick-practice,165,0.6,1,0.9502657596372178,0.9503,0,5,0,0.9503,0,5,0,0.9503,0,5,0,0.9503,0,5,0,0.9503,0,5,0,0.9503,0,5,0
firefox,2026-10-06-honeysuckle-rose-073853,lick-practice,165,0.6,1,0.9416888888889248,0.9417,0,5,0,0.9417,0,5,0,0.9417,0,5,0,0.9417,0,5,0,0.9417,0,5,0,0.9417,0,5,0
firefox,2026-10-06-honeysuckle-rose-36acc4,lick-practice,165,0.6,1,0.9740226757369788,0.9740,0,5,0,0.9740,0,5,0,0.9740,0,5,0,0.9740,0,5,0,0.9740,0,5,0,0.9740,0,5,0
firefox,2026-10-06-honeysuckle-rose-375b9b,lick-practice,165,0.6,1,0.982120634920625,0.9821,0,5,0,0.9821,0,5,0,0.9821,0,5,0,0.9821,0,5,0,0.9821,0,5,0,0.9821,0,5,0
firefox,2026-10-06-honeysuckle-rose-60cca3,lick-practice,165,0.6,1,0.9505560090702784,0.9506,0,5,0,0.9506,0,5,0,0.9506,0,5,0,0.9506,0,5,0,0.9506,0,5,0,0.9506,0,5,0
firefox,2026-10-06-honeysuckle-rose-700435,lick-practice,165,0.6,1,0.9638566893424463,0.9639,0,5,0,0.9639,0,5,0,0.9639,0,5,0,0.9639,0,5,0,0.9639,0,5,0,0.9639,0,5,0
firefox,2026-10-06-honeysuckle-rose-80bea5,lick-practice,165,0.6,1,0.9521591836734783,0.9522,0,5,0,0.9522,0,5,0,0.9522,0,5,0,0.7552,0,4,0,0.7552,0,4,0,0.7552,0,4,0
firefox,2026-10-06-honeysuckle-rose-a052b6,lick-practice,165,0.6,1,0.9641469387755068,0.9641,0,5,0,0.9641,0,5,0,0.9641,0,5,0,0.9641,0,5,0,0.9641,0,5,0,0.9641,0,5,0
firefox,2026-10-06-honeysuckle-rose-a31350,lick-practice,165,0.6,1,0.9794721088435426,0.9795,0,5,0,0.9795,0,5,0,0.9795,0,5,0,0.9795,0,5,0,0.9795,0,5,0,0.9795,0,5,0
firefox,2026-10-06-honeysuckle-rose-ac61f5,lick-practice,165,0.6,1,0.9740594104308429,0.9741,0,5,0,0.9741,0,5,0,0.9741,0,5,0,0.9741,0,5,0,0.9741,0,5,0,0.9741,0,5,0
firefox,2026-10-06-honeysuckle-rose-c154ae,lick-practice,165,0.6,1,0.9642412698412499,0.9642,0,5,0,0.9642,0,5,0,0.9642,0,5,0,0.7791,0,4,0,0.7791,0,4,0,0.7791,0,4,0
firefox,2026-10-06-honeysuckle-rose-ce2fc5,lick-practice,165,0.6,1,0.9646766439909534,0.9647,0,5,0,0.9647,0,5,0,0.9647,0,5,0,0.9647,0,5,0,0.9647,0,5,0,0.9647,0,5,0
firefox,2026-10-06-sharp-9-flat-9-dom-138d71,lick-practice,141,0.6,1,0.9785105285966482,0.9785,0,9,0,0.9785,0,9,0,0.9785,0,9,0,0.8717,0,8,0,0.8717,0,8,0,0.8717,0,8,0
firefox,2026-10-06-sharp-9-flat-9-dom-26c019,lick-practice,141,0.6,1,0.973386465104561,0.9734,0,9,0,0.9734,0,9,0,0.9734,0,9,0,0.8646,0,8,0,0.8646,0,8,0,0.8646,0,8,0
firefox,2026-10-06-sharp-9-flat-9-dom-440464,lick-practice,141,0.6,1,0.9624423038548773,0.9624,0,9,0,0.9624,0,9,0,0.9624,0,9,0,0.7531,0,7,0,0.7531,0,7,0,0.7531,0,7,0
firefox,2026-10-06-sharp-9-flat-9-dom-46fb7c,lick-practice,141,0.6,1,0.9741333333333334,0.9741,0,9,0,0.9741,0,9,0,0.9741,0,9,0,0.8657,0,8,0,0.8657,0,8,0,0.8657,0,8,0
firefox,2026-10-06-sharp-9-flat-9-dom-54da59,lick-practice,141,0.6,1,0.9798517631645516,0.9799,0,9,0,0.9799,0,9,0,0.9799,0,9,0,0.9799,0,9,0,0.9799,0,9,0,0.9799,0,9,0
firefox,2026-10-06-sharp-9-flat-9-dom-55e616,lick-practice,141,0.6,1,0.9741053257748253,0.9741,0,9,0,0.9741,0,9,0,0.9741,0,9,0,0.8646,0,8,0,0.8646,0,8,0,0.8646,0,8,0
firefox,2026-10-06-sharp-9-flat-9-dom-5c7c40,lick-practice,141,0.6,1,0.9721695782313097,0.9722,0,9,0,0.9722,0,9,0,0.9722,0,9,0,0.9722,0,9,0,0.9722,0,9,0,0.9722,0,9,0
firefox,2026-10-06-sharp-9-flat-9-dom-616be6,lick-practice,141,0.6,1,0.8151593489544152,0.8152,0,7,2,0.7336,1,7,2,0.7336,1,7,2,0.6099,0,5,2,0.6099,0,5,2,0.6099,0,5,2
firefox,2026-10-06-sharp-9-flat-9-dom-71d847,lick-practice,141,0.6,1,0.9730359551524257,0.9730,0,9,0,0.9730,0,9,0,0.9730,0,9,0,0.9730,0,9,0,0.9730,0,9,0,0.9730,0,9,0
firefox,2026-10-06-sharp-9-flat-9-dom-79d107,lick-practice,141,0.6,1,0.9846074759385324,0.9846,0,9,0,0.9846,0,9,0,0.9846,0,9,0,0.9846,0,9,0,0.9846,0,9,0,0.9846,0,9,0
firefox,2026-10-06-sharp-9-flat-9-dom-8271d6,lick-practice,141,0.6,1,0.6440711997984145,0.6757,0,5,4,0.6082,1,5,4,0.6082,1,5,4,0.5168,0,3,6,0.5168,0,3,6,0.5168,0,3,6
firefox,2026-10-06-sharp-9-flat-9-dom-92bff3,lick-practice,141,0.6,1,0.9740418321995437,0.9740,0,9,0,0.9740,0,9,0,0.9740,0,9,0,0.8629,0,8,0,0.8629,0,8,0,0.8629,0,8,0
firefox,2026-10-06-sharp-9-flat-9-dom-94f90d,lick-practice,141,0.6,1,0.9879711201813692,0.9880,0,9,0,0.9880,0,9,0,0.9880,0,9,0,0.8807,0,8,0,0.8807,0,8,0,0.8807,0,8,0
firefox,2026-10-06-sharp-9-flat-9-dom-a7fe06,lick-practice,141,0.6,1,0.979226896447489,0.9792,0,9,0,0.9792,0,9,0,0.9792,0,9,0,0.9792,0,9,0,0.9792,0,9,0,0.9792,0,9,0
firefox,2026-10-06-sharp-9-flat-9-dom-a84932,lick-practice,141,0.6,1,0.980649465356513,0.9806,0,9,0,0.9806,0,9,0,0.9806,0,9,0,0.9806,0,9,0,0.9806,0,9,0,0.9806,0,9,0
firefox,2026-10-06-sharp-9-flat-9-dom-ae0395,lick-practice,141,0.6,1,0.9721772522045892,0.9722,0,9,0,0.9722,0,9,0,0.9722,0,9,0,0.8658,0,8,0,0.8658,0,8,0,0.8658,0,8,0
firefox,2026-10-06-sharp-9-flat-9-dom-b71428,lick-practice,141,0.6,1,0.9776213252708511,0.9776,0,9,0,0.9776,0,9,0,0.9776,0,9,0,0.9776,0,9,0,0.9776,0,9,0,0.9776,0,9,0
firefox,2026-10-06-sharp-9-flat-9-dom-c36a96,lick-practice,141,0.6,1,0.9913091030486288,0.9913,0,9,0,0.9913,0,9,0,0.9913,0,9,0,0.9913,0,9,0,0.9913,0,9,0,0.9913,0,9,0
firefox,2026-10-06-sharp-9-flat-9-dom-c93983,lick-practice,141,0.6,1,0.9769456245905765,0.9769,0,9,0,0.9769,0,9,0,0.9769,0,9,0,0.9769,0,9,0,0.9769,0,9,0,0.9769,0,9,0
firefox,2026-10-06-sharp-9-flat-9-dom-d142a6,lick-practice,141,0.6,1,0.8052238997228494,0.8052,0,7,2,0.7247,1,7,2,0.8052,0,7,2,0.5504,0,5,2,0.5504,0,5,2,0.5504,0,5,2
firefox,2026-10-06-sharp-9-flat-9-dom-dd82a8,lick-practice,141,0.6,1,0.9861520463592837,0.9862,0,9,0,0.9862,0,9,0,0.9862,0,9,0,0.9862,0,9,0,0.9862,0,9,0,0.9862,0,9,0
firefox,2026-10-06-sharp-9-flat-9-dom-e0bec0,lick-practice,141,0.6,1,0.6022647533384302,0.9661,0,9,0,0.8695,1,9,0,0.9661,0,9,0,0.6963,0,6,2,0.6963,0,6,2,0.6963,0,6,2
firefox,2026-10-06-sharp-9-flat-9-dom-e45b07,lick-practice,141,0.6,1,0.961103415469899,0.9611,0,9,0,0.8650,1,9,0,0.9611,0,9,0,0.9611,0,9,0,0.8650,1,9,0,0.9611,0,9,0
firefox,2026-10-06-sharp-9-flat-9-dom-f099b5,lick-practice,141,0.6,1,0.9772123073822245,0.9772,0,9,0,0.9772,0,9,0,0.9772,0,9,0,0.9772,0,9,0,0.9772,0,9,0,0.9772,0,9,0
firefox,2026-10-06-sonny-stitt-indiana-3090a9,lick-practice,50,0.6,1,0.5196926177878556,0.5618,0,8,14,0.4754,4,8,14,0.4944,3,8,14,0.5611,0,8,14,0.4938,3,8,14,0.5143,2,8,14
firefox,2026-10-06-sonny-stitt-indiana-850b0c,lick-practice,50,0.6,1,0.9271687395496919,0.9272,0,20,2,0.8869,1,20,2,0.8869,1,20,2,0.9263,0,20,2,0.8861,1,20,2,0.8861,1,20,2
firefox,2026-10-06-sonny-stitt-indiana-9d36a0,lick-practice,50,0.6,1,0.7039146567717985,0.7039,0,12,10,0.6453,2,12,10,0.6453,2,12,10,0.7039,0,12,10,0.6453,2,12,10,0.6453,2,12,10
firefox,2026-10-06-wouldn-t-it-be-loverly-0f69d3,lick-practice,150,0.6,1,0.9031088435374162,0.9031,0,9,1,0.9031,0,9,1,0.9031,0,9,1,0.8055,0,8,1,0.8055,0,8,1,0.8055,0,8,1
firefox,2026-10-06-wouldn-t-it-be-loverly-265fb1,lick-practice,150,0.6,1,0.9706485260770981,0.9706,0,10,0,0.9706,0,10,0,0.9706,0,10,0,0.8736,0,9,0,0.8736,0,9,0,0.8736,0,9,0
firefox,2026-10-06-wouldn-t-it-be-loverly-5b7def,lick-practice,150,0.6,1,0.8920294784580509,0.8920,0,9,1,0.8920,0,9,1,0.8920,0,9,1,0.7630,0,8,0,0.7630,0,8,0,0.7630,0,8,0
firefox,2026-10-06-wouldn-t-it-be-loverly-6c1f1e,lick-practice,150,0.6,1,0.9515510204081642,0.9516,0,10,0,0.9516,0,10,0,0.9516,0,10,0,0.8557,0,9,0,0.8557,0,9,0,0.8557,0,9,0
firefox,2026-10-06-wouldn-t-it-be-loverly-8d7073,lick-practice,150,0.6,1,0.8088231292517009,0.8088,0,8,1,0.8088,0,8,1,0.8088,0,8,1,0.8088,0,8,1,0.8088,0,8,1,0.8088,0,8,1
firefox,2026-10-06-wouldn-t-it-be-loverly-8f88d4,lick-practice,150,0.6,1,0.9628049886621315,0.9628,0,10,0,0.9628,0,10,0,0.9628,0,10,0,0.8677,0,9,0,0.8677,0,9,0,0.8677,0,9,0
firefox,2026-10-06-wouldn-t-it-be-loverly-affbd8,lick-practice,150,0.6,1,0.9813877551020416,0.9814,0,10,0,0.8178,2,10,0,0.8178,2,10,0,0.8966,0,9,1,0.7472,2,9,1,0.7472,2,9,1
firefox,2026-10-06-wouldn-t-it-be-loverly-c49eeb,lick-practice,150,0.6,1,0.9815328798185938,0.9815,0,10,0,0.9815,0,10,0,0.9815,0,10,0,0.8831,0,9,0,0.8831,0,9,0,0.8831,0,9,0
firefox,2026-10-06-wouldn-t-it-be-loverly-d44657,lick-practice,150,0.6,1,0.869784580498866,0.8698,0,9,0,0.8698,0,9,0,0.8698,0,9,0,0.8698,0,9,0,0.8698,0,9,0,0.8698,0,9,0
firefox,2026-10-06-wouldn-t-it-be-loverly-def5f0,lick-practice,150,0.6,1,0.9118458049886626,0.9142,0,9,1,0.9142,0,9,1,0.9142,0,9,1,0.8131,0,8,1,0.8131,0,8,1,0.8131,0,8,1
firefox,2026-10-06-wouldn-t-it-be-loverly-ede737,lick-practice,150,0.6,1,0.8753287981859394,0.8753,0,9,0,0.8753,0,9,0,0.8753,0,9,0,0.7766,0,8,0,0.7766,0,8,0,0.7766,0,8,0
firefox,2026-10-06-wouldn-t-it-be-loverly-fee8af,lick-practice,150,0.6,1,0.9650975056689339,0.9651,0,10,0,0.9651,0,10,0,0.9651,0,10,0,0.8673,0,9,1,0.8673,0,9,1,0.8673,0,9,1
firefox,2026-10-07-blue-shake-a55e5b,ear-training,100,0.6,0,0.975124716553288,0.9751,0,5,0,0.9751,0,5,0,0.9751,0,5,0,0.9751,0,5,0,0.9751,0,5,0,0.9751,0,5,0
firefox,2026-10-07-blue-shake-d19422,ear-training,100,0.6,0,0.6151851851851853,0.6152,0,2,3,0.5127,1,2,3,0.6152,0,2,3,0.6152,0,2,3,0.5127,1,2,3,0.6152,0,2,3
firefox,2026-10-07-climb-and-cry-d6ea28,ear-training,100,0.6,0,0.9918997228521038,0.9919,0,6,0,0.9919,0,6,0,0.9919,0,6,0,0.9919,0,6,0,0.9919,0,6,0,0.9919,0,6,0
firefox,2026-10-07-four-to-five-3174e3,ear-training,100,0.6,0,0.9445735701688083,0.9446,0,4,0,0.9446,0,4,0,0.9446,0,4,0,0.9446,0,4,0,0.9446,0,4,0,0.9446,0,4,0
firefox,2026-10-07-fourth-fifth-push-8c9d34,ear-training,100,0.6,0,0.9579617031997985,0.9580,0,2,0,0.9580,0,2,0,0.9580,0,2,0,0.9580,0,2,0,0.9580,0,2,0,0.9580,0,2,0
firefox,2026-10-07-root-climb-057ad6,ear-training,100,0.6,0,0.9970370370370369,0.9970,0,5,0,0.9970,0,5,0,0.9970,0,5,0,0.9970,0,5,0,0.9970,0,5,0,0.9970,0,5,0
firefox,2026-10-07-sixth-flavor-9f81a7,ear-training,100,0.6,0,0.9815469891660368,0.9815,0,5,0,0.9815,0,5,0,0.9815,0,5,0,0.9815,0,5,0,0.9815,0,5,0,0.9815,0,5,0
firefox,2026-10-07-up-and-over-3a04cc,ear-training,100,0.6,0,0.9898841017888637,0.9899,0,6,0,0.9899,0,6,0,0.9899,0,6,0,0.9899,0,6,0,0.9899,0,6,0,0.9899,0,6,0
